temperature,pressure,rpm,vibration,battery_voltage,battery_current,battery_temp,fault_count,engine_health,battery_health,vehicle_health,ml_health_score,trip_readiness,health_class,health_class_id,failure
89.5707562,27.28829412,2702.563608,0.168290346,12.06014359,33.72273588,23.63213509,9,80,77.73092292,79.31927688,14.650763,65.13775071,Good,1,0
69.40023841,26.00473373,3216.174722,0.697599508,12.86189284,35.8630325,33.7429054,1,80,100,86,19.137293,89.6,Good,1,0
96.25676794,32.60405894,2718.657005,0.244554986,12.63516718,53.79452358,38.64729137,2,87.48646413,100,91.24052489,14.506186,90.74431493,Excellent,0,0
99.10847075,31.51112649,4291.065333,0.441129183,12.85968126,68.0817792,17.10325978,9,46.55313966,100,62.58719776,2.3267925,59.55231866,Warning,2,0
55.73447217,21.57125071,3643.829962,0.740805772,13.02389085,26.68086147,34.46398292,3,66.28500286,100,76.399502,24.863546,79.8397012,Good,1,0
65.4673074,36.73606953,2253.977788,0.587543146,12.09086452,46.04104736,23.77735913,5,70.8304569,78.99816133,73.28076823,25.600946,69.7680932,Warning,2,0
86.91760605,29.43483255,2245.578053,0.740805772,12.99958866,45.11526737,37.34620165,4,75,100,82.5,21.381533,81.5,Good,1,0
80.25636111,23.33441343,2875.757376,0.133431333,11.81379774,58.3591821,34.80599214,2,93.33765371,67.56915667,85.6071046,19.30874,80.8780941,Good,1,0
84.74798264,37.13270469,1829.584656,0.043794781,12.69844013,49.8260326,42.43501602,5,90,100,93,12.938285,85.8,Excellent,0,0
72.20434109,33.75405343,3433.030645,0.108237029,12.20266491,39.08232832,45.6682293,7,80,81.33794808,80.40138442,13.831579,70.50842027,Good,1,0
98.19096962,22.41274805,2789.280417,0.021222356,12.02787994,74.97131562,39.58989899,0,73.26905295,76.40004765,74.20835136,99.580505,79.80502034,Warning,2,0
96.66687903,40.66309704,2705.167129,0.030744972,12.64578795,39.21485037,43.60393589,8,66.66624194,100,76.66636936,16.85328,69.99982161,Good,1,0
85.99046046,33.95278421,3049.562934,0.005628659,12.77798061,44.15807274,31.49657524,1,100,100,100,19.392086,98,Excellent,0,0
101.9086181,29.93882331,3878.263907,0.000366671,12.76610735,18.17004728,61.51969806,9,60,66,61.8,1.3866603,52.28,Warning,2,0
92.01264013,39.54131283,2636.764282,0.5791174,12.48594396,35.72748246,22.81180904,9,57.3668931,95.29518817,68.74538162,5.7611647,62.3062666,Warning,2,0
72.11061306,30.9557867,2409.567703,0.740805772,12.45278292,60.32152153,29.72244222,9,60,93.92729547,70.17818864,7.2017136,62.89237228,Warning,2,0
90.53126176,29.83150155,3706.975699,0.279856664,12.61074663,56.41203913,44.01358583,6,83.93747648,100,88.75623353,13.435298,81.25374012,Good,1,0
70.61676099,26.0381993,3274.040333,0.215346619,12.52150563,61.9903398,42.52721305,9,80,96.76210725,85.02863217,15.246505,72.36960075,Good,1,0
98.17675452,33.49110264,2243.216128,0.169153766,12.61654234,61.01964572,39.87389019,8,63.64649096,100,74.55254367,16.54427,68.7315262,Warning,2,0
84.25111134,32.8596178,2504.149159,0.740805772,12.48159978,91.75428073,41.75318658,6,65,75.72142791,68.21642837,11.028129,64.07414261,Warning,2,0
82.22706455,30.08808084,2656.304733,0.097088612,12.73711353,35.04282345,14.16442845,8,80,100,86,19.783419,75.6,Good,1,0
74.78605683,25.26008188,2789.450356,0.380362609,11.74911688,17.61152513,50.89298695,3,94.64249276,46.96384439,80.33889825,21.291887,71.59610783,Good,1,0
103.3381201,30.77957912,1414.720119,0.068488622,12.34749061,28.98894008,32.96109041,8,60,89.58398766,68.8751963,2.3858488,63.24191531,Warning,2,0
82.68205777,29.58120729,1266.012314,0.069999995,11.8464614,35.92696328,47.45894182,9,80,60.55613065,74.1668392,6.121242,58.61132965,Warning,2,0
78.57508267,21.99915409,1790.087982,0.307291038,12.51068081,30.51346127,14.66473421,6,72.51054715,96.31558329,79.65205799,22.15603,75.05435145,Good,1,0
79.71799674,21.16912589,1728.209246,0.3622931,13.05677207,51.87321695,37.56568503,1,80.52363021,100,86.36654115,24.402285,89.81992469,Good,1,0
92.98463778,33.39092027,1984.940789,0.030850996,12.21036609,75.05309811,29.36497721,2,94.03072443,83.9276011,90.99978743,17.961098,87.38539268,Excellent,0,0
90.48166097,14.38867011,3007.768514,0.267936224,12.45090081,80.79318146,40.72120152,1,69.03667807,92.54090909,76.08794738,17.470497,82.16095024,Good,1,0
91.19098917,31.23246316,2364.856675,0.252440861,12.70259469,60.08617004,38.17070452,5,87.61802165,100,91.33261516,17.470497,84.79956909,Excellent,0,0
91.46231505,27.13150165,2657.115684,0.054173022,11.57291083,92.82544431,38.66047797,4,92.07536991,45.83801689,78.204164,17.09106,68.09010178,Good,1,0
117.124714,37.84947964,1520.557272,0.640132768,12.19115581,42.87253887,24.41058312,8,30,83.13517704,45.94055311,2.0158052,48.19136728,Critical,3,1
78.90377475,27.03919075,2130.686238,0.169733278,12.54580626,17.34961916,34.43030879,2,100,97.76450838,99.32935251,19.392086,95.15051318,Excellent,0,0
77.31635906,33.95690529,2969.806129,0.105517676,11.32769981,71.06356136,33.19832952,1,100,67,90.1,19.657219,85.46,Excellent,0,0
72.79340908,27.61851695,2975.961967,0.103125168,12.0092766,13.22811217,39.95310042,6,85,75.63265986,82.18979796,19.30874,72.44041075,Good,1,0
94.23969134,30.68248892,1920.340937,0.106907255,12.84034319,34.89993955,44.89296995,1,91.52061732,100,94.06443213,16.85328,94.43865928,Excellent,0,0
101.9345844,34.42101919,2629.329909,0.012506341,12.80119876,60.40224465,36.50475922,9,60,100,72,2.515155,65.2,Warning,2,0
83.29078814,27.2246657,4259.078283,0.349212564,12.54972729,47.9523704,22.23827712,0,91.53759678,97.92625075,93.45419297,99.74526,95.65776593,Excellent,0,0
72.39765285,35.97932931,2485.921657,0.740221932,12.75287906,46.18094474,36.0757881,4,75,100,82.5,19.137293,81.5,Good,1,0
72.63278176,24.03781274,1945.450443,0.537544854,12.48604169,26.38419934,61.11076228,9,60.31492733,61.29921987,60.61021509,1.8435776,50.62597303,Warning,2,0
94.75889182,31.76755706,2360.990089,0.115267525,12.62215796,49.78395221,51.46005327,5,80.48221637,78.03581888,79.74829712,13.129557,73.45614205,Good,1,0
96.14881257,35.53583834,2573.741686,0.315558768,12.27373852,70.07324977,10,8,66.6651237,86.5417138,72.62810073,16.134876,64.8852032,Warning,2,0
93.14731402,33.96022495,2379.065295,0.102750797,12.44632507,50.39935833,35.63343154,4,88.70537195,93.66090927,90.19203315,16.54427,84.84740174,Excellent,0,0
75.01735439,41.49866926,2474.916239,0.03985058,12.14705185,33.39548241,44.32119525,7,80,81.31588862,80.39476659,17.475641,70.50003768,Good,1,0
88.48241985,25.4193641,1345.242562,0.114135968,12.90539334,25.04923079,33.17672987,7,80,100,86,17.713797,77.6,Good,1,0
86.75028714,21.72510449,1729.89562,0.117022722,13.00862376,33.80810834,30.3990908,5,76.90041797,100,83.83029258,19.392086,80.29817555,Good,1,0
88.28032895,24.03398935,2380.53181,0.049083589,12.95196512,57.84667505,32.33035785,1,96.1359574,100,97.29517018,19.392086,96.37710211,Excellent,0,0
98.07143167,33.9626554,2367.785624,0.125567566,12.2367565,56.87204525,40.52189485,9,63.85713666,85.01620543,70.20485729,6.8177643,61.12615546,Warning,2,0
88.35393323,32.98753761,2047.04858,0.149946749,12.01849038,33.98985799,23.51530026,0,100,76.01272835,92.80381851,99.68493,90.88483677,Excellent,0,0
95.18370345,30.61353996,2358.389131,0.073764852,12.91078946,5.78481156,46.88688652,3,89.63259311,93.58458585,90.81819093,16.85328,87.20783173,Excellent,0,0
86.01368604,23.26225771,2548.811884,0.013689917,12.61756288,58.40025527,34.44007008,6,78.04903082,100,84.63432158,17.713797,78.78059295,Good,1,0
89.33679098,34.60120376,3211.530765,0.063082651,12.53143374,32.04585202,25.64975726,7,80,97.17164164,85.15149249,19.392086,76.52522382,Good,1,0
94.46932339,22.65177133,2420.630612,0.513342024,12.14654717,63.78124958,46.24350161,5,57.44563696,77.06716511,63.3320954,3.8787603,63.41269027,Warning,2,0
63.1426627,36.95369749,2819.282564,0.203846189,12.57026553,34.87780716,19.54869095,4,95,98.77345291,96.13203587,20.457024,89.43391211,Excellent,0,0
80.20493175,46.27618223,2066.719759,0.09438523,11.96588878,30.24199093,29.44789903,4,95,73.84291202,88.6528736,19.657219,79.96030657,Good,1,0
77.94441019,32.19870688,2957.676579,0.074161621,12.65362494,53.06343815,29.28324935,9,80,100,86,19.392086,73.6,Good,1,0
75.41683228,33.49864881,2800.584238,0.255021256,12.95155468,97.1539846,56.43941938,3,100,37.69592541,81.30877762,17.715132,70.32445166,Good,1,0
80.87286623,27.04284139,3192.653603,0.050136138,13.05241822,64.98059982,28.14979231,8,80,100,86,19.392086,75.6,Good,1,0
107.4241197,19.13872007,3070.76837,0.060994384,12.68340962,52.72438598,13.45034779,0,60,100,72,99.43082,83.2,Warning,2,0
72.01253326,26.38368382,2970.988498,0.441139554,11.84719138,57.17703073,29.18184885,6,75.59069643,68.94664443,73.59748083,21.44745,65.94781738,Warning,2,0
99.52417532,23.44262855,2421.266073,0.142719649,12.47893205,14.97768277,39.55550347,6,59.72216358,95.00594716,70.30729865,3.5469651,69.18556862,Warning,2,0
59.75695343,21.31797254,2695.951382,0.042277643,13.2558727,27.55319258,42.84084547,6,70.27189017,100,79.19032312,19.392086,75.51419387,Good,1,0
79.97672455,40.33415965,3350.807143,0.006781411,12.05255536,0,57.76539693,4,95,43.41790876,79.52537263,16.708267,68.39880533,Good,1,0
87.44129598,31.63717511,1978.340344,0.740805772,12.37632737,84.59747789,49.06897571,6,65,69.35314811,66.30594443,6.005245,61.65419628,Warning,2,0
93.79333497,32.27812548,1997.273777,0.000516067,12.96540974,80.54772058,36.87922594,4,87.41333006,99.09626104,90.91820935,12.938285,86.37017782,Excellent,0,0
95.6683987,28.14586581,2645.145118,0.180819265,12.64685357,57.85637052,26.08584532,5,78.66320261,100,85.06424182,14.993679,81.03854509,Good,1,0
96.90020853,28.96277351,2832.223752,0.25377097,13.39206253,52.70230206,51.24027431,8,66.19958294,78.78306733,69.97462826,8.109415,61.74139042,Warning,2,0
79.76912392,35.78730409,1840.714801,0.194113847,12.10685225,18.96819995,31.3143645,6,85,79.65765518,83.39729655,19.30874,73.96990897,Good,1,0
78.06472311,29.80597729,2440.189949,0.117478166,12.00409769,45.61400079,28.41842764,7,80,75.41902954,78.62570886,19.657219,68.25923122,Good,1,0
97.86963822,33.18416363,2424.800981,0.460891613,12.88965017,85.84783757,30.82926198,9,53.534616,90.35106801,64.5795516,2.456969,58.81794457,Warning,2,0
82.13043513,28.82397421,727.7759075,0.512272764,11.92164855,52.62831996,22.47711761,2,85.84848238,72.01800263,81.69933845,25.600946,79.4232036,Good,1,0
65.86470515,27.94708266,2324.324809,0.123420019,12.3212928,38.70707068,30.34979909,5,90,88.50332818,89.55099846,20.138336,81.43126471,Good,1,0
68.00069179,21.55851501,2374.145734,0.170188769,12.37374138,14.8385868,32.6689167,6,71.23406003,90.66683201,77.06389162,20.138336,72.37170137,Good,1,0
71.20821571,18.13350563,2371.765646,0.17209299,12.81439579,77.60611455,42.30656606,6,65,100,75.5,19.392086,73.3,Good,1,0
92.45741116,28.43062859,3632.73142,0.266668218,12.64570719,48.59832398,31.11911665,1,95.08517768,100,96.55962437,17.86177,95.93577462,Excellent,0,0
87.13638604,30.33898015,1527.361361,0.05250611,12.58282597,14.86532293,22.32540758,7,80,99.29157108,85.78747133,19.392086,77.33079701,Good,1,0
95.35728031,22.28321978,1840.301943,0.015671447,12.23902765,31.51468636,18.96227845,1,78.4183185,85.10989051,80.4257901,19.657219,83.27745216,Good,1,0
78.5912103,29.79315081,500,0.129222132,12.88600161,24.44923965,37.09569748,4,95,100,96.5,19.392086,89.9,Excellent,0,0
87.37809537,30.32251538,2115.266667,0.026330936,13.46987961,47.36512949,35.72625853,7,80,100,86,17.233616,77.6,Good,1,0
94.38385591,17.06395196,2183.485157,0.150572267,12.67651284,54.14677939,29.45687289,2,71.23228818,100,79.86260173,17.713797,83.91756104,Good,1,0
80.3598019,24.50925204,2092.018259,0.376484864,12.43986888,39.93565871,30.3254354,1,92.93801725,93.39459142,93.0749895,24.402285,92.52391198,Excellent,0,0
91.85162856,32.44358336,3386.141872,0.145225554,11.88085481,65.54093193,38.88486933,6,81.29674287,70.33526098,78.0082983,17.09106,68.87203118,Good,1,0
75.07111088,32.32235238,3188.494018,0.179774238,12.14500742,51.57604481,48.90546254,2,100,67.95298346,90.38589504,17.09106,83.82213372,Excellent,0,0
79.5541923,23.0779505,2562.285379,0.213187763,12.31451591,71.24624771,27.19855416,8,72.31180201,88.22378114,77.08539575,19.701874,67.89599368,Good,1,0
79.27393159,30.9506883,2203.509557,0.319079493,12.1861599,42.85611844,35.88902836,8,78.72803378,82.92909604,79.98835246,21.639776,68.57883068,Good,1,0
67.06240532,36.13444335,3320.951734,0.198749181,12.39356887,103.2034723,44.58270404,3,100,58.48471573,87.54541472,19.657219,78.22419198,Good,1,0
92.30458721,34.66243775,2484.193712,0.13011607,13.11120643,38.71022553,27.2388571,7,75.39082558,100,82.7735779,19.392086,75.66414674,Good,1,0
77.9589649,29.42828528,1845.383969,0.124942264,12.89886677,31.93340016,34.84367885,2,100,100,100,19.392086,96,Excellent,0,0
85.18741178,27.19214212,1127.001058,0.048522079,12.33646691,29.473989,34.62004397,9,80,89.12926018,82.73877805,19.392086,69.46911887,Good,1,0
92.21119988,26.22393309,2146.948405,0.128177996,11.91668802,45.78118547,21.88704765,2,95.57760023,71.81338091,88.44833444,19.657219,83.43167684,Good,1,0
91.69796764,32.8069187,3103.714894,0.333080246,12.93494706,15.60927818,36.68498795,8,74.39871499,100,82.07910049,20.407671,73.24746029,Good,1,0
94.98077663,31.17062384,4321.230952,0.11715492,12.38037829,55.89125688,35.31544679,7,63.6138277,90.94060449,71.81186074,11.685449,67.27523734,Warning,2,0
83.52271773,33.77642404,2549.288277,0.102120773,11.70939983,11.89392461,40.5508425,3,100,67,90.1,17.09106,81.46,Excellent,0,0
78.65052532,30.79124288,1887.715588,0.186301891,12.68497205,53.23341848,23.13113525,8,80,100,86,20.138336,75.6,Good,1,0
83.80422684,34.9125837,1552.027833,0.041623299,12.81027467,22.97496512,35.09970385,6,85,100,89.5,19.392086,81.7,Good,1,0
59.68998349,30.5675552,2941.563917,0.020828525,11.42963664,42.37413185,48.81734064,6,85,54.02104184,75.70631255,14.256514,64.2279959,Good,1,0
63.29331291,34.7081323,1088.307158,0.292384022,12.07017814,62.09080798,55.77499832,3,100,44.1448484,83.24345452,17.715132,72.77504239,Good,1,0
65.15950581,35.22493662,2940.276081,0.076792975,12.3558184,96.08075368,47.80129269,2,100,53.8698701,86.16096103,19.657219,78.47055064,Good,1,0
70.04129759,25.17284022,3154.169285,0.068317503,12.69380436,28.43998958,23.22928494,6,85,100,89.5,20.138336,81.7,Good,1,0
90.9966134,19.15113572,2849.023563,0.463618169,12.19370137,46.99365101,39.51052682,0,67.09889526,83.24018135,71.94128109,99.74884,79.81280492,Warning,2,0
71.41781417,39.26095714,2324.270662,0.543386009,12.06714324,35.5248265,30.16853425,3,83.77426608,78.01965862,82.04788384,25.600946,78.83266203,Good,1,0
79.32756169,31.53995238,2951.952523,0.157867843,12.6908677,32.60259355,37.83900593,1,100,100,100,19.392086,98,Excellent,0,0
104.4884245,19.71308463,2636.750697,0.223266786,12.21267105,35.7005334,27.27783294,0,60,84.02268084,67.20680425,99.4761,77.12861872,Warning,2,0
79.65604043,25.71708302,1877.500927,0.740805772,12.61682186,66.48132951,17.86526558,0,80,100,86,99.73955,91.6,Good,1,0
96.06273353,34.63124575,3980.329858,0.114605452,11.95539374,40.23888272,31.55482761,0,87.87453295,73.40999169,83.53517057,99.685196,84.80310068,Good,1,0
70.9957348,28.32193901,2218.656496,0.444672346,11.85906679,94.98625397,42.22602697,9,70.35517691,44.70918614,62.66137968,10.304541,48.53866504,Warning,2,0
81.91843663,26.92763148,3120.60184,0.296239341,12.70210766,58.31958512,37.87999755,7,80,100,86,18.861294,77.6,Good,1,0
70.74966918,38.40529116,565.1085738,0.674047843,12.50100796,29.79978678,39.0294786,9,60,95.91657852,70.77497356,5.7611647,63.64829984,Warning,2,0
79.91450386,23.71627712,3521.176706,0.057620196,12.76898229,42.66589636,37.16350323,0,94.86510849,100,96.40557594,99.67241,97.84334556,Excellent,0,0
97.60462206,25.21107985,3675.010996,0.367779292,12.1869628,33.9630602,39.04527475,9,60.27213641,82.96221548,67.07916013,1.8854082,58.83993918,Warning,2,0
59.09019365,31.26831885,2523.86703,0.038678144,12.08195788,66.00137306,40.29511759,5,90,78.63076251,86.58922875,20.052576,77.67968975,Good,1,0
91.51635465,32.34272959,2947.016828,0.366767201,12.94428756,17.22440687,32.25318571,7,72.51614393,100,80.76130075,21.460415,74.45678045,Good,1,0
88.56603403,32.97805821,2946.812145,0.08670765,11.79081649,23.18097239,35.82890561,8,80,67,76.1,12.287563,63.06,Good,1,0
76.08775066,35.46742827,1985.773144,0.012897539,12.90058428,38.16907763,52.43258375,2,100,74.72921525,92.41876458,17.09106,86.3971018,Excellent,0,0
63.30913218,31.19147172,2937.697844,0.39435045,12.92820188,63.65893586,36.42031029,7,73.70997001,100,81.59697901,25.280869,74.9581874,Good,1,0
86.08194262,32.93630363,1853.095624,0.011880459,12.74403581,74.6612055,35.42563496,6,85,100,89.5,17.713797,81.7,Good,1,0
77.05760936,28.44474444,2012.994461,0.417590594,12.12487699,77.61084382,36.02884507,4,87.16062707,80.40117597,85.13279174,24.714924,79.15991024,Good,1,0
88.49014317,30.37618982,3401.554515,0.047850731,12.07339047,60.5960304,32.82091482,4,95,78.27735669,89.98320701,17.961098,81.64539554,Good,1,0
85.32778218,30.64520508,3279.726153,0.18595436,12.31597769,48.34220927,30.64644036,2,100,88.28407975,96.48522392,19.392086,91.5479503,Excellent,0,0
109.0266834,31.29058881,1934.899598,0.007356121,11.88198413,65.89251625,37.08678524,1,80,70.38184533,77.1145536,17.09106,78.34510123,Good,1,0
81.40966559,34.63523885,1913.138925,0.017451262,12.0153224,27.10998765,29.94284798,9,80,75.88204902,78.76461471,14.256514,64.43517863,Good,1,0
69.64753761,33.33087409,1983.522718,0.065883653,12.65789372,13.10685556,33.54485071,7,80,100,86,19.392086,77.6,Good,1,0
87.68913452,30.26530202,3086.111653,0.100254652,12.65973965,58.73275155,27.09485293,5,90,100,93,19.392086,85.8,Excellent,0,0
88.29995026,25.14524409,1700.012175,0.043122971,11.98017007,29.88643166,36.08011805,6,85,74.43201536,81.82960461,17.09106,71.98416584,Good,1,0
105.3878136,30.40602755,2785.370111,0.026735698,12.67044877,48.69386536,40.84194944,4,75,100,82.5,16.85328,81.5,Good,1,0
97.52666869,29.83189329,3097.477449,0.03426962,12.58172132,52.39254032,32.8808514,2,84.94666262,99.24600454,89.2364652,16.85328,89.39108003,Good,1,0
90.35306589,31.15908948,2429.40364,0.149216799,13.0039545,54.96239118,14.91621563,9,79.29386823,100,85.50570776,20.138336,73.30342465,Good,1,0
106.9495434,43.23915184,3308.050957,0.013327538,12.62765458,68.75583077,40.90371544,9,60,100,72,2.515155,65.2,Warning,2,1
67.16855419,26.85736333,2256.551864,0.539360255,12.82343242,66.64150377,36.20183843,2,84.04264964,100,88.82985475,24.402285,89.29791285,Good,1,0
75.40372701,32.53373411,2328.915519,0.552264127,12.59083104,53.90000134,25.0676855,8,63.18239156,99.62178025,74.11420817,24.863546,68.39288095,Warning,2,0
71.10136088,36.4107724,1718.203015,0.014723717,12.79197164,41.15969439,42.73270242,4,95,100,96.5,19.047188,89.9,Excellent,0,0
79.15285295,30.58801148,3313.741878,0.275368565,11.88515314,52.15524177,21.01574799,7,80,70.51256692,77.15377007,17.208237,66.39477543,Good,1,0
64.34970779,44.02707072,1886.783642,0.256713316,12.35130222,38.07579167,45.45407615,1,100,88.19735754,96.45920726,21.096188,93.51499586,Excellent,0,0
94.5272642,27.73176425,2779.817454,0.180401997,12.38440689,46.07142156,34.4263338,4,85.9454716,91.10678432,87.49386541,16.85328,82.71767611,Good,1,0
81.66665954,31.94453533,2442.947146,0.063803579,12.30250002,102.3634685,12.31134925,1,100,54.72812588,86.41843776,20.411087,80.79668783,Good,1,0
62.93790558,25.20716553,1657.77355,0.181166008,12.57755465,53.64379402,36.78329587,8,80,99.0741294,85.72223882,20.138336,75.24816917,Good,1,0
69.76631378,27.89085159,2012.717485,0.427680464,12.65375186,59.00490034,30.93807632,3,91.48796906,100,94.04157834,25.280869,90.42494701,Excellent,0,0
89.70270771,31.49360346,3606.297791,0.076602666,12.55690283,35.89038702,29.43150708,2,100,98.22224177,99.46667253,19.392086,95.32445187,Excellent,0,0
97.57189852,35.07782437,2661.326034,0.349275885,12.32922245,70.40146833,27.62274239,6,66.57114395,88.83042596,73.24892856,21.837223,69.71544232,Warning,2,0
114.9509634,31.914569,1692.679727,0.138641168,12.10570797,65.20544845,33.72784209,9,50,79.61045368,58.8831361,1.2731314,53.2519724,Critical,3,1
123.6783703,37.5546891,2744.26263,0.495015515,12.83887443,65.34705109,30.14811319,3,56.99896569,100,69.89927598,6.278801,75.93956559,Warning,2,0
91.2161415,29.43020814,2383.108775,0.213373889,12.53989313,54.29782494,16.43309757,7,77.567717,97.52059147,83.55357934,20.457024,75.6362659,Good,1,0
70.1569282,28.00698882,4612.341159,0.387741732,11.99255446,70.68380192,47.72067887,6,66.903728,65.69256319,66.54037856,8.216119,61.06273977,Warning,2,0
53.01930579,46.22391064,2728.099073,0.67434436,12.32252498,75.43370393,32.55642344,4,75,88.55415556,79.06624667,26.473278,77.15057911,Good,1,0
89.01567194,32.3654259,2195.500122,0.126161063,11.70268013,55.66197839,27.68064984,8,80,67,76.1,14.256514,63.06,Good,1,0
72.80588357,25.68311072,3636.022334,0.251225346,12.41414825,47.70775282,23.71576317,1,100,92.33361514,97.70008454,20.8457,95.08677375,Excellent,0,0
78.7696411,25.83441743,1027.171066,0.740805772,12.32064802,67.8914198,42.70732067,8,60,88.47673095,68.54301928,4.526937,62.82115776,Warning,2,0
75.81854801,24.34392051,2575.456125,0.740805772,12.17021322,31.91749387,22.01568031,4,72.37568205,82.27129532,75.34436603,20.146257,73.66087868,Good,1,0
82.8881367,35.61941614,4095.542796,0.184499287,13.03384008,35.64079439,36.33987302,0,98.08914409,100,98.66240086,99.563484,99.19744052,Excellent,0,0
100.9897035,27.81373624,2407.040573,0.638558978,11.93753835,48.93399314,29.16350998,9,40,72.67345703,49.80203711,2.0158052,46.41591367,Critical,3,0
87.35572851,30.76417485,1113.359164,0.101822921,12.68255718,15.17285863,29.74580339,7,80,100,86,14.993679,77.6,Good,1,0
82.62047744,29.61894795,2183.265628,0.114629467,13.27468326,66.55190547,23.96440469,8,80,100,86,14.993679,75.6,Good,1,0
69.46519371,34.38895445,3663.614433,0.61734205,12.83090716,30.74172225,28.79680567,1,80,100,86,24.863546,89.6,Good,1,0
59.87975583,24.91953544,2800.855677,0.22182315,12.38738449,40.57017957,35.08812392,7,79.67814177,91.2296101,83.14358227,20.481514,74.13207138,Good,1,0
77.70538136,23.54656628,1828.915112,0.398577428,11.94637254,45.73440809,37.35312226,6,72.61443662,73.03786745,72.74146587,20.665247,66.25245301,Warning,2,0
84.19326174,31.34578384,1951.805754,0.103185706,11.85517513,50.78573643,27.14407519,9,80,69.27597409,76.78279223,14.256514,61.92487015,Good,1,0
111.5189487,33.60575571,2052.239783,0.365925572,12.23537932,43.12693447,34.09065598,3,65.60496186,84.95939703,71.41129241,18.53739,73.83865485,Warning,2,0
86.95411782,31.99519388,2788.958307,0.428887161,12.12519971,48.65257906,43.88454431,9,71.40752258,80.41448789,74.10961217,15.822512,62.54866488,Warning,2,0
99.74109267,25.14327763,3570.556906,0.110270641,12.11218124,48.80744735,18.37371443,7,60.51781467,79.877476,66.32571307,12.315691,61.77092304,Warning,2,0
77.51056602,34.06490905,3341.93841,0.160878564,12.26947462,41.05938085,34.93731026,2,100,86.36582798,95.9097484,19.657219,90.81901463,Excellent,0,0
67.2258435,25.53683444,2864.809746,0.091073857,12.35910116,34.53611085,25.49216055,2,100,90.06292297,97.01887689,20.138336,92.22391073,Excellent,0,0
70.52324857,26.87076813,1434.684192,0.487792564,12.59408478,71.62947849,24.47315828,9,67.48049576,99.75599714,77.16314617,25.280869,68.24908713,Good,1,0
74.12160903,24.33627885,1437.653989,0.269394963,11.90488151,7.911885955,37.61011513,6,82.34511541,71.32636238,79.0394895,20.351988,69.68896617,Good,1,0
116.927046,37.80695009,2926.601617,0.040748649,12.12710248,45.88569682,29.54748531,1,70,80.49297736,73.14789321,17.09106,77.9873314,Warning,2,0
72.67919981,33.80052925,1423.623122,0.696738561,12.33613117,40.62201056,22.83196874,1,80,89.11541063,82.73462319,24.863546,85.46385604,Good,1,0
97.57733806,33.62996025,2319.546383,0.23770164,12.32180592,58.37582973,48.24283192,8,64.84532389,77.49886578,68.64138645,6.9537106,60.68460503,Warning,2,0
71.45609233,37.48326853,2743.320357,0.111948422,13.13456948,20.91414407,44.20089514,1,100,100,100,19.047188,98,Excellent,0,0
98.97359519,46.27618223,1589.924804,0.221028332,12.49289864,40.00429318,15.67694044,2,82.05280961,95.58206878,86.11158736,19.725693,86.78336617,Good,1,0
90.77426449,19.74464338,1680.590133,0.054216848,11.75456408,47.95280532,20.25571872,6,63.45147102,67,64.51602971,7.8868628,60.10961783,Warning,2,0
82.65043154,25.56974051,2424.703148,0.084820491,12.56727254,71.40147221,40.93457071,8,80,98.64999247,85.59499774,16.85328,75.08699714,Good,1,0
84.38856211,26.30294949,2902.92023,0.437289301,12.61826549,56.64369934,32.15126167,3,90.8473799,100,93.59316593,24.402285,90.15589956,Excellent,0,0
75.17818457,24.89508227,3349.215016,0.083825119,12.34994879,26.33023578,50.00574644,6,84.58032906,72.66584963,81.00598523,17.09106,71.13676106,Good,1,0
91.69108302,23.53450051,2985.642748,0.740805772,11.91464133,40.25046563,41.16336399,7,50.75583601,71.72895487,57.04777167,1.9097686,54.57445398,Critical,3,0
78.17524779,28.20208162,2558.925276,0.060713067,13.10322188,67.72102705,37.99465524,6,85,100,89.5,14.993679,81.7,Good,1,0
66.61591354,22.70037771,1903.044197,0.502922856,11.97204643,25.98450268,24.78137308,6,62.27332044,74.09691543,65.82039894,12.650842,62.31162245,Warning,2,0
65.83093639,32.01025421,1643.274403,0.511052018,12.66430888,48.42711463,39.91440295,2,85.92986549,100,90.15090584,19.137293,90.0905435,Excellent,0,0
87.58881877,30.31018993,2091.298329,0.286906343,12.48002021,49.81759095,22.24236045,6,85,95.05083373,88.01525012,19.725693,79.81931682,Good,1,0
108.6863688,32.88617199,2827.948468,0.057991975,12.64032422,42.2843388,48.05244533,0,80,89.62168586,82.88650576,99.68686,87.65624063,Good,1,0
87.3998742,33.04637071,2769.298965,0.106075311,13.08274317,103.2034723,39.22138589,7,80,67,76.1,12.287563,65.06,Good,1,0
83.22042511,33.61804112,820.0784114,0.167429533,12.62465555,41.74537081,26.75169423,7,80,100,86,19.392086,77.6,Good,1,0
89.28739209,27.75954638,1871.458377,0.342310813,12.17653431,58.99530319,43.04677428,7,77.17927911,82.53204025,78.78510745,21.666563,69.77747252,Good,1,0
104.5900261,42.72686042,3463.606041,0.740805772,12.84239691,34.6739776,57.41524889,0,60,66,61.8,99.63037,70.28,Warning,2,0
88.29073752,31.4065867,2563.372038,0.258445549,12.14756022,60.55495984,32.823829,9,80,81.33685907,80.40105772,15.069902,66.50800645,Good,1,0
78.83609154,18.82509148,1366.39287,0.27209553,12.4654232,67.41575194,40.5041319,4,75,94.44870719,80.83461216,18.355572,79.39050873,Good,1,0
101.5943307,23.98574553,4384.656945,0.351202738,11.88276656,38.24071927,30.6817068,0,64.83632736,70.41412047,66.50966529,99.74884,73.98862327,Warning,2,0
91.43134658,19.55698207,2476.846614,0.138606603,11.98668751,48.9059637,35.85352218,5,67.13730685,74.70085975,69.40637272,11.860716,66.58399558,Warning,2,0
108.0363399,30.10400777,2807.467167,0.057959881,12.42055467,32.0944046,19.9276544,5,70,92.59788006,76.77936402,17.233616,74.58719442,Good,1,0
87.74851656,29.26916866,2819.619805,0.534889892,12.54723468,27.11192376,34.99470486,4,79.34067387,97.82343069,84.88550092,21.837223,82.49598669,Good,1,0
66.63296452,27.18944581,2205.923627,0.740805772,11.71904375,70.73590865,35.4357733,7,60,67,62.1,5.504346,56.66,Warning,2,0
64.47761201,42.06555667,1917.941055,0.392519588,12.59891495,38.91998108,52.98997777,5,83.83202748,72.78931716,80.51921439,22.040886,72.86939206,Good,1,0
109.763919,33.29389724,4197.339988,0.075021615,12.07222841,1.72775343,17.04996887,2,76.05320024,78.22942189,76.70606673,13.831579,77.66952442,Good,1,0
110.8549858,34.35659017,3302.564696,0.235071682,12.91187521,85.30712313,32.19116541,6,55,91.24324684,65.87297405,2.5773346,65.7724338,Warning,2,0
82.3072118,24.41355907,3157.549761,0.26839078,12.25921423,33.95809354,47.88117218,2,97.65423629,76.14660152,91.20194586,17.393625,85.95048782,Excellent,0,0
79.25219018,24.00513065,2961.031353,0.127434228,11.95055109,45.07253913,32.58228504,1,96.02052261,73.21023255,89.17743559,19.657219,86.14850787,Good,1,0
106.9216644,30.22083299,1697.346088,0.257333833,12.43032182,82.81813011,33.28658467,2,80,88.35086053,82.50525816,17.470497,83.173327,Good,1,0
68.39431477,31.03804284,3522.024153,0.740805772,12.033506,47.16515812,26.66740975,9,60,76.63212248,64.98963674,5.504346,56.32020654,Warning,2,0
71.57909472,18.8621306,1825.493874,0.160276146,12.90757806,46.73326796,25.6739462,5,70,100,79,19.783419,77.4,Good,1,0
94.64990192,28.91815786,2726.629439,0.176453448,12.40021208,25.43653911,16.74146234,3,90.70019616,91.75874842,91.01776184,19.047188,86.96240679,Excellent,0,0
79.08092316,30.0844325,1188.488076,0.271938153,12.33932935,17.30332601,28.70784752,3,100,89.24733572,96.77420072,19.725693,89.91398757,Excellent,0,0
84.923172,28.70910501,867.3129195,0.165884457,12.63672041,46.67227471,25.10644945,8,80,100,86,19.047188,75.6,Good,1,0
82.54835652,25.11965753,2754.632962,0.436834526,11.99802102,57.25619548,36.18038834,6,75.87769828,75.16836725,75.66489897,24.714924,68.43261283,Good,1,0
90.06361823,26.76278891,1852.720586,0.127258463,11.88433854,56.11050816,27.12331798,7,79.87276354,70.47896469,77.05462388,16.257309,66.32856727,Good,1,0
106.1122279,28.93884484,908.665943,0.24147936,12.56334063,40.37477839,30.20409015,6,65,98.48780106,75.04634032,17.470497,72.7253644,Good,1,0
86.3587736,30.54480014,2932.487602,0.368127154,11.96013172,50.40515599,30.47794607,9,75.45818974,73.60543332,74.90236281,18.240112,61.66250435,Warning,2,0
94.6590819,33.6287495,4196.064617,0.063762071,11.95999594,13.25580009,34.51834818,6,71.76054386,73.59983246,72.31233044,11.860716,66.10736476,Warning,2,0
54.24741848,36.48513723,3611.648207,0.175371117,12.73470241,59.20334041,29.71477744,4,95,100,96.5,21.156872,89.9,Excellent,0,0
84.26922397,28.23391366,2294.145692,0.15474839,12.61002564,53.2281169,24.3821391,2,100,100,100,19.392086,96,Excellent,0,0
72.35154595,27.26306282,2507.076245,0.139955805,11.89846818,89.47321788,35.85766444,0,100,55.43100304,86.62930091,99.68493,83.06378116,Good,1,0
66.71780409,32.62593404,3210.165005,0.119599304,12.15234558,50.14959293,45.67483216,7,80,79.23982594,79.77194778,19.657219,69.71113386,Good,1,0
71.8277145,33.6650695,3397.702416,0.046441401,12.03850738,31.14661296,36.28466196,9,80,76.83842933,79.0515288,14.256514,64.79860314,Good,1,0
79.98814839,27.3947974,2225.171425,0.29328731,13.11052772,48.98553732,28.90179562,6,85,100,89.5,20.079834,81.7,Good,1,0
98.73853814,34.74236086,2527.342173,0.027181263,12.76240417,43.444004,33.76853595,4,77.52292373,100,84.26604661,16.85328,82.55962797,Good,1,0
65.10410923,35.87751205,2740.491845,0.528195496,12.23166206,58.69415738,14.4936723,1,84.78696696,84.80606004,84.79269489,25.600946,85.83682894,Good,1,0
85.45947239,37.75011879,2943.101056,0.101589315,12.63047788,50.53784123,33.6059725,6,85,100,89.5,19.392086,81.7,Good,1,0
77.7374585,40.66992544,2393.538846,0.086413617,11.85752553,24.80106598,30.99645631,2,100,69.37292793,90.81187838,19.657219,84.36171261,Excellent,0,0
80.08490358,24.80150317,2403.931804,0.097355183,12.13094154,17.28513424,25.66539642,6,84.20601267,80.65133851,83.13961042,19.657219,74.01403395,Good,1,0
100.0413674,30.08338926,3603.865864,0.599668341,12.44194531,55.25816405,27.47901648,3,60.0221106,93.48024389,70.05955059,6.149334,74.73177913,Warning,2,0
93.07173156,30.06766618,3467.616562,0.104481341,12.5808923,77.66229082,30.89765498,8,73.85653689,99.21180736,81.46311803,17.233616,72.72023229,Good,1,0
105.0609716,29.41155859,2881.928459,0.199825843,12.36101635,51.58695768,44.92458276,9,60,90.14192443,69.04257733,1.5617073,61.45393128,Warning,2,1
82.68241481,26.10442248,3875.287256,0.030430912,12.4992054,66.26594708,45.92060417,2,100,92.71216876,97.81365063,16.85328,93.23062413,Excellent,0,0
74.56086082,21.08662798,2190.84339,0.457391001,12.43133458,70.25618308,25.71874838,3,73.85377851,93.04255159,79.61041044,24.863546,80.37475658,Good,1,0
81.64211775,30.55607668,3798.378759,0.541654653,12.33456904,55.33583692,29.81922627,9,63.8896898,89.05097287,71.43807472,17.270697,62.6730394,Warning,2,0
88.63745187,25.38986604,2934.012355,0.009758906,12.28154176,33.71017024,30.07410043,0,100,86.86359773,96.05907932,99.67787,95.00816714,Excellent,0,0
87.64860038,30.51596088,4612.341159,0.091284479,12.22949405,53.9061617,43.09545516,5,77.75317682,84.7166296,79.84221265,16.77857,74.84865351,Good,1,0
68.73417892,25.23573875,1546.014459,0.046680828,12.492775,74.14145775,36.45506553,1,100,95.57696889,98.67309067,19.047188,96.31924818,Excellent,0,0
86.35734672,23.40204992,1948.523798,0.740805772,12.56432624,60.59781099,35.92789863,4,68.6081997,98.52845722,77.58427696,17.0012,78.25625762,Good,1,0
88.42342495,31.40579016,2835.038263,0.062162048,12.47934367,64.96490686,40.36262613,0,100,95.02292626,98.50687788,99.573395,98.10871198,Excellent,0,0
122.7621106,30.90552916,2817.787242,0.34083472,11.92856118,40.74907517,29.03586592,1,67.27768536,72.30314867,68.78532436,14.298463,73.73182435,Warning,2,0
113.1526692,33.47569183,4060.111187,0.392186136,12.00042886,45.95292481,48.63886574,4,57.65203387,62.89554693,59.22508779,1.8118441,60.11416206,Critical,3,0
72.20134974,43.1151826,1965.300253,0.665086292,12.55955272,47.62545378,34.98255343,0,80,98.3315498,85.49946494,99.73955,90.96598892,Good,1,0
80.68924958,31.66373719,3223.934815,0.115144991,12.98866932,48.97323995,26.44087554,7,80,100,86,19.047188,77.6,Good,1,0
63.04836997,32.9104906,3429.970404,0.031089783,12.46096618,73.35916632,32.70359756,5,90,94.26485512,91.27945653,19.783419,83.62064494,Excellent,0,0
76.13939479,23.53463203,3063.718266,0.020946608,12.23533264,3.056525433,47.31928324,4,89.13852811,77.07190817,85.51854213,16.77857,78.72550691,Good,1,0
89.73407505,22.27855536,1731.202926,0.231802155,12.48973618,50.61076609,30.74857864,4,84.11422143,95.45161751,87.51544025,19.725693,83.59958766,Good,1,0
103.0878043,39.49697668,3626.207044,0.298772318,11.94527143,48.41007249,44.49557799,8,60,72.99244653,63.89773396,1.5287995,56.93712968,Warning,2,0
74.06374243,24.45912132,3483.459945,0.127563157,12.92357726,22.56997717,28.74654207,8,77.83648528,100,84.4855397,20.138336,74.69132382,Good,1,0
75.1878034,23.73633557,2979.667616,0.25269435,12.47463766,63.43534433,27.34336303,0,94.94534228,94.82880338,94.91038061,99.69315,95.91198905,Excellent,0,0
52.79066455,29.76540647,2663.47815,0.197761508,12.13221711,35.50999616,41.59597411,6,85,80.70395598,83.71118679,20.411087,74.36750327,Good,1,0
82.56001119,29.45884552,2680.886408,0.143597775,12.33328181,42.85934701,26.26027439,4,95,88.99787481,93.19936244,19.392086,85.71919243,Excellent,0,0
69.06378382,24.58496096,2437.011366,0.281539874,12.18918551,86.97563816,43.2254025,7,78.33984385,71.54409922,76.30112046,16.857136,66.08949212,Good,1,0
77.05840859,28.17016069,3012.628107,0.030819557,12.92466799,70.19947299,38.51625999,7,80,100,86,19.392086,77.6,Good,1,0
71.84708833,37.37625431,2524.907882,0.048859938,12.31910396,61.48973878,26.26406066,7,80,88.41303852,82.52391156,20.138336,73.19695464,Good,1,0
83.58606169,25.16403835,1821.18002,0.303804409,12.4621463,57.61553869,34.28557256,6,84.74637271,94.31353481,87.61652134,20.987064,79.43261977,Good,1,0
58.63407413,21.63796509,1661.126684,0.740805772,12.62949058,46.70639955,29.51225709,2,66.55186038,100,76.58630226,21.333897,81.95178136,Good,1,0
62.99432132,35.65556173,1898.370997,0.261317891,12.10369336,89.98754531,38.48976557,8,80,63.04790128,74.91437038,8.11851,61.55820249,Warning,2,0
116.9387067,32.95378147,2677.705794,0.143507071,12.47748379,66.04335263,53.87798245,7,50,64.76106586,54.42831976,1.2455165,51.60920503,Critical,3,1
65.68866128,26.27688828,2478.435331,0.368432992,12.50977423,35.00900172,31.29295397,2,95.43780052,96.2781869,95.68991643,25.280869,92.66958724,Excellent,0,0
68.54821632,20.5069979,2672.275035,0.740805772,11.77836847,21.99795444,40.33776274,2,62.02799161,67,63.51959413,21.029503,67.51175648,Warning,2,0
112.5537029,25.53225986,2900.650507,0.099386822,12.5010786,61.33676004,35.24440642,5,60,95.91949206,70.77584762,3.47175,71.64940698,Warning,2,0
123.6783703,29.67177338,1998.143259,0.099752106,12.38169517,48.8826174,35.24057703,3,70,90.99492593,76.29847778,16.54427,77.97807185,Good,1,0
67.42650057,36.99403254,3672.528135,0.001465345,12.45198652,21.42123666,33.34794879,6,85,93.89444382,87.66833315,15.603429,79.37988865,Good,1,0
79.47626565,23.78050815,2285.831338,0.118973659,12.41425189,58.57172331,26.42582554,4,90.1220326,92.33789027,90.7867899,14.993679,84.939652,Excellent,0,0
90.12333326,29.49288071,2153.258412,0.025400367,12.50366795,44.61945679,38.35139949,1,99.75333347,96.0263029,98.6352243,16.85328,96.38639516,Excellent,0,0
110.9304647,34.05086796,2885.90899,0.595090601,12.93493729,60.61329851,32.1125825,3,50.32729327,100,65.22910529,5.063617,73.13746317,Warning,2,0
70.19714382,15.71239596,1030.791838,0.740805772,11.92819704,58.83480429,25.95199916,8,40,72.2881277,49.68643831,3.461486,48.26948853,Critical,3,0
81.32083231,36.20271701,1867.57244,0.037670455,12.26313907,37.83471957,45.14173262,8,80,85.62259555,81.68677866,13.129557,70.13658631,Good,1,0
96.66006364,22.90529657,3284.858239,0.740805772,12.66664745,62.65689529,35.99009623,3,58.30105899,100,70.81074129,4.8449874,76.48644477,Warning,2,0
91.52149112,31.99197296,1110.062457,0.184975846,12.59237035,40.04189835,32.71901043,7,76.95701777,99.68527682,83.77549548,13.244349,76.20235265,Good,1,0
79.35765893,31.4800989,3394.059358,0.005143894,12.58376222,41.34236254,48.40056615,0,100,87.76826673,96.33048002,99.573395,95.35194136,Excellent,0,0
82.99265553,36.50751835,3708.909253,0.684297203,13.46987961,39.35457187,16.63918464,9,60,100,72,7.174623,65.2,Warning,2,0
64.37656287,33.30554629,2204.43573,0.120475153,12.64565421,72.61948856,47.72820804,7,80,90.72409267,83.2172278,14.993679,74.07515522,Good,1,0
81.42739384,15.73625705,2733.450214,0.45475231,12.85237512,44.38855224,26.19812051,0,69.68317933,100,78.77822553,99.73955,87.26693532,Good,1,0
81.00418765,25.29132452,3395.269668,0.115419723,12.27717118,77.44886361,37.11532539,7,80,86.68331103,82.00499331,19.30874,72.53965819,Good,1,0
88.48254834,30.82923078,2126.56865,0.067754721,12.00283505,85.6696974,29.11936246,4,95,66.01194511,86.30358353,19.30874,76.98453914,Good,1,0
76.67009172,28.83012068,3194.220416,0.211359332,12.27427303,35.22561726,25.7699896,8,80,86.56376242,81.96912873,20.73297,70.49422972,Good,1,0
92.07307784,32.86566438,1963.080964,0.042185406,12.68478407,0,48.13886526,2,95.85384432,89.32785812,93.89604846,16.474747,90.2032007,Excellent,0,0
100.1907373,34.73619933,2117.918165,0.36940888,12.56273114,70.89019087,53.56216567,8,55.37274136,69.35129631,59.56630785,1.8517852,53.61004397,Critical,3,0
87.33143992,33.65071042,1860.530829,0.439567566,12.56130055,43.16056205,32.78774349,8,70.69549557,98.40364761,79.00794118,24.402285,71.08549423,Good,1,0
90.27634613,28.71435034,2774.117759,0.062528827,12.31426225,32.67627174,38.35474702,2,99.44730775,88.21331762,96.07711071,16.85328,91.28892995,Excellent,0,0
85.79733021,18.92197793,3426.375242,0.34646641,12.25047895,38.22563788,35.56991252,4,71.90223936,85.58225679,76.00624459,22.705729,74.72019811,Good,1,0
85.0012659,27.26711251,2352.709654,0.305536218,12.3280571,41.70372357,52.30506837,6,84.63091878,63.945123,78.42518005,18.540318,67.84413263,Good,1,0
74.1766295,32.49820889,1483.000672,0.740805772,12.68979018,75.94386181,13.86849553,2,80,100,86,24.863546,87.6,Good,1,0
89.74741393,23.45731648,1633.834542,0.027302876,12.73629097,53.19822479,38.77123441,9,73.82926594,100,81.68048616,13.975954,71.00829169,Good,1,0
83.54070102,33.78764838,2815.679537,0.048962254,11.99750334,75.6719726,27.72873686,1,100,75.14701278,92.54410383,15.452546,88.55586486,Excellent,0,0
116.3975246,35.45035978,3975.293131,0.116857672,12.70493702,59.88440239,11.44035979,2,70,100,79,14.993679,83.4,Good,1,0
108.6003235,30.76120186,2814.979999,0.055210667,12.13971151,43.81538552,31.39469903,5,70,81.01309969,73.30392991,13.129557,70.18497788,Warning,2,0
90.78769829,13.79789139,2190.482759,0.130807309,12.58756866,42.19285594,53.48048791,4,63.42460342,70.65354836,65.59328691,10.670149,65.48668182,Warning,2,0
73.55414185,22.33146982,3112.947173,0.021910824,12.3232137,61.23217501,28.4395081,0,89.32587929,88.58256525,89.10288508,99.67958,91.1782441,Good,1,0
68.31382792,41.31713495,2308.401092,0.379412228,13.02631542,66.40851259,42.90765507,9,74.70585149,100,82.29409604,24.402285,71.37645762,Good,1,0
102.8671443,26.72077324,2197.371826,0.301696002,12.23277015,69.93585371,46.98672197,2,79.88693323,78.09691392,79.34992743,18.540318,79.22933925,Good,1,0
88.94123838,18.09514066,1733.232715,0.160420727,12.47144474,44.76922977,34.87303197,1,80,94.69709537,84.40912861,17.233616,87.58489624,Good,1,0
92.20215105,37.41148433,3626.759075,0.711875619,12.64263726,53.50411713,36.20455618,5,65.5956979,100,75.91698853,21.010471,75.55019312,Good,1,0
58.8312102,30.08013355,500,0.740805772,12.05041646,61.68080819,17.83702093,9,60,77.32967897,65.19890369,5.6004944,56.58527801,Warning,2,0
98.91157722,36.62964293,3138.28736,0.134555543,12.37085718,42.32069948,27.83836137,0,82.17684555,90.54785859,84.68814946,99.54081,88.92246139,Good,1,0
91.81630507,31.66175205,2129.00405,0.694829161,12.29336605,27.30119932,44.07007624,4,71.36738985,87.3513494,76.16257772,16.860182,75.16781651,Good,1,0
68.34353973,32.75135482,2171.727415,0.145507489,12.19447461,33.87457867,35.60679097,9,80,83.27207752,80.98162326,12.460017,67.24338946,Good,1,0
77.92712789,32.17805549,3853.852125,0.422460865,12.2241108,45.17929115,38.67341441,8,71.83594236,84.49457048,75.6335308,16.288668,66.27903257,Good,1,0
88.95575807,34.18492987,1928.695126,0.446555109,12.84480584,63.24414278,36.3315758,1,90.2296594,100,93.16076158,21.381533,93.89645695,Excellent,0,0
85.78700198,43.66458269,1955.944677,0.109573579,12.16057971,75.17954991,56.92003944,6,85,47.87391288,73.86217386,12.050134,61.89208689,Warning,2,0
80.61743221,35.82603802,2395.684609,0.272534031,12.62656315,22.87905583,30.69480169,8,80,100,86,20.079834,75.6,Good,1,0
83.44767598,20.51796409,2831.077909,0.122204195,12.525838,38.05309972,51.05410043,6,67.07185637,76.35687607,69.85736228,10.633463,65.18579258,Warning,2,0
81.22033933,32.67996909,2146.515374,0.365540738,11.84120795,42.84275006,36.33503222,6,80.63061744,68.69982809,77.05138064,24.714924,67.970794,Good,1,0
87.28843768,36.84888461,1240.912856,0.132042251,12.60766778,65.89434065,51.94198975,7,80,76.39723486,78.91917046,17.09106,68.63094925,Good,1,0
107.0723796,37.21620484,1807.441455,0.040453557,11.83459472,39.43778929,22.75021911,4,75,68.42703204,73.02810961,17.09106,69.50227217,Warning,2,0
46.50012339,27.4403701,3525.067085,0.449437942,12.65123673,41.4053533,36.84652208,0,90.03747052,100,93.02622937,99.74526,95.81573762,Excellent,0,0
81.44724603,36.98966667,2559.821431,0.367291205,12.19712334,21.76014846,31.06313216,6,80.51391967,83.38133789,81.37414513,24.714924,73.50075466,Good,1,0
87.64768632,35.5664544,2860.869827,0.431645679,12.4033469,59.66814632,36.39472336,6,76.22362141,91.88805968,80.92295289,21.381533,74.93138367,Good,1,0
89.43990985,45.43510462,2290.863034,0.327248838,11.88228802,46.77201851,47.22376263,8,78.1834108,62.8335879,73.57846393,9.7211895,60.71379594,Warning,2,0
79.42128128,25.49998958,1972.401843,0.434269167,12.44895293,36.9190993,38.78809605,9,71.04872219,93.76930834,77.86489803,24.402285,67.47280049,Good,1,0
58.64917326,26.95559654,3842.05556,0.060724264,12.77078017,44.80973551,47.2038269,3,100,92.50698854,97.75209656,19.392086,91.15265564,Excellent,0,0
89.91993226,28.16328571,2349.446514,0.381178452,12.07721383,72.53991004,28.29778907,9,74.58810319,78.43507044,75.74219336,18.240112,63.1323301,Good,1,0
110.9102532,27.0586671,2145.304096,0.065693053,12.15713317,29.90226183,26.77165542,0,70,81.73174308,73.51952292,99.692085,80.45806237,Warning,2,0
61.99207893,24.6598755,3376.913893,0.2503512,12.58184841,33.16680738,35.16105073,9,78.63950201,99.25124689,84.82302547,20.8457,72.74406466,Good,1,0
97.95742021,13.79789139,1922.111713,0.26072527,12.59184733,75.04504895,34.61347822,1,54.08515959,99.66370234,67.75872241,3.6985457,78.58797392,Warning,2,0
80.07212165,27.39180316,2024.218125,0.107046406,11.42632828,51.51549656,33.14140631,6,85,67,79.6,19.657219,69.16,Good,1,0
84.08013481,32.21614836,2508.197347,0.267311678,13.20616255,63.39508193,25.41368274,6,85,100,89.5,20.079834,81.7,Good,1,0
69.20652234,27.04066893,2500.216083,0.37916933,12.61142139,58.0350382,46.9865159,6,79.72204469,93.24584595,83.77918507,22.410948,76.91668023,Good,1,0
79.98315741,41.6122871,2707.689078,0.194059716,12.67876746,49.29330895,31.37162799,9,80,100,86,19.392086,73.6,Good,1,0
104.5006689,30.08025488,4173.335272,0.034810262,12.34258382,43.03401762,49.26078122,5,66.53329457,74.89492647,69.04178414,11.860716,66.40405578,Warning,2,0
93.73982863,37.74617433,2768.998597,0.079341388,11.6578586,66.63116045,35.12743365,1,92.52034274,67,84.86423992,17.09106,82.31854395,Good,1,0
110.9846741,31.56852248,597.5568298,0.394492628,12.66988882,73.24673136,41.48428931,6,48.70049149,100,64.09034404,3.0341506,66.45420642,Warning,2,0
102.6611783,34.95844386,2761.039155,0.163242603,12.17392479,71.68376694,40.57709643,2,80,82.42439753,80.72731926,17.09106,80.92127106,Good,1,0
91.58630018,31.67544932,2530.303996,0.126080055,12.61757268,26.29056733,26.7572526,6,81.82739963,100,87.27917974,19.392086,80.36750785,Good,1,0
111.1590179,38.21270779,2534.760019,0.619191713,12.31247957,76.09822036,38.67202922,3,50,88.13978234,61.4419347,5.0822973,68.49311729,Warning,2,0
91.58489738,30.3356361,2696.757848,0.140720404,12.49521575,42.84129492,54.28332944,0,96.83020524,64.11432964,87.01544256,99.692085,85.03213146,Good,1,0
97.41982265,32.97672425,2477.05737,0.740805772,12.09000145,34.89940925,37.51612253,6,50.1603547,78.96255971,58.8010162,1.7541707,59.07312166,Critical,3,0
80.5514357,32.1979976,2457.910326,0.306338267,12.74575558,46.61344606,44.0127674,0,99.57744888,100,99.70421421,99.716255,99.82252853,Excellent,0,0
85.99818724,28.27028725,2990.435368,0.538546795,11.92464838,66.6225687,41.93271845,3,84.09688037,72.14174585,80.51034001,21.291887,76.73455318,Good,1,0
74.53864265,32.42989391,2066.335362,0.149461615,13.29822777,60.80928368,38.07049658,6,85,100,89.5,19.047188,81.7,Good,1,0
99.84375902,43.40631748,1741.850931,0.459033487,13.29517945,44.89227176,36.86478718,8,49.71024949,100,64.79717464,3.5109758,62.87830478,Warning,2,0
67.32544565,28.37761835,4612.341159,0.085446177,13.05307983,66.75331734,40.47315559,3,87.75317682,100,91.42722377,19.392086,88.85633426,Excellent,0,0
96.73525514,32.51678936,1927.314045,0.098779153,12.91019159,52.79721162,42.63282546,2,86.52948973,100,90.57064281,16.85328,90.34238569,Excellent,0,0
82.14023414,37.54667371,2580.11433,0.342553493,12.36618066,38.54057069,21.47835943,3,97.16310044,90.35495209,95.12065594,25.280869,89.14338398,Excellent,0,0
102.5687064,36.84151969,1303.471799,0.03608217,12.86661868,35.83929434,37.47302889,5,70,100,79,16.85328,77.4,Good,1,0
96.26303483,30.07029851,2593.174732,0.119413061,12.3615294,58.20469689,33.15922119,1,87.47393034,90.16308778,88.28067757,16.85328,89.0010241,Good,1,0
112.3096924,15.69966778,1753.419559,0.300417563,11.77859298,48.34964528,31.08473156,5,39.97216249,67,48.08051374,1.4038026,52.24830825,Critical,3,0
95.96162037,33.10021691,2146.021646,0.740805772,13.00128057,22.48989693,47.95964379,8,48.07675927,89.93721111,60.63489482,2.2883356,58.36837911,Warning,2,0
61.41939617,16.68315445,3336.051733,0.073350277,12.85152979,66.94322986,27.66853752,0,80,100,86,99.563484,91.6,Good,1,0
83.99570241,38.81962339,2877.607655,0.479101017,12.38746436,40.39449943,21.0523094,9,68.0599322,91.23290472,75.01182395,20.79624,65.25367532,Good,1,0
67.41989211,31.01684323,2954.72762,0.190230607,11.9099263,81.84239296,42.95716225,5,90,68.49451137,83.54835341,19.30874,73.82791432,Good,1,0
77.22580236,35.99804412,1083.036129,0.740805772,12.16551973,21.9402003,20.79606143,6,65,82.07768884,70.12330665,16.002369,66.48952176,Warning,2,0
107.6684265,24.58733317,3969.516136,0.574143098,11.67154177,46.38582807,15.72056922,6,45.07312617,67,51.65118832,3.0581057,52.39071299,Critical,3,0
94.56300716,20.68495516,1546.494951,0.224658017,12.77803234,36.00044631,44.0826769,9,53.61380631,100,67.52966442,2.3371696,62.51779865,Warning,2,0
74.51604357,31.5645263,3722.848651,0.406623738,11.75867641,30.49154959,36.58722251,6,77.89175083,67,74.62422558,20.665247,66.17453535,Warning,2,0
69.7942395,29.79837936,3317.235093,0.009867049,12.51473235,40.26418566,39.72719627,8,80,96.48270936,84.94481281,16.165585,74.26342956,Good,1,0
85.49173139,27.05075504,2961.866193,0.515691629,12.06252266,85.41135218,30.57572425,2,85.62055809,68.90032866,80.60448926,24.714924,78.14275929,Good,1,0
66.75159776,30.50796768,1816.012175,0.094122851,11.82931862,52.8674034,21.15593868,2,100,68.20939316,90.46281795,20.411087,83.9195694,Excellent,0,0
74.93289584,46.27618223,2621.271876,0.383335287,12.49534204,34.16583922,23.14212786,6,79.44431422,95.68285904,84.31587766,25.280869,77.72609841,Good,1,0
89.68014207,35.00715328,2123.262871,0.226609641,12.26648025,13.42743179,32.27811101,1,100,86.24231014,95.87269304,18.609816,92.77207785,Excellent,0,0
102.3296805,36.29699164,2523.231657,0.111422897,12.73527564,15.57274907,22.27597142,1,80,100,86,17.713797,89.6,Good,1,0
94.13142208,35.06362135,2300.102193,0.683407616,11.89295789,39.27073712,38.07052907,2,71.73715583,70.83451307,71.466363,18.20426,73.04672042,Warning,2,0
50.63065737,38.87677286,869.1115947,0.005839047,12.09707414,37.32624032,30.37542062,2,100,79.25430835,93.7762925,21.067917,88.11663717,Excellent,0,0
89.56550094,28.85956996,3397.427321,0.143151658,11.44494312,45.51898588,36.85036047,0,100,67,90.1,99.685196,87.46,Excellent,0,0
86.0805036,17.67143215,2435.114275,0.105780093,11.52626133,4.556323991,36.55148128,7,60,67,62.1,1.3930798,56.66,Warning,2,0
91.20835428,28.8684832,2112.15968,0.073707642,13.11927696,48.1663681,38.86799554,5,87.58329144,100,91.30830401,16.54427,84.7849824,Excellent,0,0
109.2431452,34.87041426,2051.738214,0.239402189,13.2334393,70.5545955,39.99482527,2,80,100,86,17.470497,87.6,Good,1,0
54.05142585,24.18119763,2786.767661,0.239245783,12.43709048,82.45682495,31.56099409,2,96.72479052,89.22622122,94.47521973,20.8457,90.53037608,Excellent,0,0
76.13344862,28.9418043,1784.994929,0.209657583,12.07046849,12.11107704,36.83969267,9,80,78.15682536,79.44704761,16.527294,65.29959364,Good,1,0
93.86359484,25.84938154,695.8595532,0.286440061,12.28062043,33.97214482,37.36008128,9,72.27281032,86.82559273,76.63864504,14.59012,65.34830557,Good,1,0
61.27608401,39.01217551,2825.703843,0.084810697,12.74942968,32.91532278,10.71109691,1,100,100,100,20.138336,98,Excellent,0,0
107.1392357,34.49674209,2915.282398,0.740805772,12.19424439,52.91442855,41.46525746,6,45,83.26258117,56.47877435,2.3263693,58.53978085,Critical,3,0
90.52534919,33.90924372,2340.29454,0.016630093,12.49505355,25.60455064,36.49942196,3,98.94930162,95.67095881,97.96579878,16.54427,91.91367103,Excellent,0,0
97.69875979,33.72960788,1581.6777,0.676773868,12.39489758,83.64526497,40.64048865,3,64.60248042,85.52483796,70.87918769,14.298463,73.6324802,Warning,2,0
76.43584508,29.77650448,2571.148433,0.018474402,12.17247493,50.87044943,22.13156405,5,90,82.36459094,87.70937728,15.826941,79.09854456,Good,1,0
97.20645535,31.1853377,1328.374105,0.109519632,12.1895229,47.53707421,31.84226825,9,65.5870893,83.06781969,70.83130842,5.091256,61.11234899,Warning,2,0
101.0270733,22.88889252,1678.215523,0.172143983,12.51732835,81.85427468,24.08470543,5,61.55557007,93.53024117,71.1479714,14.764089,71.39483107,Warning,2,0
88.4931703,16.88134813,1899.441651,0.057117086,12.00924475,49.67904752,42.44601376,9,60,75.63134575,64.68940372,1.3566136,55.93991138,Warning,2,0
88.51601339,30.90048678,3175.151257,0.15156226,12.58069174,58.00606813,20.94883458,8,80,99.2035342,85.76106026,19.392086,75.297343,Good,1,0
89.05514859,31.94394154,2209.91124,0.13559942,12.21136842,34.98403453,25.71345218,7,80,83.96894717,81.19068415,19.657219,71.50819992,Good,1,0
72.04982103,37.25558741,2141.706871,0.316430201,12.45094692,22.5899587,40.34314128,7,78.90465326,93.85156053,83.38872544,21.355003,74.80354737,Good,1,0
82.7870698,39.4280149,4063.754012,0.122844025,12.95358503,37.79276737,28.70625468,7,78.72491975,100,85.10744383,19.392086,77.0644663,Good,1,0
82.71216201,39.41999091,2781.969998,0.161246181,12.33272318,93.73951678,25.71609343,2,100,66.30462857,89.89138857,19.657219,83.19575886,Good,1,0
90.75090797,24.01185844,2771.195608,0.100019975,12.76792174,62.66041897,44.0671943,9,74.54561783,100,82.18193248,16.85328,71.30915949,Good,1,0
99.9973637,27.88640979,2204.239404,0.740805772,11.68318686,55.49069674,44.47711757,9,40.00527259,67,48.10369081,2.088052,44.26221449,Critical,3,0
69.12195877,32.88200578,2022.902666,0.064734367,12.21185479,30.4725322,42.22071193,6,85,83.98901027,84.69670308,19.30874,75.6158239,Good,1,0
83.12486455,45.19142807,750.874848,0.160477836,12.41107545,68.22501602,43.48709674,7,80,92.20686225,83.66205867,16.54427,74.63860765,Good,1,0
107.2218332,38.88059522,3274.992426,0.248224208,13.16933227,22.84613451,32.68420721,8,60,100,72,2.8941512,67.2,Warning,2,1
73.84617657,36.71638297,2858.647765,0.118534179,11.61601917,18.65887101,32.95407025,1,100,67,90.1,19.30874,85.46,Excellent,0,0
72.66624974,27.67327227,2356.667205,0.00648332,12.36151606,38.82225754,28.51918721,0,100,90.16253728,97.04876118,99.67958,96.26176417,Excellent,0,0
88.03459288,24.70080221,2390.218639,0.218190868,12.98267554,89.08981824,36.67729168,9,78.80320885,85.00179991,80.66278617,17.715132,67.39803168,Good,1,0
97.66577786,34.7334473,3088.91541,0.158584559,12.08599184,87.95788465,29.72101673,5,74.66844429,65.66665364,71.96790709,11.860716,66.31407498,Warning,2,0
85.17139083,23.39603241,1256.231942,0.004689295,12.31486448,40.97526143,30.66933794,7,73.58412966,88.23815963,77.98033865,19.392086,70.43583512,Good,1,0
104.9344089,28.56938189,2028.094935,0.214189633,12.53269559,36.51601964,40.99900434,5,70,97.22369325,78.16710798,17.131138,76.34500344,Good,1,0
97.85190974,29.31133231,1590.95771,0.078056681,12.47380342,17.19275919,46.84539246,5,74.29618052,88.52005679,78.5633434,16.85328,74.8420174,Good,1,0
97.627301,39.55747253,3917.207426,0.331138047,13.02630819,51.56061451,38.98260254,0,82.66952817,100,87.86866972,99.735985,92.72120183,Good,1,0
93.31174752,27.87181618,3200.524425,0.011354012,12.57938952,53.24025504,52.94315865,2,93.37650496,72.14307845,87.00647701,17.09106,82.63250189,Good,1,0
119.9147965,15.36450217,737.8458871,0.142843257,12.93110916,65.79112508,27.94484428,0,50,100,65,99.346176,79,Warning,2,0
81.92257467,33.02666789,1288.990699,0.081841163,12.25599666,68.21415027,16.62025361,4,95,85.8098621,92.24295863,20.411087,84.5077476,Excellent,0,0
54.94716562,25.80586888,2394.123461,0.015651223,12.10378984,46.05156165,42.1462789,0,100,79.53133071,93.85939921,99.68493,92.22190567,Excellent,0,0
109.0638154,30.25578615,2122.04783,0.541744123,12.30971072,61.1205575,27.28166447,8,43.8837251,88.02556732,57.12627777,2.026391,55.88088012,Critical,3,1
78.13450854,29.47977179,1440.494234,0.160979881,11.93635876,35.98722264,32.26307758,2,100,72.62479896,91.78743969,19.657219,85.5974236,Excellent,0,0
86.61820667,28.35777603,4055.80979,0.114946802,12.59340468,60.74085067,17.3020349,7,78.8838042,99.72794299,85.13704583,20.138336,77.0278161,Good,1,0
104.6432603,34.74204349,2750.031931,0.392525717,12.24564875,39.85535844,26.00789753,0,73.83161884,85.38301114,77.29703653,99.7552,83.45482414,Good,1,0
60.96610688,20.80281073,2879.853058,0.152196789,12.13128444,59.18917032,19.97772583,0,83.21124292,80.66548315,82.44751499,99.68493,85.60160562,Good,1,0
66.22529179,26.89791465,1946.388041,0.268649422,12.59946336,57.57002651,30.65696737,4,95,99.97786376,96.49335913,20.8457,89.89158823,Excellent,0,0
60.98083094,34.10422748,3077.819318,0.159217487,11.94251369,51.37607251,31.05448506,7,80,72.87868966,77.8636069,20.411087,67.29390207,Good,1,0
73.08795565,26.31549135,2195.653791,0.139679998,12.70820089,65.89079436,35.89960412,8,80,100,86,19.392086,75.6,Good,1,0
91.59454909,20.34715974,2273.325461,0.27628876,12.20866504,18.59201857,47.39722964,5,68.1995408,75.7068523,70.45173425,15.04702,67.41241101,Warning,2,0
92.86281764,34.01133206,2988.801568,0.008342623,12.86363858,28.70167564,41.76906265,6,79.27436472,100,85.4920553,16.85328,79.29523318,Good,1,0
89.14411269,36.73856778,1196.801948,0.155313944,12.24290497,44.59880653,18.77830364,6,85,85.26982996,85.08094899,20.411087,76.10253538,Good,1,0
63.80851174,29.73002875,3777.622288,0.740805772,12.65276387,21.13473225,41.08015436,6,65,100,75.5,23.994816,73.3,Good,1,0
50.34844845,18.23492641,2645.911372,0.035641998,12.47182495,41.86270971,36.11754697,7,60,94.71277917,70.41383375,4.8235655,67.19085608,Warning,2,0
85.81530378,34.23581848,3524.755367,0.439590368,12.69756075,42.5073941,34.02173568,0,90.69397544,100,93.48578281,99.65288,96.09146968,Excellent,0,0
77.9233595,20.04067271,1639.664195,0.067992958,12.44397876,76.19367573,34.7730047,4,75.16269085,93.56412372,80.68312071,14.993679,79.12269717,Good,1,0
91.89078658,31.85279566,1761.467901,0.530234553,11.73464104,52.85067405,37.04552428,8,60.86945663,67,62.70861964,5.902582,55.02517178,Warning,2,0
95.52930439,24.67521705,1570.479823,0.042698005,12.80351742,70.58859152,28.08113209,4,82.64225942,100,87.84958159,17.392307,84.70974896,Good,1,0
87.07362148,23.04096429,2700.238138,0.121980373,12.36492683,56.03349438,33.17649142,1,92.16385714,90.30323178,91.60566953,19.392086,91.02404808,Excellent,0,0
96.40199628,27.3485399,2552.786642,0.222978766,12.71580643,39.28665458,46.83939124,6,72.19600744,93.74606979,78.66102614,17.470497,73.94582964,Good,1,0
88.43817061,28.90021466,2128.470545,0.740805772,12.67609859,52.67433615,27.96094216,3,80,100,86,19.137293,85.6,Good,1,0
92.95097058,26.1347505,1688.744646,0.074143462,12.09068141,64.58852668,24.70112024,5,84.09805883,78.99060806,82.5658236,15.452546,75.33761577,Good,1,0
74.42990106,33.53221967,1486.722984,0.360119714,12.03408184,73.86802653,34.38292652,5,85.99201907,76.65587581,83.1911761,24.303907,75.24588082,Good,1,0
82.30582879,27.32358373,2461.21288,0.116952764,12.66214204,47.35379874,23.69433543,6,85,100,89.5,19.783419,81.7,Good,1,0
87.95164145,35.88114523,2127.530576,0.408211086,12.27870039,17.04978712,17.77216879,9,72.78592761,86.74639101,76.97406663,21.075558,65.53371818,Good,1,0
97.30792713,31.68703899,1951.514406,0.264320022,12.77457171,15.64395485,31.55532823,6,70.38414574,100,79.26890202,17.470497,75.56134121,Good,1,0
79.09388242,25.81465676,3737.671589,0.021645529,12.32871962,43.4717478,49.48621885,9,80,73.55654037,78.06696211,12.287563,63.55148534,Good,1,0
92.81750884,24.8043607,2434.139457,0.196341551,12.80936391,3.241969977,34.61395904,0,93.58242512,100,95.50769758,99.68686,97.30461855,Excellent,0,0
81.01241812,20.11502221,3516.034347,0.039041659,12.56932179,85.90208931,36.78577094,7,60.46008882,88.99607662,69.02088516,15.373463,65.21174642,Warning,2,0
83.23686749,31.74439907,2073.398254,0.085668046,12.51519,61.93866463,13.69851642,4,95,96.5015874,95.45047622,20.138336,88.57060321,Excellent,0,0
97.44278563,27.87247472,2695.821027,0.214137324,12.25039552,37.28665981,39.38125492,7,65.11442874,85.57881522,71.25374468,12.0682125,65.86800985,Warning,2,0
55.10409443,15.76682683,2455.619187,0.053877258,12.49297105,27.80704812,35.93365861,0,80,95.58505563,84.67551669,99.67958,89.92232114,Good,1,0
65.55291508,26.78571076,1141.902152,0.679050454,12.87714109,70.56238192,28.35085172,5,70,100,79,24.863546,77.4,Good,1,0
62.76721904,24.59379582,3642.670645,0.149413672,12.37831382,27.72725689,36.80050471,0,98.3751833,90.85544493,96.11926179,99.67241,95.84264606,Excellent,0,0
49.9957582,39.45406555,2391.877114,0.190368557,12.61246978,29.63546473,36.70121617,6,85,100,89.5,20.788681,81.7,Good,1,0
74.8260334,19.78332833,3097.134576,0.199772172,12.41854403,34.6810812,24.40512072,2,80,92.51494126,83.75448238,19.783419,84.75567768,Good,1,0
96.2415085,21.3518952,1898.377022,0.125353924,12.44984162,52.28174829,38.31853727,1,72.92456381,93.80596671,79.18898468,16.85328,84.27458415,Good,1,0
80.726739,36.65981786,2368.124495,0.111116093,13.0893643,62.41594878,46.97135423,0,100,93.29739563,97.98921869,99.68686,97.45301034,Excellent,0,0
87.96685123,38.14057894,1806.518112,0.251610707,12.88069201,73.85344467,32.72058525,2,100,100,100,20.079834,96,Excellent,0,0
101.3382625,25.53010237,3488.798786,0.498836249,12.43176153,70.89942598,26.32405798,9,46.74425008,93.06016295,60.63902394,2.257824,56.99544696,Warning,2,0
104.915292,26.20748506,2749.127478,0.347641051,12.48578164,50.01547418,33.2241993,9,56.82392995,95.28849245,68.3632987,3.2443643,62.07567771,Warning,2,0
83.96293098,33.69741238,2793.642821,0.051614977,12.1192518,70.41043948,43.54613195,0,100,80.16913669,94.05074101,99.692085,92.46427194,Excellent,0,0
105.3037883,16.03740122,3586.547318,0.558695978,12.33081138,36.58000772,22.73681161,9,22.7536015,88.89596949,42.5963119,2.0804882,45.33698103,Critical,3,1
86.38189988,18.83283789,3425.073038,0.310890102,12.52375912,13.58267971,40.78558259,5,69.27399318,96.85506349,77.54831427,18.618567,75.90000126,Good,1,0
72.43902664,28.31559959,3112.274029,0.543013152,12.74024544,36.57737857,28.21985541,3,83.79912323,100,88.65938626,25.280869,87.19563175,Good,1,0
76.08399472,39.2993434,1362.618122,0.106904131,12.69968836,33.87478971,37.42063081,9,80,100,86,19.047188,73.6,Good,1,0
62.79195231,27.38561947,1943.456704,0.556627734,11.95629638,37.36025856,29.35668725,2,82.89148437,73.44722558,80.05820674,25.600946,78.72436916,Good,1,0
71.67799219,30.60562075,1696.889491,0.057667935,12.79079309,30.81250542,29.32983045,1,100,100,100,20.138336,98,Excellent,0,0
79.62974968,36.80273564,3082.026955,0.405493369,12.36449053,40.77780845,50.23094916,2,92.96710877,72.50000714,86.82697828,21.291887,82.59618839,Good,1,0
97.05377529,42.6413084,2636.521553,0.154015499,12.00520346,62.40034428,20.90913409,1,85.89244942,75.46464263,82.76410738,19.657219,82.75139296,Good,1,0
110.8115475,26.53890916,1387.590053,0.00124025,12.93455389,84.30514205,39.85366178,4,65,92.89651561,73.36895468,16.54427,74.60067593,Warning,2,0
64.26727727,29.89897966,2349.00463,0.671279889,12.9853116,15.49307051,52.31324411,1,80,75.13497003,78.54049101,21.746206,80.15128861,Good,1,0
90.89241202,40.93233133,1304.710131,0.571537318,12.50549879,24.24530746,41.85521926,2,80.11268809,96.10182521,84.90942923,21.010471,86.16602258,Good,1,0
69.39184091,20.86680435,2457.47481,0.058675535,12.68351744,34.17107483,21.68902981,3,83.4672174,100,88.42705218,15.603429,87.05623131,Good,1,0
92.12045633,36.16548642,1175.701997,0.092385743,12.70697968,65.31483755,22.18419491,6,80.75908735,100,86.53136114,14.993679,79.91881669,Good,1,0
83.03370024,23.89010681,2923.061995,0.360568147,12.95830886,45.90105114,27.48374623,8,71.52255078,100,80.06578555,23.994816,72.03947133,Good,1,0
57.53641261,30.6148342,2802.370101,0.35726433,12.69122741,35.51781554,36.57907912,0,96.18237799,100,97.32766459,99.74526,98.39659875,Excellent,0,0
98.92445487,28.54428572,4026.358795,0.327981991,11.86892469,64.33466015,37.25942694,6,64.75844829,69.84314342,66.28385683,11.021513,61.73894278,Warning,2,0
75.92498931,24.2519304,3178.298632,0.018808828,13.2039231,69.12780533,22.28303446,1,97.00772158,100,97.90540511,20.138336,96.74324306,Excellent,0,0
76.99149642,24.10138843,2161.668595,0.056318129,12.82626276,49.62480081,26.27242542,9,76.40555374,100,83.48388762,20.138336,72.09033257,Good,1,0
68.95371383,31.65848619,3154.456075,0.032858459,12.19619032,33.67561547,26.88517513,2,100,83.34285061,95.00285518,20.411087,89.67028323,Excellent,0,0
75.18575085,35.97323597,1381.868895,0.178520195,11.98814997,55.40559134,33.19253192,8,80,74.76118631,78.42835589,16.257309,66.0092508,Good,1,0
91.41835661,29.22158278,1730.021917,0.006334102,12.60192537,45.33463583,54.84695457,7,77.16328678,66.52035445,73.97040708,12.287563,63.68631514,Warning,2,0
82.16133489,30.42067895,2766.514026,0.032678585,12.28869598,45.17973512,25.66812934,3,100,87.15870937,96.14761281,19.657219,89.12030956,Excellent,0,0
89.92993003,33.4270444,773.4002698,0.223245071,12.53199814,39.75199563,25.23042167,3,100,97.19492334,99.158477,20.079834,92.93407087,Excellent,0,0
90.42882781,24.17028736,2470.271372,0.039244995,12.69736274,68.49966495,23.66859705,3,95.82349383,100,97.07644568,19.392086,92.24586741,Excellent,0,0
104.8099248,34.43815505,1683.789366,0.322076958,12.17342324,54.99760453,41.35544571,4,73.52820278,82.40370885,76.1908546,18.875605,74.19525453,Good,1,0
79.85820774,34.91605858,2581.045644,0.028182255,11.9535568,70.71401764,34.58658404,4,95,73.33421812,88.50026544,19.657219,79.76700289,Good,1,0
62.84713275,45.62175779,1637.810914,0.601325987,12.55432739,76.72652291,26.03773452,6,65,98.11600472,74.93480142,26.043135,72.58408179,Warning,2,0
101.0083362,27.74337486,2839.39851,0.064956845,12.18664486,59.17961538,31.37204416,4,75,82.94910039,77.38473012,16.77857,75.02065815,Good,1,0
80.02767742,27.25150919,2515.461939,0.074184023,12.45843831,39.8704577,27.08489699,7,80,94.16058046,84.24817414,19.047188,75.38102058,Good,1,0
101.7188867,34.61379523,3620.292734,0.001254204,11.86266943,70.80652464,37.95891281,4,75,69.58511379,73.37553414,16.77857,69.94234324,Warning,2,0
90.7506567,34.91462501,2505.387627,0.343520956,12.29912691,59.31329405,61.51969806,3,95.59728953,53.58898505,82.99479819,21.291887,74.51467592,Good,1,0
83.03293705,26.78947708,1885.085756,0.155939475,12.68598076,102.0673555,40.50864406,3,100,67,90.1,17.09106,81.46,Excellent,0,0
90.23163841,27.58102394,2302.491315,0.740805772,12.642373,56.20205777,34.07011485,7,59.53672318,100,71.67570623,4.9705267,69.00542374,Warning,2,0
114.2651884,33.24678503,1424.610882,0.033092054,12.08465681,63.95376078,28.35024513,1,70,78.74209348,72.62262804,13.129557,77.32199552,Warning,2,0
116.1547079,25.03449456,2824.909804,0.480187111,11.93269425,55.80847783,21.56599918,2,57.98752595,72.47363791,62.33335953,5.4887476,67.8947433,Warning,2,0
86.04071703,27.53679607,2971.880197,0.05119059,12.40630548,48.01802816,42.33689731,3,100,92.01010088,97.60303026,12.938285,90.96383833,Excellent,0,0
87.4028589,30.5375566,4475.356829,0.244722118,12.62441312,44.82416901,41.79354178,6,75.49286341,100,82.84500439,13.435298,77.70700263,Good,1,0
101.1436024,35.97563211,2002.531208,0.094389989,12.56207006,55.88487689,30.33899003,1,80,98.43538981,85.53061694,16.85328,89.00544813,Good,1,0
72.31508451,26.3724083,2285.764341,0.170043751,12.19513606,60.42351504,47.13333983,4,95,76.04600715,89.31380214,17.475641,80.79748272,Good,1,0
89.99605559,18.94569323,2039.39318,0.035668624,12.51912978,73.08775799,35.21106939,6,65,96.6641033,74.49923099,16.85328,72.03235925,Warning,2,0
84.61205728,18.50041519,2669.690961,0.266358827,13.00094219,56.17701117,42.74760735,9,60,100,72,2.6238322,65.2,Warning,2,0
89.70862317,22.4435216,2805.352428,0.132247247,12.48205787,40.74221649,37.96197002,4,84.7740864,95.13488734,87.88232668,16.85328,83.75637348,Good,1,0
72.49946791,22.12099369,2457.300124,0.000970056,11.74674083,43.46292007,33.2286412,9,68.48397476,67,68.03878233,9.128296,56.2232694,Warning,2,0
61.1564876,29.07233545,3369.060733,0.08313985,12.48128014,23.54126114,25.45115389,6,85,95.10280558,88.03084167,20.138336,79.83906612,Good,1,0
53.90524846,22.86671908,2006.416397,0.000964688,13.21758279,83.22427687,33.54463408,7,71.46687631,94.67994316,78.43079637,20.138336,71.99446645,Good,1,0
68.23923831,25.78347024,3288.939238,0.043205738,11.88504367,39.17652773,43.42050669,2,100,70.50805158,91.15241548,19.657219,84.7930596,Excellent,0,0
78.11987073,25.35548469,2930.798283,0.433081618,12.41188986,69.3488092,29.91864888,9,71.12789211,92.24045692,77.46166155,20.389969,66.92508831,Good,1,0
80.6021262,27.35695283,2490.376064,0.101144602,12.30946583,55.53101715,39.39741396,2,100,88.01546535,96.40463961,17.713797,91.44587683,Excellent,0,0
114.0584674,37.93502599,2248.050687,0.331328653,12.43835318,56.07463662,24.17264118,1,67.91142314,93.33206883,75.53761684,20.407671,81.98898387,Good,1,0
101.5899005,33.97168554,4441.334207,0.362818259,12.47770086,47.65104249,42.80058336,0,66.98543191,94.95516053,75.3763505,99.75105,84.2168424,Good,1,0
70.56863325,30.09677649,1846.393079,0.005844076,12.85598879,34.24402223,38.12941336,6,85,100,89.5,19.392086,81.7,Good,1,0
90.21562679,27.23384232,2738.346542,0.690350004,12.43391331,30.62929199,22.97889241,6,64.56874643,93.14892423,73.14279977,23.994816,70.5154647,Warning,2,0
78.89382645,27.40060406,1899.824744,0.122040439,12.91090382,84.56930778,32.75985476,1,100,92.46064217,97.73819265,19.047188,95.13504402,Excellent,0,0
80.73454243,31.96647882,3928.496599,0.391869464,12.35293774,52.27922158,44.31440909,8,73.87536905,89.80868163,78.65536282,21.010471,69.15495402,Good,1,0
87.77988474,33.50501444,3209.461063,0.120870273,12.25994529,72.50535492,22.40967459,2,100,85.97274323,95.79182297,19.30874,90.66964243,Excellent,0,0
94.28756675,24.55429496,1957.320097,0.106573288,12.13232681,77.69813875,24.29049761,6,74.64204634,80.70848078,76.46197667,19.30874,70.01888216,Good,1,0
79.91112274,30.21888453,2910.075995,0.357606204,11.67316519,41.7830614,34.30503045,5,86.15958641,67,80.41171049,24.714924,71.64702629,Good,1,0
100.957773,17.81028259,2706.156577,0.658733581,12.51031256,58.47011532,56.3333073,5,30,62.3003933,39.69011799,2.060163,46.27414945,Critical,3,0
67.87092661,31.27028271,2086.70019,0.20086057,13.22160012,50.90021551,28.27421916,7,80,100,86,20.138336,77.6,Good,1,0
85.09508594,34.57289545,3106.531374,0.005879513,12.58329419,26.85572394,39.95274,9,80,99.31088538,85.79326561,16.54427,73.33813644,Good,1,0
123.6783703,28.31958824,2811.444313,0.170131957,12.67469894,46.29040048,37.60135408,7,50,100,65,1.9160271,65,Warning,2,1
88.34619614,40.89916198,2672.558971,0.084141568,12.23478747,61.7501318,29.104801,9,80,84.93498314,81.48049494,19.30874,67.87529359,Good,1,0
106.4982176,24.71256932,2466.464231,0.192617508,12.30226664,40.0194149,36.61133352,8,58.85027726,87.71849904,67.5107438,2.2400975,62.05014609,Warning,2,1
86.37280267,31.30464249,2844.843594,0.130622237,12.7938566,43.50313609,30.52165338,3,100,100,100,19.392086,94,Excellent,0,0
93.71165643,29.78505152,2683.510129,0.065611253,13.20347746,46.53266289,31.4219521,5,82.57668714,100,87.803681,17.233616,82.6822086,Good,1,0
84.14825208,29.398214,2547.274666,0.011767798,12.99517917,92.23058663,18.38728097,1,100,79.81953207,93.94585962,20.411087,90.33142219,Excellent,0,0
82.44388628,29.31406699,1987.187267,0.004494063,12.72209785,13.31902126,34.75563765,9,80,100,86,19.392086,73.6,Good,1,0
73.30776405,30.64263018,3855.012993,0.301985484,12.41406023,60.03286598,43.99093507,9,79.8676344,92.32998456,83.60633945,19.203627,70.62980058,Good,1,0
91.45452038,35.08775246,1659.664045,0.111392762,12.48388757,44.93321845,35.57425775,8,77.09095923,95.21036209,82.52678009,16.85328,72.55814047,Good,1,0
72.22694216,38.26641742,2842.108975,0.665317871,12.09859707,37.18690183,45.90507761,7,60,76.23986536,64.87195961,2.5919378,60.17114884,Warning,2,0
94.98377854,29.98649853,2243.807406,0.740805772,11.82073299,44.44248586,40.80327446,8,50.03244291,67.8552359,55.37928081,1.7541707,50.79861566,Critical,3,0
101.2793051,34.89189643,3907.637816,0.326258979,11.94928066,63.34752488,34.40458694,7,58.24940137,73.1578271,62.72192909,1.5285432,58.26472287,Warning,2,0
90.49797111,25.78939832,1777.21397,0.216002659,12.41992001,64.49047188,28.72074447,2,99.00405778,92.57170057,97.07435062,19.352795,92.75895049,Excellent,0,0
80.706269,34.59573272,1911.789391,0.077524422,12.2832031,53.72034245,30.13736285,2,100,86.93212769,96.07963831,16.39558,91.03420852,Excellent,0,0
91.80948369,25.42805086,1724.145549,0.144752906,11.81222332,71.85482633,20.29489526,5,86.38103262,67.50421187,80.7179864,19.30874,71.93163421,Good,1,0
80.36990417,36.54395962,2758.772041,0.202632098,12.38507065,75.3766599,32.3292111,4,95,91.13416425,93.84024927,19.701874,86.53098241,Excellent,0,0
99.03320688,43.26384526,1401.559472,0.536746496,12.27262787,66.32751884,36.45998759,7,46.15048647,86.49589965,58.25411042,2.295369,58.25164618,Critical,3,0
57.52890874,29.26749667,2117.177204,0.253057092,11.93086046,39.07615098,52.15421098,7,80,48.07367656,70.42210297,9.494913,57.86799709,Warning,2,0
79.96588948,16.84473906,778.1073417,0.071768916,12.2519284,59.88883098,40.28320323,9,60,85.64204632,67.6926139,1.5469193,59.7439776,Warning,2,0
55.13782007,26.7115624,2692.337083,0.124724339,12.2716188,59.98401318,26.3514602,7,80,86.45427549,81.93628265,20.411087,72.45262469,Good,1,0
62.57408755,37.39125081,2099.828113,0.740805772,12.15334514,33.68737133,20.60631724,0,80,81.57548719,80.47264616,99.7439,84.59868513,Good,1,0
105.4579334,33.31846072,1309.554605,0.061969702,12.77066807,18.61122212,32.93447913,3,80,100,86,16.54427,85.6,Good,1,0
98.42777473,31.49348159,3368.487522,0.344244833,11.63883938,9.544487573,43.11764447,3,80.19479503,67,76.23635652,18.146824,73.14181391,Good,1,0
74.2077965,36.05201014,1453.866481,0.042424759,11.6056804,51.3971098,32.79383663,6,85,67,79.6,15.210032,69.16,Good,1,0
62.46244816,32.90672064,3137.554952,0.048754601,12.40131431,55.9607943,40.41984175,3,100,91.80421544,97.54126463,14.993679,90.88560187,Excellent,0,0
44.51298544,37.30635112,1939.167341,0.569136363,12.43845088,26.36436845,33.18874551,9,62.05757578,93.33609862,71.44113263,18.549675,63.5318993,Warning,2,0
76.84756738,35.51654206,3781.257102,0.151855924,12.56168605,70.92064665,42.17000435,2,100,98.41954974,99.52586492,17.713797,95.3994289,Excellent,0,0
121.3062252,39.13020272,3099.640431,0.164438774,12.1844106,53.04436299,19.02741977,4,65,82.85693711,70.35708113,14.500374,70.7856361,Warning,2,0
91.52326407,32.1527765,1693.561703,0.099310743,12.03283048,76.9890523,51.0418212,8,76.95347186,56.06206513,70.68604984,6.8177643,57.62404293,Warning,2,0
76.60641571,35.43155641,1766.333958,0.118014463,12.39707355,57.4107174,23.87516552,3,100,91.62928381,97.48878514,20.138336,90.81912785,Excellent,0,0
91.97620314,28.15723756,2984.420164,0.146351506,12.22336875,28.67332856,42.9373233,0,96.04759371,84.46396077,92.57250383,99.692085,92.43629445,Excellent,0,0
61.58562471,26.39123513,2290.097495,0.063291484,13.02042856,59.16562427,32.27816005,3,100,100,100,20.138336,94,Excellent,0,0
80.54014956,40.24060584,2364.525994,0.053992902,12.2703091,63.4022139,33.841721,3,100,86.40025038,95.92007511,19.657219,88.83209514,Excellent,0,0
86.4921621,31.29722806,3517.791089,0.385213065,12.37872594,39.04752828,32.58898094,6,79.31912899,90.872445,82.78512379,24.402285,75.84556327,Good,1,0
83.70849022,34.8292834,1901.048901,0.098486212,13.39016726,21.15814005,37.55604585,7,80,100,86,17.233616,77.6,Good,1,0
96.86209183,30.74244009,2573.035018,0.155861797,12.32209591,52.00592129,39.57524543,5,76.27581635,88.53645626,79.95400832,16.85328,75.67969625,Good,1,0
90.16967839,26.48090609,3263.702235,0.740805772,12.62246275,29.98310729,45.58361512,4,74.66064321,98.0157086,81.66716283,21.010471,80.60343942,Good,1,0
95.02489027,30.06589736,3147.293991,0.00798455,12.65852377,72.41775326,49.07948883,5,79.95021946,86.12973799,81.80407502,13.129557,76.30839261,Good,1,0
74.67441577,38.61596411,2372.309866,0.07737062,12.69256066,41.85646639,38.31821547,1,100,100,100,14.993679,98,Excellent,0,0
98.46723113,33.33144045,2268.875295,0.181583307,12.51579491,84.49202213,52.13674239,1,83.06553775,64.84977923,77.60081019,13.129557,77.53044196,Good,1,0
109.4340542,19.73116104,1108.94763,0.511873489,12.47753632,7.51682665,35.92972543,6,30.87510073,94.94837311,50.09708244,1.4937878,57.04792409,Critical,3,0
70.44775721,28.70853326,1655.004006,0.389767073,12.44013372,52.69591208,45.77440362,8,74.01552848,90.77254347,79.04263298,24.402285,69.58008848,Good,1,0
71.68456516,40.69376276,2754.687381,0.536960416,12.16960244,78.5878528,39.28719673,5,74.20263894,82.24610061,76.61567744,24.714924,72.41862659,Good,1,0
105.036765,28.71721883,2389.694249,0.0809494,12.53020752,32.19391368,29.50795369,0,80,97.12106025,85.13631807,99.68686,90.50600289,Good,1,0
82.1298402,19.19712785,2559.941663,0.196059953,13.21145833,46.81598129,36.81234154,9,60,100,72,3.4210622,65.2,Warning,2,0
106.0573209,41.35829331,3331.402888,0.648869861,12.88427276,41.93928571,40.03171878,3,60,100,72,6.278801,77.2,Warning,2,0
78.36196432,34.09435506,1550.141513,0.454328572,12.52156721,36.32464716,34.67801869,7,69.71142855,96.76464737,77.8273942,23.994816,72.04936599,Good,1,0
106.8256836,29.57992285,2311.055758,0.173027616,12.74233192,54.89245282,39.12856518,8,60,100,72,2.8351605,67.2,Warning,2,1
86.97228725,27.77149358,2650.968771,0.022580785,12.05232964,24.09156798,43.65362959,9,80,77.40859751,79.22257925,12.050134,65.01526705,Good,1,0
88.87343235,36.49411158,1936.67205,0.218235514,12.29579514,47.78062437,34.76626858,1,100,87.45154946,96.23546484,17.783546,93.23158879,Excellent,0,0
108.4707703,26.7480996,3645.181691,0.004524349,12.77913994,60.31988475,10,1,80,100,86,19.392086,89.6,Good,1,0
79.57344284,36.88953855,3226.869441,0.416298276,12.99486688,45.69812577,51.78270151,6,77.24678163,76.93881485,77.1543916,21.666563,69.68039793,Good,1,0
70.88316856,33.25317171,2732.106662,0.672251396,12.09165353,29.995916,32.0240857,7,60,79.03070816,65.70921245,5.413449,61.2316691,Warning,2,0
78.27153688,31.46809155,3935.385423,0.34188985,12.20656468,70.60370797,26.76719779,8,77.2073433,83.77079289,79.17637818,25.180113,68.25998549,Good,1,0
91.78500926,30.87308883,1300.883776,0.079072704,13.27255032,64.60513923,23.75889704,5,86.42998148,100,90.50098704,19.047188,84.30059222,Excellent,0,0
61.51361392,28.95019178,2493.818975,0.164708599,12.4385045,29.17625657,31.63554098,1,100,93.33831062,98.00149319,20.138336,95.46855804,Excellent,0,0
94.56206354,36.27384072,2793.069575,0.181112085,13.12934479,24.1178487,29.37252169,7,70.87587292,100,79.61311104,17.713797,73.76786663,Good,1,0
76.91843024,24.80794301,1768.355963,0.107418298,12.48274293,30.96151168,27.62990536,6,84.23177203,95.16314574,87.51118414,20.138336,79.53933963,Good,1,0
102.2171899,20.26844924,2740.571633,0.513695095,12.49847211,60.90546331,28.1787373,4,41.82745727,95.81197466,58.02281248,3.6646366,65.97608242,Critical,3,0
49.08609543,33.68664074,1614.734005,0.106839718,12.27780364,55.51145798,40.29742824,6,85,86.70940035,85.51282011,21.43972,76.64957213,Good,1,0
73.20151337,33.78742997,3052.445855,0.483824424,12.77702206,65.80165425,55.30363441,2,87.74503842,66,81.22152689,21.666563,77.93291614,Good,1,0
59.70297773,32.88144692,3346.267815,0.198283769,12.94311102,43.47699564,43.20571598,8,80,100,86,19.392086,75.6,Good,1,0
72.606558,32.44637022,2717.866721,0.033646992,11.98599911,31.50531525,46.22598185,0,100,70.50412492,91.15123748,99.677315,88.79156747,Excellent,0,0
88.71498852,28.07675773,1017.761748,0.542759484,12.25901978,68.37692977,31.22589969,8,63.81603441,85.93456589,70.45159385,17.513138,63.45786949,Warning,2,0
82.31160062,34.72489623,1726.565183,0.172538421,12.76603141,38.93102973,36.04665366,8,80,100,86,19.392086,75.6,Good,1,0
81.19933647,29.72665124,2951.768003,0.025809219,12.34818054,53.73096112,39.26482404,6,85,89.61244748,86.38373424,17.713797,77.75273004,Good,1,0
82.61222693,27.07731864,2516.958915,0.542750214,12.20264581,19.00150322,28.40442106,8,63.81665238,83.60913977,69.7543986,17.194534,62.57446711,Warning,2,0
88.05082361,28.12865213,500,0.373873433,12.80381686,38.60379151,30.74269929,9,75.07510449,100,82.55257314,24.402285,71.53154388,Good,1,0
69.87195937,42.12383819,3494.264307,0.080686374,12.84138128,70.18792642,43.54551958,1,100,100,100,19.392086,98,Excellent,0,0
95.60274461,19.59014351,2609.325205,0.13655606,12.22014316,35.67450867,45.90292755,5,58.79451077,81.26095183,65.53444309,2.5664806,65.57285622,Warning,2,0
94.93998956,32.99872863,1844.740269,0.625247234,12.48494661,66.29007643,35.6741027,6,55.12002089,95.25404771,67.16022894,5.4963293,67.3469469,Warning,2,0
90.77556906,19.92533743,3295.964478,0.104326514,11.91661008,3.379606076,23.04842819,9,58.44886187,71.81016587,62.45725307,1.8940032,53.83638502,Warning,2,0
93.34800164,29.35059997,1957.96799,0.2129545,12.04180764,38.81216681,32.04408017,7,73.30399672,76.97456498,74.4051672,14.297014,66.03801331,Warning,2,0
89.44627001,27.39823509,1949.238306,0.398766605,12.44966609,46.57290708,20.58668865,5,83.41555969,93.79872633,86.53050968,24.402285,80.67805108,Good,1,0
115.5260995,17.48983022,2786.682121,0.11211698,12.41256272,84.85080607,35.7520241,5,40,84.26438198,53.2793146,1.2731314,58.82046515,Critical,3,0
83.69358743,32.33422554,3924.830767,0.493430917,12.01324956,26.6187424,37.55403111,1,87.10460555,75.79654449,83.71218723,22.126616,83.38662124,Good,1,0
80.39375172,27.71977163,3798.869742,0.300704302,12.11361043,63.41986591,32.29289579,3,99.95304651,79.93643024,93.94806163,21.26825,86.35612302,Excellent,0,0
73.69708629,17.40476194,2787.769199,0.200769284,11.97398225,71.13863562,37.41711222,4,75,74.1767679,74.75303037,19.657219,71.6871718,Warning,2,0
69.51605994,35.03740854,2869.908527,0.172611489,12.58202394,35.57020706,39.16901239,8,80,99.25848764,85.77754629,19.392086,75.3182253,Good,1,0
66.33292319,38.61003707,3133.199146,0.465908278,11.61294432,42.52952102,37.56862043,8,68.9394481,67,68.35761367,11.877453,58.4145682,Warning,2,0
71.6680403,38.94074605,1494.41306,0.341925483,11.99536911,52.83257548,22.98469708,6,82.20496782,75.05897571,80.06117018,25.600946,71.04849725,Good,1,0
83.93979428,32.15373864,3015.31867,0.161928966,11.65482338,20.37030066,32.46735674,1,100,67,90.1,19.657219,85.46,Excellent,0,0
90.01442693,30.27634883,1912.741225,0.104225829,12.56760824,40.89793576,39.09842978,7,79.97114615,98.66383996,85.57895429,16.85328,77.08014057,Good,1,0
85.76713088,37.96893973,2754.782453,0.119966856,11.67890658,75.52224082,50.78711771,4,95,47.32379978,80.69713993,17.09106,69.88304391,Good,1,0
73.51697084,40.09430151,2318.025898,0.245866733,12.41269168,60.45309622,32.2807425,6,85,92.27353178,87.18205953,20.079834,78.76394207,Good,1,0
98.50276846,36.80141222,2900.966662,0.006811706,13.05580961,46.86497421,40.508402,4,77.99446308,100,84.59612416,16.85328,82.75767449,Good,1,0
96.09119008,24.35077439,2594.482772,0.044176092,13.06937359,52.26144724,43.78151912,7,65.22071738,100,75.65450216,16.85328,71.3927013,Good,1,0
82.60527539,31.20806912,500,0.68596389,11.67763697,61.61810731,33.03372302,2,80,67,76.1,24.303907,75.06,Good,1,0
75.20625783,32.63709687,2643.113369,0.382378899,12.51936384,65.44820296,46.48407747,1,94.50807342,91.62789501,93.64401989,21.010471,92.51199094,Excellent,0,0
93.22641881,19.14229819,3013.722362,0.352021835,12.00441148,38.87171705,47.02173831,2,70.07904003,68.55806334,69.62274702,18.20426,71.48526088,Warning,2,0
87.81960381,32.81616396,2856.742679,0.194138954,11.92274559,80.69441887,48.80384734,9,80,57.98438332,73.395315,8.001888,57.63406566,Warning,2,0
63.27809111,43.63795096,2417.931243,0.079364057,12.35461202,76.32696402,39.58432169,0,100,89.87774575,96.96332373,99.698845,96.15354339,Excellent,0,0
83.98029616,33.83961699,3813.729354,0.225261897,12.89131646,63.54515261,58.6013725,2,100,66,89.8,17.715132,83.08,Good,1,0
88.93053718,38.84047849,2749.098503,0.009132901,12.63986355,33.14080268,28.84716887,3,100,100,100,19.392086,94,Excellent,0,0
71.5045782,31.09748838,2850.13864,0.17356788,12.11394363,29.59552186,56.24077586,8,80,45.95017468,69.7850524,6.8177643,55.06106638,Warning,2,0
87.84765089,29.56069006,3335.593515,0.003462783,12.6820136,43.46792407,42.68299489,3,100,100,100,16.85328,94,Excellent,0,0
63.17766272,32.28762834,2790.0744,0.117595874,11.50251667,51.21530195,48.40387333,8,80,55.42683068,72.6280492,9.547502,58.66219566,Warning,2,0
105.0427915,25.10504011,1781.585797,0.740805772,12.09882168,14.63016269,31.79962245,9,40,79.32639433,51.7979183,1.5735388,48.94402984,Critical,3,1
103.7192498,24.21734888,549.330069,0.098400356,12.07044338,59.89386267,43.44474703,6,61.86939551,78.15578951,66.75531371,6.9772425,63.68434613,Warning,2,0
81.21223999,37.59782734,2118.303278,0.293844299,12.43132828,75.74924528,49.26974164,3,100,78.52516985,93.55755095,13.632763,85.83956454,Excellent,0,0
90.45181507,38.23405406,3108.756421,0.128505027,12.31886881,61.5294828,24.12641356,5,89.09636986,88.4033386,88.88846049,19.047188,81.01374401,Good,1,0
48.85117051,24.05336211,2217.522935,0.009907593,12.34341156,36.47894394,33.36673718,6,81.21344843,89.41572696,83.67413198,15.603429,76.08762458,Good,1,0
67.6547851,35.80799283,3140.942698,0.001455511,12.33011219,34.11193205,13.58747312,1,100,88.86712775,96.66013833,20.138336,93.76950855,Excellent,0,0
80.5933162,29.47824015,2618.982541,0.040510704,12.4089629,55.99704688,33.21667023,8,80,92.11971948,83.63591584,19.392086,72.6054934,Good,1,0
68.91800468,32.03885145,3530.452856,0.063097873,12.61605239,46.93392569,26.83991807,4,95,100,96.5,20.138336,89.9,Excellent,0,0
95.71594724,32.76131184,2263.826634,0.125359562,12.45973241,58.86082349,32.82232312,8,68.56810552,94.21396193,76.26186244,16.85328,68.59990985,Good,1,0
114.959448,35.96610281,2874.091861,0.070257946,12.28625927,62.03442745,61.51969806,6,55,53.05819503,54.41745851,1.3866603,51.26211411,Critical,3,0
67.35077921,30.49630921,2904.708052,0.188773922,12.56069931,71.83781058,52.17803507,8,80,73.97352739,78.19205822,14.057339,65.70994041,Good,1,0
72.43804894,38.46097197,3701.281498,0.376136992,12.73044942,27.35753142,20.60552463,0,94.92420054,100,96.44694038,99.74526,97.86816423,Excellent,0,0
88.53172552,31.85647704,1134.690155,0.007511759,12.17758964,54.43237896,40.55738302,0,100,82.5755728,94.77267184,99.692085,93.37871767,Excellent,0,0
109.1667422,33.74510563,2133.27338,0.037044805,12.37623891,42.73049992,42.98931087,1,80,90.76985494,83.23095648,16.85328,86.09254488,Good,1,0
66.66438531,25.00042445,3178.812884,0.717378224,12.86476263,48.02729912,31.62102913,8,60,100,72,8.038574,67.2,Warning,2,0
88.73554183,42.95195406,3736.717184,0.322920068,11.95889573,67.28817705,36.78307603,9,78.47199544,73.55444883,76.99673145,10.563874,62.90892864,Good,1,0
112.3194828,32.81894954,2692.05721,0.045533767,13.12188088,69.46251746,37.75982207,9,50,100,65,0.92108846,61,Warning,2,1
60.22361278,34.27798455,2265.836668,0.019350717,11.86433801,77.96887301,21.53388627,3,100,69.65394292,90.89618288,15.826941,82.46849831,Excellent,0,0
65.7839619,20.35088513,3105.694695,0.481712666,12.26185416,58.51180501,24.68670646,2,69.28936279,86.05148392,74.31799912,20.146257,77.80109626,Warning,2,0
78.6459009,25.06378786,3194.96214,0.595046903,12.019924,47.79966418,36.72296718,3,80.33020645,76.07186505,79.05270403,24.303907,76.64599543,Good,1,0
77.19117381,37.42730213,2212.270657,0.1860351,13.2751708,44.94243061,35.99402528,8,80,100,86,19.047188,75.6,Good,1,0
97.18901932,31.72134671,2764.24585,0.194304441,12.19865999,15.30489995,27.91437285,2,85.62196137,83.44472452,84.96879031,17.157566,83.67021909,Good,1,0
88.6248958,18.51732159,3444.42181,0.02222312,12.19966354,76.7947009,27.0562386,5,70,83.48612092,74.04583628,19.657219,71.12472595,Warning,2,0
58.37556911,36.22973957,4012.367195,0.168850526,12.2517005,43.56203172,34.1022075,6,84.75265611,85.63264579,85.01665301,20.411087,76.13652097,Good,1,0
92.73115604,26.73730317,3094.083967,0.201451807,12.43824112,60.1179412,43.86150953,3,94.53768791,93.32744633,94.17461544,17.131138,89.17025853,Excellent,0,0
76.33691669,38.46790192,2535.311117,0.69213237,12.26862329,63.57993051,34.23514229,4,75,86.33071065,78.39921319,24.303907,76.30567005,Good,1,0
104.1167083,29.47298593,2456.739859,0.047213617,12.34684528,25.09368982,51.22730831,6,65,68.38451948,66.01535584,5.9724035,61.2861174,Warning,2,0
75.58618695,31.22824012,2945.917246,0.106926173,11.32769981,31.53307215,28.04179452,7,80,67,76.1,14.562929,65.06,Good,1,0
75.45077075,37.07372747,2407.461726,0.16166353,12.42286393,80.94039814,36.93109801,1,100,91.14148036,97.34244411,19.047188,94.63376254,Excellent,0,0
93.11697416,24.61504217,2651.712399,0.045991114,12.40712265,55.80871031,31.45704571,5,82.22622038,92.04380925,85.17149704,16.919046,79.51166007,Good,1,0
96.44389724,24.04291915,1653.698988,0.385218628,12.81542752,38.38828671,40.87960946,1,77.6026403,100,84.32184821,21.381533,88.59310892,Good,1,0
91.72149046,28.82100948,3537.645757,0.086771689,12.92362438,47.47305978,27.18412118,0,96.55701908,100,97.58991336,99.67958,98.55394801,Excellent,0,0
59.71604024,34.9630368,1587.852218,0.085555274,12.32491678,71.7247381,54.27397754,6,85,57.12129335,76.63638801,14.800512,65.40609147,Good,1,0
93.0705166,22.01473648,2154.310592,0.391908228,12.72649163,68.68628959,18.09387597,4,70.79069751,100,79.55348825,24.402285,79.73209295,Good,1,0
69.48537922,19.9917924,2578.074609,0.024706391,11.95937249,20.67836476,52.1548024,2,80,49.24778697,70.77433609,14.500374,68.31415905,Warning,2,0
88.52914167,34.94232556,4092.789504,0.195191829,12.70693694,82.68567687,35.89988469,0,98.14420992,95.56863316,97.37153689,99.662926,97.53664877,Excellent,0,0
63.64398347,26.38213012,2161.853612,0.088826873,12.17100968,69.32296062,40.52424582,9,80,82.30414931,80.69124479,16.257309,66.87557674,Good,1,0
91.69483221,27.64664392,1967.187349,0.126894287,11.92612101,46.95049501,48.34524903,8,76.61033557,60.82864507,71.87582842,6.8177643,59.29122607,Warning,2,0
72.90101644,18.85913759,2059.346466,0.164919306,12.32576453,26.16555114,43.57661495,9,60,88.68778681,68.60633604,2.1317124,60.90135899,Warning,2,0
65.76048025,25.92612411,3827.117734,0.327981663,12.96018898,71.0801728,27.69973112,1,98.13455581,100,98.69418907,23.390514,97.21651344,Excellent,0,0
95.70730205,29.95459622,500,0.23668853,12.47240221,59.52855001,41.00089555,0,88.58539591,94.73659136,90.43075454,99.70013,93.205771,Excellent,0,0
88.62466783,35.58226715,1697.80959,0.260691331,12.99859526,20.84403244,53.67473973,2,100,70.50588493,91.15176548,17.715132,84.79223627,Excellent,0,0
75.79034798,25.372619,4612.341159,0.21949851,12.10050691,45.35843849,26.12708288,1,87.75317682,79.39591022,85.24599684,21.125496,85.02678015,Good,1,0
106.7676827,39.94425672,2972.705659,0.165272552,12.81914044,103.2034723,56.18428511,4,75,33,62.4,5.9942245,56.04,Warning,2,0
78.39021368,25.89266385,1615.212041,0.492615798,12.13913599,50.33003515,38.85702486,6,72.15894681,80.98935939,74.80807058,24.714924,69.08271423,Warning,2,0
85.48161511,25.90144919,2466.465614,0.015912422,12.49013147,35.16058811,30.66772228,1,100,95.46792308,98.64037692,19.392086,96.27781077,Excellent,0,0
89.03370172,39.22414531,2553.963653,0.273668014,12.48667313,29.83006749,26.06710615,3,100,95.32526667,98.59758,20.079834,92.22360134,Excellent,0,0
75.70501099,31.26876091,3176.900197,0.167771513,12.66459669,85.44197967,32.76712926,5,90,91.02073355,90.30622006,19.392086,82.38787875,Excellent,0,0
92.0670444,26.68785163,3971.601602,0.050209775,12.50029625,66.95518979,15.44721669,3,95.8659112,95.88722023,95.87230391,20.138336,90.70082639,Excellent,0,0
76.99821479,29.06920121,2810.841345,0.671517769,12.10432618,78.14878228,30.84755531,4,75,79.55345513,76.36603654,24.303907,73.73031295,Good,1,0
78.82542517,38.11844147,2068.169358,0.48241875,12.75212278,54.96370568,32.37072756,5,77.83875001,100,84.48712501,23.994816,80.692275,Good,1,0
105.4396396,38.79721692,3129.667554,0.491613642,13.09266264,75.08038471,24.25586351,9,47.22575718,100,63.05803002,2.2093177,59.83481801,Warning,2,1
69.39120921,25.09924092,1941.397843,0.102029839,12.16647863,33.03359221,42.47845195,3,100,82.11724353,94.63517306,19.30874,87.20455254,Excellent,0,0
48.80829504,29.74539714,1673.330003,0.219847793,11.66590717,53.25181962,32.81233712,0,100,67,90.1,99.69827,87.46,Excellent,0,0
109.1640549,30.54094097,1092.072902,0.300541592,12.59972783,55.7410703,28.64205455,8,59.96389387,99.98877288,71.97135758,3.121072,67.18056912,Warning,2,1
123.2399193,24.08255934,1247.897284,0.199839781,12.26752784,77.64893864,31.74666065,5,56.33023735,86.2855235,65.31682319,2.5664806,66.44719862,Warning,2,0
78.92096102,29.66588968,1782.843875,0.250223586,12.34755886,56.3768608,38.55107473,4,95,89.58680288,93.37604086,20.079834,85.94298509,Excellent,0,0
55.94742939,30.03193716,1557.768186,0.246184306,12.6224711,37.48976517,35.7322121,7,80,100,86,20.8457,77.6,Good,1,0
80.34274036,36.84125687,2750.589222,0.143734756,12.21744303,51.28147678,27.99024912,9,80,84.21952491,81.26585747,19.657219,67.60341946,Good,1,0
80.70665575,37.24455017,1540.478539,0.104834584,12.29245921,16.47173595,36.25653474,1,100,87.31394247,96.19418274,19.657219,93.17929814,Excellent,0,0
82.15114238,28.02474361,500,0.104910113,12.35995219,3.580625335,34.49324042,8,80,90.09802797,83.02940839,19.392086,71.83725063,Good,1,0
68.29917937,28.71628114,1664.87058,0.042191882,12.98790158,66.6268274,23.60535777,6,85,100,89.5,20.138336,81.7,Good,1,0
93.69341714,33.98575381,2122.512282,0.434460694,12.41202784,42.50512227,32.11495306,5,73.64911947,92.24614847,79.22822817,21.381533,75.98616659,Good,1,0
92.86761063,26.48886931,2015.64041,0.719510958,11.90573057,44.77165402,40.7933827,8,54.26477874,71.36138592,59.39376089,1.8776894,53.90853372,Critical,3,0
62.5839157,33.53184091,3715.619743,0.177809269,11.92164861,66.61893359,40.7213826,3,100,72.01800506,91.60540152,19.30874,83.36684192,Excellent,0,0
95.48795098,29.47256108,2009.165953,0.190454526,12.45569197,77.9402077,32.70035668,7,69.02409805,94.04729371,76.53105675,16.54427,70.72809279,Good,1,0
115.7902747,24.18360853,3204.738771,0.740805772,11.9482288,60.6897591,41.76772795,5,36.73443413,73.11443799,47.64843529,2.088052,53.21194877,Critical,3,0
87.57940499,24.25897972,2484.81392,0.473200979,11.77507861,88.5614566,25.20044503,9,65.48918697,52.8735966,61.70450986,10.304541,49.59742524,Warning,2,0
79.94012257,38.68235218,2466.156219,0.368462016,12.6542144,60.05378268,25.51012162,4,90.43586557,100,93.3051059,25.280869,87.98306354,Excellent,0,0
82.86995178,29.06147113,1831.695769,0.06900425,12.67379936,56.04426927,32.48745037,7,80,100,86,19.047188,77.6,Good,1,0
94.2288515,39.84212456,2452.973879,0.381285599,12.25274539,54.80777645,49.97566136,4,81.12325707,68.75849856,77.41382952,21.291887,72.19999743,Good,1,0
59.03992592,26.91818244,1887.923098,0.025985465,12.51746372,24.29008876,36.63251627,3,100,96.5953783,98.97861349,20.138336,92.70624376,Excellent,0,0
87.46586054,31.74723121,2636.019451,0.060967896,12.47524866,69.11997211,32.2463419,3,100,94.85400713,98.45620214,19.392086,92.04452271,Excellent,0,0
79.14304076,44.35606034,2311.000294,0.199355126,12.64096775,1.0906796,50.44138001,9,80,81.49930796,80.44979239,14.057339,66.56973702,Good,1,0
112.7173752,23.65567953,1744.297653,0.097651419,12.64189996,38.27494285,32.13061565,8,44.62271813,100,61.23590269,1.2520909,60.74154161,Warning,2,1
82.38740899,18.613113,3293.515472,0.135257874,11.35768456,50.45860701,57.34733237,2,80,33,65.9,9.280766,62.14,Warning,2,0
110.0183142,37.71954079,2841.472384,0.112524048,12.30380042,34.20475353,29.88716876,8,50,87.78176719,61.33453016,1.2520909,58.35707153,Warning,2,1
68.44388953,25.03914537,2141.549813,0.287313999,12.60716168,40.96488154,24.88271271,5,90,100,93,20.8457,85.8,Excellent,0,0
93.8088875,29.87576182,2616.394438,0.117282426,12.23581736,86.78751132,33.33638025,1,92.382225,73.77807256,86.80097927,17.09106,84.83620207,Good,1,0
89.79100396,26.48449074,2432.941983,0.143405953,12.41448106,72.08047772,32.50915739,7,80,92.34734355,83.70420306,17.713797,74.69199055,Good,1,0
71.96429128,31.60897669,1805.92725,0.569057421,12.70027999,36.28344638,26.92280024,1,82.06283861,100,87.44398703,25.280869,90.46639222,Good,1,0
87.66094172,24.29678276,2556.396983,0.493342547,12.43237009,40.60866978,61.01974078,8,64.29762787,59.08526635,62.73391941,7.881361,53.45740492,Warning,2,0
103.1877826,28.92035947,2003.190596,0.015696584,13.00316777,24.45992103,38.18626568,4,75,100,82.5,16.54427,81.5,Good,1,0
80.14312444,32.69889196,1744.052932,0.076738556,12.8507945,64.09987572,39.64249574,9,80,100,86,17.392307,73.6,Good,1,0
59.62056026,23.95014668,1201.786136,0.527519042,12.35257434,45.00515099,30.38120733,4,75.63265063,89.79369148,79.88096288,24.863546,77.88731602,Good,1,0
84.7365576,25.79949582,2213.114117,0.00916956,12.32078153,10.67067058,29.22330615,0,100,88.48223818,96.54467145,99.67241,95.62325051,Excellent,0,0
71.46365358,27.915703,2953.576528,0.058674953,11.32769981,52.01567184,45.25558356,7,80,66.13101591,75.83930477,14.256514,64.72978604,Good,1,0
79.86488592,21.42710739,1944.272517,0.239944711,12.26939912,58.77957767,18.24158227,7,65.70842958,86.36271375,71.90471483,16.822624,66.41537165,Warning,2,0
83.77618345,27.4646341,4516.566954,0.224835276,11.85869244,69.26281946,23.57135527,3,89.66866093,69.42106327,83.59438163,20.351988,78.04084163,Good,1,0
59.41521676,30.71277924,3208.548523,0.155883098,12.48849182,48.53290411,32.52691494,2,100,95.40028744,98.62008623,20.138336,94.25210923,Excellent,0,0
60.76512491,27.60270635,3543.464106,0.143550188,12.46114828,42.54657674,48.51047306,8,80,82.33675834,80.7010275,19.657219,68.88796817,Good,1,0
92.23100253,28.37174104,3136.19441,0.293498754,12.6783423,89.72529361,31.25483027,7,75.53799493,83.95326554,78.06257612,18.110687,69.62819878,Good,1,0
77.15921956,29.88058997,3982.29198,0.328978446,12.95866819,50.13172312,39.16151557,2,98.06810357,100,98.6476725,22.557795,95.1886035,Excellent,0,0
46.52883487,26.06553923,1870.398413,0.414979716,12.38949223,64.39123663,35.27728679,7,72.33468562,91.31655441,78.02924626,25.280869,71.08085864,Good,1,0
96.77266055,34.1463754,500,0.173171764,13.31216652,39.20920713,47.96258413,2,86.4546789,89.92721396,87.49643942,16.85328,86.48330644,Good,1,0
89.08554633,38.61586875,2143.099513,0.044645077,12.49298058,63.79819303,19.15276982,1,100,95.58544885,98.67563465,19.392086,96.32247056,Excellent,0,0
74.29187764,27.21371765,2946.57486,0.223936479,11.87591344,20.88742015,42.35963204,6,85,70.1314295,80.53942885,20.351988,70.34994321,Good,1,0
65.24754683,32.91118939,2621.213577,0.337773759,12.17517125,40.75864909,33.0110107,8,77.4817494,82.47581406,78.9799688,25.600946,67.88314409,Good,1,0
97.53711844,28.56229707,2720.378089,0.740805772,12.25090132,25.83451521,44.24884194,9,44.92576311,85.59967944,57.12793801,2.088052,53.3966987,Critical,3,0
90.24025934,32.19292407,3556.728002,0.174235394,12.63685086,37.90053356,26.80717894,4,94.51948132,100,96.16363693,19.047188,89.69818216,Excellent,0,0
120.7390342,39.39467719,2805.64606,0.108003499,12.02110004,75.0094008,35.2439307,1,70,76.12037665,71.83611299,14.227122,76.32574313,Warning,2,0
91.30282898,33.05195726,3139.130342,0.561316622,12.28080965,37.75348221,33.97493289,5,69.97323388,86.83339793,75.0312831,21.291887,72.38544944,Good,1,0
90.81554712,19.35951277,1748.349807,0.011871043,12.33558389,64.36512251,24.97564529,6,63.36890576,89.09283537,71.08608464,14.373344,68.47021786,Warning,2,0
82.49608105,32.72397379,1623.685049,0.116188793,12.22075168,80.34530364,22.19586987,9,80,83.78625567,81.1358767,20.411087,67.43877715,Good,1,0
97.25163801,37.39718246,3791.291138,0.235475342,12.72456615,49.44845373,29.19588638,1,85.49672398,100,89.84770679,17.470497,91.90862407,Good,1,0
94.37627802,28.67042298,2580.721228,0.086829481,12.65652856,69.8753421,36.29931129,6,76.24744396,100,83.37321077,16.85328,78.02392646,Good,1,0
103.7758751,35.97380884,2001.416653,0.496124665,12.86662685,60.62171916,27.43087776,5,56.92502236,100,69.84751565,6.278801,71.90850939,Warning,2,0
77.18015622,25.85930675,2002.884405,0.239093421,12.26758993,52.32873861,31.69926437,5,90,86.28808451,88.88642535,20.351988,80.58947211,Good,1,0
78.46888791,21.08676504,1980.701503,0.740805772,12.88101103,65.00631179,16.14202646,0,64.34706017,100,75.04294212,99.73955,85.02576527,Good,1,0
77.81345244,30.84701411,1932.832783,0.14940961,11.85440117,86.7987618,31.2935008,0,100,58.02609111,87.40782733,99.67787,84.04991462,Good,1,0
96.86202582,19.46113968,1473.481758,0.056100783,11.84464628,37.25462175,45.23586647,6,51.27594836,68.03971305,56.30507777,1.3566136,55.39098927,Critical,3,0
107.4756166,28.56137392,1299.663678,0.517533508,11.91447933,30.815982,42.05180326,1,65.49776612,71.72227218,67.36511794,16.496128,72.7635252,Warning,2,0
78.1173926,37.72105358,2343.996498,0.163386115,12.40368468,29.64170909,34.13078063,6,85,91.90199293,87.07059788,14.993679,78.62275731,Good,1,0
78.62839408,18.54142257,2025.659304,0.388382524,12.88095125,69.88855939,37.43652725,0,74.10783174,100,81.87548222,99.74526,89.12528933,Good,1,0
89.71115836,22.32301922,3385.727428,0.178416798,12.15914317,72.58735246,26.71739604,8,69.2920769,81.81465567,73.04885053,14.256514,64.19224145,Warning,2,0
81.3135775,23.80780653,2734.461323,0.033918954,12.20932264,39.25926133,51.24438683,3,95.23122612,62.65364359,85.45795136,17.09106,77.80549953,Good,1,0
99.2808048,29.62008084,2712.254144,0.032358165,12.31359282,7.279729011,55.67762507,4,76.43839041,54.18570374,69.76258441,10.334224,64.69469139,Warning,2,0
51.22334064,27.80569929,1905.503674,0.100386833,12.62913125,36.5048652,36.64823631,3,100,100,100,20.138336,94,Excellent,0,0
72.5994243,38.39481829,2403.177267,0.032475869,12.20894988,60.95708356,60.90685836,4,95,49.86918249,81.46075475,17.09106,70.85028935,Good,1,0
73.26375499,35.72608997,2788.800883,0.018981253,12.18663322,48.66553722,28.19817628,5,90,82.94862019,87.88458606,20.411087,79.32047567,Good,1,0
50.19465981,32.97163768,3072.956592,0.740805772,11.86184189,53.60695494,22.4892076,6,65,69.55097815,66.36529345,13.354004,61.7293717,Warning,2,0
70.54542333,30.87378189,2424.886539,0.063972703,12.17131156,39.53311163,27.90376246,6,85,82.31660167,84.1949805,15.826941,74.98030863,Good,1,0
71.27265826,32.35937866,3363.299023,0.203433724,12.8709847,70.28178249,32.80509735,9,80,100,86,15.246505,73.6,Good,1,0
81.98343018,24.82810587,2506.391447,0.007956321,12.4363704,56.86383604,58.12066551,1,99.31242347,59.25027914,87.29378017,13.129557,82.22632393,Good,1,0
101.6944884,35.14326212,3134.277695,0.131328496,12.1040582,61.72926945,32.18840873,8,60,79.54240058,65.86272017,1.0391295,59.42611222,Warning,2,0
81.32409023,23.32773447,2108.118233,0.064361512,12.89445759,53.18131366,26.40344187,6,78.3109379,100,84.81765653,19.392086,78.89059392,Good,1,0
69.5377942,35.01226196,1049.929307,0.137888472,12.1659146,60.48736327,26.0154114,3,100,82.09397722,94.62819316,20.411087,87.19571134,Excellent,0,0
84.14568188,37.11685501,2714.68719,0.506111006,12.96798223,59.17143376,46.40022112,9,66.25926625,95.23924819,74.95326083,17.749279,66.01980614,Warning,2,0
100.7376043,31.26518761,3080.259251,0.100478639,12.96144279,31.43850744,44.97301748,7,60,100,72,3.5469651,69.2,Warning,2,0
70.36061776,28.94272165,2960.277865,0.287701867,12.42240465,57.46126191,30.14521814,1,100,92.67419184,97.80225755,20.8457,95.2161929,Excellent,0,0
71.34137674,32.40185945,2837.749329,0.079706596,11.80058019,65.83016344,16.24215884,1,100,67.0239328,90.10717984,20.411087,85.46909446,Excellent,0,0
93.37823439,13.79789139,2221.130427,0.308529792,13.31580025,73.10282932,23.71406455,6,47.67487841,100,63.37241489,3.4878552,66.02344893,Warning,2,0
81.67695826,31.81354931,1854.602999,0.038311071,12.55491042,58.32214297,52.21243837,7,80,73.61776445,78.08532934,17.09106,67.57475049,Good,1,0
94.71227036,29.31987601,2941.382615,0.299453739,12.27044519,30.69498963,41.88807885,0,90.57545928,86.40586409,89.32458072,99.72104,90.87592125,Good,1,0
84.79529812,29.69623132,2841.157933,0.332774743,12.78245117,33.77365341,35.65461376,6,82.81501712,100,87.97051199,21.402967,80.78230719,Good,1,0
95.52495472,34.23919508,2051.280727,0.011674686,12.68092111,41.29703837,53.68833173,5,78.95009056,70.45967211,76.40296502,17.09106,69.93371344,Good,1,0
69.47382829,29.55138647,3387.539351,0.008402551,12.92437534,53.78927816,54.58326273,9,80,67.41690672,76.22507202,8.166957,61.21842456,Good,1,0
84.81873024,23.15875886,1793.707588,0.250465518,12.13506088,47.55527797,34.64060398,7,72.63503544,80.82126149,75.09090325,16.857136,67.21879425,Good,1,0
81.83964978,29.15158398,2033.181297,0.100836451,12.52738937,27.52535869,34.82428239,9,80,97.00481131,85.10144339,19.392086,72.4618283,Good,1,0
66.76163614,30.4053329,3809.14017,0.498498506,11.92565191,27.40559931,29.17953318,0,86.76676624,72.1831412,82.39167873,99.74951,83.87163548,Good,1,0
61.54783078,30.68960347,3194.86555,0.740805772,12.66653376,8.029564502,32.15396713,7,60,100,72,10.249365,69.2,Warning,2,0
95.28623553,30.9715162,2213.592555,0.193790577,12.39082185,0,20.13675024,3,89.42752894,91.3714014,90.01069068,18.630426,86.28069469,Excellent,0,0
79.73571427,36.23621427,2729.904568,0.236506471,12.5124037,47.36436354,20.09613624,5,90,96.38665272,91.91599581,20.481514,84.42692803,Excellent,0,0
69.66579578,23.48379268,2623.833796,0.080525517,12.34146011,96.4046075,17.77341131,8,73.93517073,62.26762718,70.43490766,9.336495,58.71447003,Warning,2,0
83.55731595,31.05420274,500,0.740805772,12.29960447,85.93559048,45.84337007,8,60,74.94750194,64.48425058,1.9097686,57.68005074,Warning,2,0
101.9202829,37.73957819,1774.82084,0.239388762,12.05270753,30.43537176,19.38597777,2,80,77.42418563,79.22725569,19.994253,79.02119054,Good,1,0
50.78893232,19.59233102,2459.322706,0.174429212,12.71617209,52.99806595,54.49962299,2,80,67.70128184,76.31038455,19.30874,75.3264871,Good,1,0
62.55041965,31.07788008,2214.710819,0.159117328,12.99588161,20.7084098,27.69622109,7,80,100,86,19.783419,77.6,Good,1,0
71.15670337,26.48772899,2697.682052,0.02207816,12.17733266,23.75780938,52.37349907,8,80,57.49507525,73.24852257,8.001888,59.44812859,Warning,2,0
106.917683,27.77573769,3403.58585,0.279468691,12.6214162,26.05054805,31.34945657,6,65,100,75.5,17.470497,73.3,Good,1,0
89.23880474,24.57115498,2242.771372,0.046201804,12.57287345,45.49002631,19.33813229,0,98.28461992,98.88102981,98.46354289,99.67958,98.85433169,Excellent,0,0
96.50975861,28.98269571,1653.876163,0.049823998,12.40323912,46.3508078,47.83778898,1,86.98048279,82.23513135,85.55687736,17.09106,85.78115268,Good,1,0
67.89758621,41.04753369,2759.881327,0.294890224,11.78936171,55.05403942,49.01865628,7,80,53.33656866,72.0009706,7.9015675,59.86789609,Warning,2,0
68.20696187,22.41341783,2238.701333,0.017497499,11.87936106,63.26432779,25.93949,7,69.65367133,70.27364371,69.83966304,14.2264185,61.95852657,Warning,2,0
91.71720575,22.98233999,2375.149199,0.184995751,12.08760722,43.26238153,31.68347733,8,68.49494844,78.86379781,71.60560325,10.586178,62.73612151,Warning,2,0
85.87411496,22.18839258,2266.581025,0.222472134,11.54439811,50.72403941,25.94204063,5,78.75357032,67,75.22749922,20.351988,68.53649953,Good,1,0
93.23108228,40.36450972,4293.47024,0.021044249,12.96321229,28.12374987,33.79473306,4,82.66843063,100,87.86790144,16.85328,84.72074087,Good,1,0
82.18493514,27.22596177,707.4365912,0.078443869,12.54708129,23.11005951,36.07829147,1,100,97.81710328,99.34513098,19.392086,97.17049925,Excellent,0,0
89.1721559,29.84616564,2189.332877,0.370033002,12.38801558,20.02055308,31.48616941,7,75.33113318,91.2556427,80.10848604,24.402285,72.31622016,Good,1,0
87.37178627,27.58330235,2497.048779,0.208193282,11.52390567,62.98495602,16.81108605,9,80,67,76.1,10.139817,61.06,Good,1,0
96.66651084,24.33346273,1875.086006,0.115984201,11.67045166,43.24184304,29.19120685,0,84.00082925,67,78.90058047,99.677315,80.74034828,Good,1,0
97.10512423,28.58909612,3219.860666,0.059347805,12.39906344,12.57759474,42.03518764,4,80.78975154,91.71136709,84.06623621,16.85328,80.78201514,Good,1,0
60.70192008,44.74946163,3150.606143,0.218963259,13.18819599,48.73822095,32.91100457,3,100,100,100,21.890211,94,Excellent,0,0
51.29097167,38.35242553,2461.796305,0.102918032,12.12054232,25.02357336,31.72559372,7,80,80.22237077,80.06671123,21.43972,70.08450089,Good,1,0
100.026181,24.88237309,2283.460996,0.152775204,12.74551921,83.20757638,25.69223455,7,59.52949237,94.70749897,70.08289435,2.9102147,66.99123641,Warning,2,0
102.8158764,33.88544462,2410.434533,0.269412695,12.20803904,38.42356557,28.89948631,2,80,83.83161027,81.14948308,17.715132,81.4560119,Good,1,0
69.69065471,25.01086336,2416.170677,0.481286994,12.4220957,63.63011972,49.08948107,9,67.91420041,78.75721215,71.16710394,9.160936,60.45170479,Warning,2,0
57.1024689,19.34179417,2437.301577,0.740805772,12.88587354,71.77926055,23.60222743,1,60,100,72,13.219727,81.2,Warning,2,0
86.48552232,36.11706551,2349.600719,0.35022896,12.26161935,30.90143095,42.20823097,7,76.6514027,86.0417981,79.46852132,21.666563,70.88947241,Good,1,0
98.9625734,36.96055708,2701.959452,0.276888645,12.12395804,51.52094235,35.47055221,7,62.07485321,80.36326902,67.56137795,9.939605,62.60948057,Warning,2,0
111.9639178,36.27631351,3102.569652,0.740805772,12.96722822,61.06935803,37.44810663,1,50,100,65,5.2585363,77,Warning,2,0
92.74446358,27.1808085,1515.791882,0.084822834,12.41822313,52.31092345,27.67643719,6,79.51107284,92.50170405,83.4082622,14.993679,76.54529813,Good,1,0
79.42424955,28.9993456,1659.468881,0.179645062,12.83648204,57.22201519,31.48222634,2,100,100,100,19.047188,96,Excellent,0,0
71.60304068,34.49859332,1101.185576,0.160427163,12.12590044,23.40741213,34.9427982,2,100,80.44339326,94.13301798,19.30874,88.56848944,Excellent,0,0
85.17176938,32.34897622,3193.11792,0.255804565,12.96266968,61.08072439,29.79333035,0,100,100,100,99.68628,100,Excellent,0,0
80.51102944,27.63817517,2700.258635,0.281820664,12.50945091,40.27671612,38.31432104,7,80,96.26485003,84.87945501,20.079834,76.18064301,Good,1,0
69.77398141,20.28556908,2904.214013,0.740805772,12.57391505,56.98902447,39.57439016,8,41.14227632,98.92399583,58.47679217,2.7983546,58.87087447,Critical,3,0
115.7313348,30.68325116,1356.401409,0.04938976,12.45265172,68.39977691,56.72706624,5,60,59.92188364,59.97656509,1.3566136,57.97031578,Critical,3,0
111.777526,36.47405784,3927.958498,0.199940941,12.19781001,63.37617015,37.78190029,7,50,83.4096628,60.02289884,1.2455165,58.69567186,Warning,2,1
102.0407303,22.81447027,2012.919273,0.116565613,12.39932688,56.97439451,15.87757344,3,71.25788106,91.72223363,77.39718683,19.047188,78.78275882,Good,1,0
71.18724403,33.83255629,2634.564646,0.048743552,12.2229639,62.84256592,46.63019081,5,90,78.90461232,86.6713837,13.831579,77.78375268,Good,1,0
97.82528986,31.98925017,3183.507729,0.041072828,12.78381843,63.76822108,32.96129358,7,64.34942027,100,75.04459419,16.85328,71.02675651,Good,1,0
94.59439614,34.50088958,1710.416195,0.094751463,12.31877713,79.91002323,55.11925363,4,85.81120772,54.39955674,76.38771242,17.09106,68.7125388,Good,1,0
91.63818436,35.231853,2062.940513,0.104383578,11.80139711,49.31898601,49.70924453,6,81.72363127,51.04619936,72.5204017,12.287563,61.72148089,Warning,2,0
103.744979,25.83320855,2643.33742,0.574775384,11.72823051,53.27913987,29.94732616,1,61.68164106,67,63.27714874,16.549623,69.36628924,Warning,2,0
94.53056714,20.2982436,4612.341159,0.117685115,11.70931274,68.64133618,42.21902784,5,49.88501693,67,55.01951185,1.2731314,56.41170711,Critical,3,0
96.10021354,26.79888285,2740.899794,0.216340582,12.6471883,40.1922478,29.06044852,8,67.79957291,100,77.45970104,17.516422,70.47582062,Good,1,0
94.55359425,35.33476391,3785.088921,0.267728688,11.93939828,23.29465055,35.02690826,7,70.8928115,72.75017886,71.45002171,10.7435465,63.4200488,Warning,2,0
90.11187112,26.74797658,3464.538516,0.229582684,12.52003431,59.86460349,41.75984814,3,99.77625776,96.7014153,98.85380502,17.470497,92.65256607,Excellent,0,0
58.24583305,25.83574006,2794.408029,0.137375067,12.45462981,45.87952631,46.13000206,5,90,90.16147253,90.04844176,19.392086,82.06135956,Excellent,0,0
86.25431616,19.07189795,1708.643383,0.592281645,12.37411656,25.84945177,43.95205829,6,45.51455701,90.68230818,59.06488236,2.257824,61.57539105,Critical,3,0
76.65712062,40.51588533,3347.802889,0.529989328,12.57536208,60.01083859,35.74989632,9,64.66737813,98.98368586,74.96227045,20.389969,66.77409944,Warning,2,0
65.80238564,34.95428185,1301.511727,0.198344769,12.46332141,78.6226603,59.834239,8,80,60.36200836,74.10860251,8.166957,60.53756318,Warning,2,0
110.2272493,34.61937589,3780.700099,0.021787635,11.32769981,17.40514907,31.34979593,8,50,67,55.1,1.2455165,50.46,Critical,3,1
110.9349301,35.80635232,2660.004247,0.142984085,12.2705499,70.4464999,18.92799368,7,50,86.41018353,60.92305506,1.2455165,59.83586974,Warning,2,1
105.388309,33.46025017,500,0.098991412,12.57004125,0,20.85300705,3,80,98.76420171,85.62926051,17.319971,85.13039665,Good,1,0
88.82820125,28.53402687,2227.595124,0.179598822,13.05611312,41.9942674,49.7400773,3,100,83.88373718,95.16512115,17.09106,87.87582013,Excellent,0,0
105.2593768,29.01741538,3023.158257,0.147858236,13.07458305,86.81031824,34.2334708,4,75,88.7629749,79.12889247,16.85328,77.22993046,Good,1,0
85.18079771,27.43461381,2310.380902,0.18828272,11.85473979,43.43351903,36.59057498,4,95,69.25801653,87.27740496,17.475641,78.21804628,Good,1,0
88.04195915,45.80844453,3072.004649,0.25929218,12.26010988,51.79876792,29.5747612,9,80,85.97953256,81.79385977,20.351988,68.27222237,Good,1,0
68.59792944,33.33547219,1819.980666,0.279078728,11.77355407,65.25732402,30.47297521,8,80,67,76.1,15.398699,63.06,Good,1,0
90.95486957,27.21719735,1455.214102,0.265107465,13.00795403,15.67052972,27.12904139,8,78.09026087,100,84.66318261,20.079834,74.79790956,Good,1,0
85.90578893,32.79298064,2442.843678,0.333224163,12.80514248,51.44189602,39.71150813,6,82.7850558,100,87.94953906,20.407671,80.76972344,Good,1,0
65.46021825,23.93478649,2525.252534,0.397505464,12.54023515,51.28426144,34.02620082,1,89.23878168,97.53470013,91.72755721,25.280869,92.54347435,Excellent,0,0
84.23204332,39.02704031,2221.292519,0.140372659,12.46643794,87.24641946,39.35005378,1,100,82.53397309,94.76019193,17.09106,91.36290978,Excellent,0,0
83.80405654,26.03358543,3481.832917,0.678708631,12.95225244,25.28518338,38.39438385,2,80,100,86,21.837223,87.6,Good,1,0
111.9634175,33.0065126,1819.8341,0.740805772,12.88453008,42.36921367,30.74121266,6,35,100,54.5,2.053839,60.7,Critical,3,0
98.41319993,36.39586578,2750.532486,0.087026342,12.86321788,31.43288418,20.41269375,3,83.17360014,100,88.2215201,14.993679,86.93291206,Good,1,0
85.17168159,32.30861127,2554.375977,0.576535466,12.58267194,29.31176393,19.54200404,6,66.56430227,99.28521769,76.3805769,19.876152,73.68538968,Good,1,0
88.73180965,30.56681995,1254.627238,0.26477328,12.26030868,72.54805454,61.51969806,8,80,51.98773306,71.59631992,6.9537106,57.35533856,Warning,2,0
85.66318567,30.06481251,1444.775853,0.232574889,12.70684993,50.53303004,49.78173444,3,100,83.74210289,95.12263087,17.393625,87.8219991,Excellent,0,0
81.95629023,29.66135342,2509.528813,0.050390533,12.72641676,38.88865607,48.40182567,9,80,88.43379273,82.53013782,16.85328,69.20484124,Good,1,0
68.76359204,26.53980907,4084.959999,0.226263054,12.32374501,39.64308198,28.25393193,5,88.30080002,88.60448175,88.39190454,20.8457,80.75603907,Good,1,0
82.73422184,27.30309942,2963.41585,0.1411668,12.25950043,38.73545846,35.09509734,8,80,85.95439284,81.78631785,19.657219,70.26266928,Good,1,0
73.80852615,38.87754224,1119.49214,0.740805772,12.85332531,40.52393645,26.84637208,0,80,100,86,99.73955,91.6,Good,1,0
66.24526692,29.3487802,500,0.422374693,13.06564644,24.71109311,21.87917905,2,91.84168712,100,94.28918099,24.863546,92.57350859,Excellent,0,0
92.66832722,25.28522238,3086.442874,0.196801133,12.10024169,44.82540915,29.1122648,9,74.66334556,79.38496961,76.07983278,13.987106,63.52489359,Good,1,0
90.8689699,26.90221442,2423.029214,0.420839909,12.29464933,42.81586617,48.26184963,8,70.20606628,76.3139961,72.03844523,13.13746,62.48586636,Warning,2,0
58.19938733,36.60222408,3413.012776,0.15803342,12.54037323,34.84406587,43.40745367,5,90,97.54039576,92.26211873,19.392086,84.86535039,Excellent,0,0
83.15973044,34.0536398,1795.425663,0.022773776,12.5946396,53.10092513,25.29951998,0,100,99.77888346,99.93366504,99.67958,99.91597572,Excellent,0,0
99.93552079,33.36197507,2780.169998,0.602579819,12.19105346,54.7977896,31.8518395,0,60.12895842,83.13095507,67.02955742,99.632065,76.84392547,Warning,2,0
100.8883561,28.45487281,3176.93877,0.224597932,13.15340825,38.86705571,42.49123172,4,75,100,82.5,17.470497,81.5,Good,1,0
100.3875526,33.44017482,2142.029089,0.099131165,12.56883811,47.11731698,29.29028605,8,60,98.71457188,71.61437156,2.8351605,66.71153731,Warning,2,0
85.5836981,26.13863325,2159.131544,0.306469213,12.61255336,93.17247454,35.79586245,3,99.56871913,78.26541701,93.1777285,19.814772,85.5597205,Excellent,0,0
72.32432008,28.44231581,2520.210265,0.523559016,13.10355363,92.40866517,39.01847447,8,65.09606562,79.52570247,69.42495667,11.877453,61.5601145,Warning,2,0
68.74451759,35.81882692,2934.141077,0.38533741,12.22037535,28.9181962,38.90930552,5,84.31083931,84.34048318,84.31973247,24.714924,77.45993612,Good,1,0
90.16907357,35.24566607,2488.532796,0.136716175,12.36462725,31.71104867,37.54145428,1,99.66185286,90.29087404,96.85055921,16.85328,94.16851033,Excellent,0,0
90.68920052,24.10854092,3279.19707,0.024043726,11.89867111,28.81193446,28.46302826,5,85.05576267,71.07018322,80.86008883,19.657219,72.73008994,Good,1,0
104.3099667,24.86684128,2130.451849,0.513324835,12.33105981,71.1410788,29.49025412,3,65.24570944,88.90621721,72.34386177,21.381533,75.1875605,Warning,2,0
101.4996948,30.65221292,1437.283836,0.170971157,11.80442899,42.02941401,23.66350148,2,80,67.18269586,76.15480876,17.961098,75.12942442,Good,1,0
83.01657015,40.35679425,4081.580294,0.008865679,12.69913974,54.79348487,19.38663406,6,83.36839411,100,88.35787588,20.138336,81.01472553,Good,1,0
66.33691182,18.50660901,2016.293011,0.047968645,12.5679987,89.93934667,33.85251258,2,80,82.28002438,80.68400731,20.411087,80.86640926,Good,1,0
80.21340104,31.66999764,2045.246333,0.013404791,12.28917228,49.79070411,43.16259615,9,80,87.17835643,82.15350693,17.09106,68.72777544,Good,1,0
88.25846792,21.74374001,2447.357343,0.290296705,12.35983052,64.12497444,21.19717606,8,66.97496004,90.09300882,73.91037468,16.621954,66.36482657,Warning,2,0
81.96875132,26.19401404,2553.744888,0.557792886,12.70458657,60.40841499,37.72973244,7,62.81380757,100,73.9696653,22.027033,70.38179918,Warning,2,0
76.33158838,27.81342949,2190.653086,0.330035212,11.94568157,38.23565297,42.84631213,0,97.99765253,73.00936457,90.50116614,99.72481,88.9025726,Excellent,0,0
88.79327222,27.47694994,2486.052882,0.056435813,12.48166715,71.18323463,16.63266231,9,80,95.11876981,84.53563094,20.138336,71.74513253,Good,1,0
77.44063388,26.79722436,2468.190215,0.669270989,12.67980392,33.00598382,32.294189,4,75,100,82.5,23.994816,81.5,Good,1,0
75.57900874,30.04324236,2639.855462,0.050875517,11.68709037,76.79759573,51.462102,7,80,45.02885318,69.50865596,6.6779795,56.71096421,Warning,2,0
89.67179251,26.7884666,614.0100328,0.479903428,12.6739752,38.2509807,40.51941018,1,88.00643817,100,91.60450672,21.010471,92.96270403,Excellent,0,0
78.9701113,21.22525569,4004.701046,0.215556508,11.73037501,40.44064559,16.29542851,7,64.80700185,67,65.4649013,8.527655,58.67894078,Warning,2,0
88.66156583,34.67921768,2382.169349,0.00087068,12.35296221,28.23024353,41.58339462,3,100,89.80969102,96.9429073,16.54427,90.12768259,Excellent,0,0
89.09806034,34.517233,2964.498096,0.058171374,11.93464356,31.51481178,27.52263206,7,80,72.55404678,77.76621403,16.257309,67.17053778,Good,1,0
67.90856498,35.05904586,1397.518927,0.028670854,12.97249863,41.46471355,41.9130693,2,100,100,100,19.392086,96,Excellent,0,0
77.78138314,20.75559302,2123.199791,0.218105117,11.93715158,1.373028842,28.09918233,9,63.02237209,72.65750261,65.91291124,8.518875,56.07924727,Warning,2,0
106.5666541,31.79350892,1962.147307,0.367490663,11.73992404,45.33335318,34.46967556,7,55.50062249,67,58.95043574,1.8517852,54.77026144,Critical,3,1
67.56880731,34.05587313,3675.779012,0.281935077,12.45334086,39.84051526,29.62457231,4,95,93.95031034,94.6850931,20.8457,87.60111793,Excellent,0,0
53.25018327,23.81278759,2031.349115,0.523087512,12.23451881,65.80022197,35.03157723,4,75.37864953,84.92390083,78.24222492,25.600946,75.93011512,Good,1,0
57.0723227,30.05503949,3106.46399,0.269199087,11.79815791,58.45961477,29.32719826,0,100,67,90.1,99.69827,87.46,Excellent,0,0
85.4366492,29.30240013,1979.663638,0.050070421,12.61032608,35.84725138,32.76461758,2,100,100,100,19.392086,96,Excellent,0,0
85.46375917,41.05290395,2137.904848,0.324756452,11.60340038,40.82898481,23.24394992,7,78.34956988,67,74.94469891,15.801496,64.36681935,Warning,2,0
83.23583717,41.54697622,2303.559868,0.230534102,11.98550361,45.30763923,39.90659595,8,80,74.65202395,78.39560719,14.59012,65.9677691,Good,1,0
103.2128474,20.01386164,3527.076101,0.16230017,12.16991269,79.71913109,36.75285209,9,40.05544656,82.25889854,52.71648215,1.2731314,50.081669,Critical,3,0
44.9074835,44.96356203,988.1178728,0.491681993,12.72088896,33.55390639,18.83467826,0,87.22120045,100,91.05484031,99.76058,94.63290419,Excellent,0,0
90.93900812,24.50864567,1447.469156,0.740805772,12.91818735,35.6047867,44.9291666,2,76.15656646,100,83.30959652,21.381533,85.98575791,Good,1,0
108.421573,35.88403977,942.1558674,0.121223026,12.8411129,27.42831697,33.2371204,7,60,100,72,3.47175,69.2,Warning,2,1
68.08328853,35.82298789,1629.998304,0.181556061,12.33869048,20.35921041,36.61762396,3,100,89.22098246,96.76629474,19.047188,89.90397333,Excellent,0,0
79.30290232,24.02585864,1850.719959,0.254286557,11.4290767,56.14007247,42.64561672,2,96.10343456,67,87.37240419,17.393625,81.82344251,Good,1,0
73.70662124,32.95960676,1208.414997,0.343561421,12.55634121,54.05806662,38.28242242,2,97.09590524,98.19907485,97.42685612,23.994816,94.09592864,Excellent,0,0
71.58480931,29.35479753,1912.681803,0.326356612,12.9882295,75.65523706,46.65203158,9,78.24289254,94.38309261,83.08495256,19.029623,70.72759006,Good,1,0
80.10606992,33.32598003,888.2284153,0.023339137,12.89351616,70.82818015,32.06704478,8,80,100,86,19.392086,75.6,Good,1,0
106.4122793,31.38403381,1685.609021,0.00010987,12.5851796,97.94233429,45.34429386,0,80,68.61320795,76.58396238,99.692085,79.67301902,Good,1,0
112.5608001,37.17803691,3460.33632,0.248256765,11.92419889,48.52254465,36.22924618,8,50,72.12320439,56.63696132,1.3288796,52.40681767,Critical,3,1
79.96091162,30.45239726,2822.870456,0.040016327,12.1898772,44.78940872,40.07633425,5,90,83.08243444,87.92473033,17.961098,79.37132509,Good,1,0
113.5759032,28.99275558,2649.974138,0.104867033,13.17352576,23.9954731,39.03629173,8,50,100,65,1.9582272,63,Warning,2,1
85.53364715,36.5763854,1697.777155,0.222706435,11.83330819,63.93156335,47.40730325,6,85,60.18913162,77.55673949,14.59012,66.57187001,Good,1,0
111.3053654,33.48237579,1271.132033,0.039078818,11.94086351,52.37068483,42.21412374,6,55,72.81061974,60.34318592,1.3866603,58.7680355,Warning,2,0
83.60052026,34.39088037,1588.67514,0.422492142,12.77702062,63.0253261,30.5705452,5,81.8338572,100,87.28370004,24.402285,82.37022002,Good,1,0
86.96586739,26.01247997,2465.432138,0.213593016,12.2275363,27.21751562,28.58732956,7,80,84.63587246,81.39076174,19.970196,71.76163154,Good,1,0
90.48211709,23.72842331,3194.541424,0.016087911,11.92729795,57.03208378,34.50245852,8,73.94945907,72.25104048,73.43993349,12.287563,62.51416819,Warning,2,0
123.6783703,26.59366714,3221.893934,0.003846881,13.01118847,54.10399236,27.39898559,5,60,100,72,3.5469651,73.2,Warning,2,0
97.76928362,26.27507169,3004.48989,0.085625738,12.58442239,52.7807008,24.47807799,1,84.46143275,99.35742364,88.93023002,19.392086,91.22962274,Good,1,0
74.39103205,34.71719561,1909.954509,0.099080738,12.24727953,36.33468184,13.71947531,0,100,85.45028079,95.63508424,99.68493,94.4711067,Excellent,0,0
99.53496805,35.8559043,2519.639866,0.223544105,11.94169007,73.78649297,19.50737242,4,75.93006389,72.84471521,75.00445929,20.351988,71.57161861,Good,1,0
79.57251194,29.06921826,2242.925976,0.041949088,13.21896263,91.00615158,54.85406361,4,95,48.33603362,81.00081008,17.09106,70.26769277,Good,1,0
77.65374726,38.58551411,2339.048189,0.197444579,12.39021927,27.79311947,28.4349975,8,80,91.34654499,83.4039635,19.392086,72.3116871,Good,1,0
98.6290204,38.21081636,4129.702318,0.185974341,12.95893122,64.40887959,54.034603,0,80.14791285,69.28234981,76.88824394,99.692085,79.98941632,Good,1,0
85.46628382,31.4603935,1090.39981,0.158501782,12.75745342,0,39.03154601,8,80,100,86,16.474747,75.6,Good,1,0
89.17863872,25.06864937,2312.258547,0.663293887,12.19163938,63.37219899,34.50241978,0,80,83.15512423,80.94653727,99.7377,85.19894721,Good,1,0
85.20977833,39.4522599,3469.399126,0.196779644,12.19482355,12.59690767,19.99394883,4,95,83.2864716,91.48594148,20.411087,83.54885921,Excellent,0,0
90.0487469,29.63389589,1327.286804,0.000445668,12.97852596,39.50065304,35.04668896,4,94.9025062,100,96.43175434,16.54427,89.8590526,Excellent,0,0
91.37448846,30.75699118,1985.00206,0.23374432,12.98500693,23.73950676,53.92183767,5,87.25102308,69.66575192,81.97544173,17.393625,73.11841542,Good,1,0
55.94549601,27.96236985,2076.769202,0.02869706,11.64923361,45.6877701,50.57636744,0,100,48.0403507,84.41210521,99.67787,80.25533327,Good,1,0
94.99859003,24.66125804,2321.368222,0.104870769,12.6199121,66.77587397,37.74238653,7,68.64785211,100,78.05349648,16.85328,72.83209789,Good,1,0
70.2697087,21.18816342,1223.234272,0.125568261,12.35151408,12.85373473,23.51331634,1,84.75265367,89.74995572,86.25184429,20.138336,87.70109772,Good,1,0
63.36551297,33.79720994,2976.228848,0.119888871,11.98667073,42.81040621,25.42834655,7,80,74.70016781,78.41005034,20.411087,67.98606377,Good,1,0
84.12383134,25.29959368,3033.029826,0.061009971,12.50469844,39.73262462,26.47408157,5,90,96.06881056,91.82064317,19.392086,84.30614801,Excellent,0,0
86.25971505,46.27618223,2906.70026,0.354724985,11.86016128,81.62097368,47.78154927,8,76.35166767,57.34977885,70.65110102,8.939523,57.86061638,Warning,2,0
74.59740753,23.4835585,1803.701061,0.21775674,12.21341786,58.63522016,51.31720436,9,73.93423402,62.57499182,70.52646136,6.943983,56.83087518,Warning,2,0
97.46547787,22.45570515,2569.208633,0.143374729,12.08061051,26.45565773,36.95892835,8,54.89186487,78.57518341,61.99686043,1.3866603,56.91315294,Warning,2,0
64.8673725,33.06083229,1780.447808,0.522207876,12.20008349,40.57411242,31.96919564,4,80.18614163,83.50344414,81.18133238,25.600946,77.40948826,Good,1,0
78.89584377,39.17588087,2233.922671,0.191149686,12.3714086,81.12208477,50.48710497,4,95,70.0630081,87.51890243,17.09106,78.52394308,Good,1,0
76.22688798,30.38753794,4222.774342,0.185458584,11.99377334,64.28730634,25.21426459,6,80.54451317,74.99315008,78.87910424,20.411087,70.32609256,Good,1,0
84.30119094,33.43345452,2576.556302,0.099085949,13.02927161,31.63533075,35.51823328,6,85,100,89.5,19.392086,81.7,Good,1,0
89.18296427,18.9387155,1549.978739,0.207807908,12.59731329,44.65858923,39.62966,7,60,99.88917335,71.96675201,3.61498,69.15788587,Warning,2,0
69.88160576,25.93493073,2644.268273,0.093014989,13.11782521,45.29781703,26.37199393,4,95,100,96.5,20.138336,89.9,Excellent,0,0
95.86424016,23.55830563,1418.563259,0.26511672,12.33596801,39.24036146,28.64085779,4,77.50474218,89.10868051,80.98592368,17.86177,78.41329031,Good,1,0
85.94503553,18.6297249,1540.791686,0.115657405,12.18048402,15.79575687,27.86262421,1,80,82.69496562,80.80848969,19.657219,83.02408694,Good,1,0
56.6208062,30.7018814,1667.101491,0.153998664,13.10336625,36.44756569,49.16726856,1,100,85.8312869,95.74938607,19.657219,92.61588902,Excellent,0,0
55.62112839,16.54303427,2144.552438,0.356112645,12.1687761,77.78398612,54.14367277,8,56.259157,51.12352687,54.71846796,2.524966,47.05578615,Critical,3,0
84.81521061,22.0668242,3249.575196,0.011761872,12.32868319,42.37711026,36.1479253,9,68.26729681,88.80818164,74.42956226,12.762218,64.41937368,Warning,2,0
81.68549023,26.77683724,2962.718558,0.060336831,12.68801896,47.93492739,32.31781413,6,85,100,89.5,19.392086,81.7,Good,1,0
83.4486983,25.01228498,2918.396263,0.240368568,11.90490968,52.81051294,29.00158925,3,100,71.32752416,91.39825725,20.351988,83.10445918,Excellent,0,0
84.58026315,32.37845101,1620.860348,0.037759014,12.68451787,94.36282789,35.01746313,0,100,76.30133397,92.89040019,99.68493,90.99450691,Excellent,0,0
88.38339759,31.83348115,2066.948516,0.187932793,12.63333883,50.17749543,29.49778249,0,100,100,100,99.67958,100,Excellent,0,0
99.21474415,35.36279248,2717.600886,0.334142219,12.90773013,71.87890707,34.02969758,6,64.29436377,100,75.00605464,20.407671,73.00363278,Good,1,0
68.33342649,34.5143024,1997.344012,0.053904852,12.7560178,38.03639656,39.13232823,6,85,100,89.5,19.392086,81.7,Good,1,0
67.42042611,36.84487674,2277.306848,0.039788421,12.91999134,44.81201479,30.94687057,2,100,100,100,20.138336,96,Excellent,0,0
68.60014213,29.9884896,2853.086954,0.239777152,12.35583124,50.25105446,33.10411937,1,100,89.92803864,96.97841159,20.8457,94.17265468,Excellent,0,0
89.33375001,31.8208014,2220.981855,0.090695169,12.05493187,34.51734116,33.14545515,0,100,77.51593974,93.25478192,99.677315,91.4560571,Excellent,0,0
103.6742107,33.06908221,2680.847671,0.00966828,13.24399417,45.92564439,31.82436565,6,65,100,75.5,16.85328,73.3,Good,1,0
78.52990843,30.84994018,3774.182765,0.090052499,11.78932175,67.76101872,30.58552123,6,85,67,79.6,19.657219,69.16,Good,1,0
47.47450234,27.61683414,2362.512961,0.082280288,11.82939477,33.99270878,42.62196603,3,100,68.2125342,90.46376026,20.411087,81.920763,Excellent,0,0
59.44010706,28.00534479,3443.470248,0.247314501,12.62605122,50.00178062,17.29263971,7,80,100,86,20.8457,77.6,Good,1,0
72.50444916,25.09464961,2947.496054,0.672281243,13.04999442,64.17467103,50.74279859,8,60,80.47448479,66.14234544,2.4883091,59.78030422,Warning,2,0
76.63406669,32.52970098,1326.206405,0.133874362,12.47582034,33.51067902,36.35529463,5,90,94.87758896,91.46327669,19.047188,83.8534838,Excellent,0,0
78.87417059,29.43590896,1618.290377,0.146592578,12.79972148,71.90827585,41.10017576,2,100,100,100,17.392307,96,Excellent,0,0
85.57871684,26.0209575,1833.123294,0.100265603,11.60167891,51.45766959,42.25077783,0,100,67,90.1,99.685196,87.46,Excellent,0,0
80.32380504,26.02653108,1816.132066,0.060286361,12.20018202,46.69754873,27.9194084,7,80,83.50750812,81.05225244,19.30874,71.33285309,Good,1,0
100.7400942,22.73760763,2427.768203,0.60020956,11.65042088,9.837043884,25.85641444,5,40.95043053,67,48.76530137,2.1151423,52.65918082,Critical,3,0
74.85974041,35.87304805,2991.715238,0.075782977,12.71216438,42.52775116,24.67730715,3,100,100,100,20.138336,94,Excellent,0,0
72.06523061,30.47170602,3504.126733,0.660073177,11.78110747,57.43184832,32.5293197,0,80,67,76.1,99.65866,79.06,Good,1,0
92.18313308,24.82319988,2746.540071,0.102941191,11.88887246,84.90690038,41.99204692,8,74.92653337,62.56960342,71.21945439,5.091256,59.24559332,Warning,2,0
61.96536895,34.8512865,2143.456355,0.740805772,12.60561008,61.35778308,29.16237975,9,60,100,72,7.4177504,65.2,Warning,2,0
90.84537558,26.63730714,834.2070051,0.088456779,12.82472974,72.52432464,41.0793164,4,93.30924884,100,95.31647419,12.938285,89.18988451,Excellent,0,0
86.53829776,21.56099624,2556.47166,0.04673442,12.33641276,25.81790853,11.32078781,2,86.24398495,89.12702621,87.10889733,15.603429,86.09074364,Good,1,0
82.78836265,36.12733374,2520.616155,0.740805772,12.628069,47.46355009,31.14432798,6,65,100,75.5,19.137293,73.3,Good,1,0
108.8241416,26.77741806,2646.343003,0.331038325,12.61511527,74.41492885,46.67137368,8,57.93077834,94.3173295,68.84674369,2.17036,64.17151211,Warning,2,1
75.66688832,27.54660546,4184.992238,0.353278891,12.31382926,32.24532899,33.29028711,5,82.74822917,88.19545682,84.38239747,23.994816,78.26852984,Good,1,0
115.9044726,30.24708012,3492.477237,0.740805772,11.96211781,69.30445258,26.70856364,0,50,73.68735953,57.10620786,99.43158,69.00119662,Critical,3,0
81.61852826,36.85553534,3128.048735,0.242166314,12.62595656,64.66635729,28.43156778,1,100,100,100,19.725693,98,Excellent,0,0
65.84475333,30.12022375,1730.338296,0.076881102,12.64523828,55.49447297,10,0,100,100,100,99.67241,100,Excellent,0,0
86.04879371,22.80529724,2089.604201,0.15360464,12.75760976,43.4259475,24.8819803,4,86.22118897,100,90.35483228,19.047188,86.21289937,Excellent,0,0
68.856322,33.26326202,2424.124314,0.040234781,12.52482657,30.27409691,45.57241373,4,95,94.95288933,94.9858668,19.047188,87.98209795,Excellent,0,0
73.72366228,27.09006165,1879.674301,0.233290991,11.93260003,85.50758588,29.17397233,5,90,63.38223472,82.01467042,21.125496,71.88524919,Good,1,0
90.9554995,41.32754383,2900.37162,0.142333535,12.67613606,62.63725035,30.35455638,7,78.089001,100,84.6623007,19.392086,76.79738042,Good,1,0
93.33373133,29.99328167,2785.527079,0.033188438,12.39944757,56.81232249,11.68187813,1,93.33253734,91.72721218,92.85093979,20.138336,92.05600631,Excellent,0,0
75.6674845,16.58978701,1629.353766,0.145410258,12.20690502,41.74300504,18.69162207,9,60,83.78483217,67.13544965,3.2814682,59.03823622,Warning,2,0
99.81107718,32.14418983,3457.453367,0.067070332,12.28214567,50.75743259,46.90049179,2,80.37784565,80.42683661,80.39254294,17.09106,80.32089309,Good,1,0
102.3626164,41.66758675,2581.848267,0.379623378,12.12389713,53.2943454,41.17294081,5,64.69177479,80.36075656,69.39246932,18.53739,67.7076329,Warning,2,0
106.5445263,39.45552173,1116.743083,0.148686544,12.75553751,57.99751369,22.02560969,2,80,100,86,16.85328,87.6,Good,1,0
92.94120111,40.98572573,2458.925713,0.284017541,11.83275411,64.68680577,28.69427608,3,94.11759779,68.3511069,86.38765052,20.351988,79.50281169,Good,1,0
105.4514307,23.88143889,2724.965165,0.23033683,12.00260563,34.35056948,34.70827657,8,55.52575555,75.35748208,61.47527351,1.4473081,55.95666052,Warning,2,1
56.78802358,35.47291438,3278.233889,0.061868756,12.26849085,20.66806069,23.03872268,0,100,86.3252474,95.89757422,99.68493,94.80359401,Excellent,0,0
80.23140177,25.66803276,2230.018877,0.536371509,13.04550034,51.68561703,14.95856116,4,79.24189939,100,85.46932957,25.280869,83.28159774,Good,1,0
71.99492116,31.3457364,3162.350614,0.041626589,12.82171222,15.05565325,33.40789613,5,90,100,93,19.392086,85.8,Excellent,0,0
86.78838792,22.36228543,2649.713589,0.087449537,11.74366368,43.5267801,40.72608562,5,79.44914171,67,75.7143992,17.09106,68.82863952,Good,1,0
76.42826171,26.13326541,1447.956313,0.006672478,12.94053884,39.8162034,40.9185732,3,100,100,100,19.392086,94,Excellent,0,0
82.50763237,25.94251982,1367.866581,0.256624551,12.93976809,59.83496384,43.75237386,3,100,100,100,17.470497,94,Excellent,0,0
113.2326232,35.39133168,3398.047896,0.038875646,11.93039667,89.65194071,19.46442738,9,50,56.45316045,51.93594813,1.2731314,44.45220097,Critical,3,1
82.45420305,34.80431473,3456.787343,0.347530509,11.39141669,11.10818752,35.5790191,2,96.83129939,67,87.88190958,24.714924,82.12914575,Good,1,0
91.20688476,31.66091838,2758.327384,0.108109671,12.37111135,95.48370061,32.31548636,4,92.58623048,65.01023723,84.31343251,17.475641,75.59010695,Good,1,0
81.51596005,21.89747149,3696.565377,0.097553562,12.84896976,45.33849682,34.12779315,3,87.58988597,100,91.31292018,19.392086,88.78775211,Excellent,0,0
86.13569932,28.1301634,3345.287879,0.017730856,13.03650479,56.95617364,32.88218366,7,80,100,86,19.392086,77.6,Good,1,0
85.09025021,25.5233011,3046.902984,0.493632047,12.05166909,21.70335685,28.39551819,8,67.09119688,77.38135014,70.17824286,11.877453,61.58321574,Warning,2,0
91.72486099,35.21805454,1770.950809,0.740805772,13.10079164,69.9374314,10,8,56.55027802,100,69.58519461,8.308369,65.75111677,Warning,2,0
102.479613,37.06910912,3885.143001,0.088256378,11.50882704,50.82945073,46.61829021,0,80,61.4978133,74.44934399,99.580505,76.96916905,Warning,2,0
109.71091,36.33831352,2929.041146,0.100652098,12.25277975,48.77065178,38.29990165,0,80,85.67716487,81.70314946,99.580505,86.15732265,Good,1,0
89.64430123,25.46868348,2191.32898,0.227485647,12.23311573,11.2522977,20.15710212,3,100,84.86602396,95.45980719,19.994253,88.2490891,Excellent,0,0
93.84320329,13.79789139,1965.383996,0.178031243,12.86093481,51.47593628,39.73131653,4,57.31359342,100,70.11951539,3.47175,74.07170924,Warning,2,0
67.73703236,19.39822861,2705.427025,0.657622429,12.91932099,66.91656648,30.52695193,0,60,100,72,99.617134,83.2,Warning,2,0
83.68184886,38.52976187,1163.152732,0.218575283,12.78168946,45.27442729,30.81027684,8,80,100,86,20.079834,75.6,Good,1,0
99.10434197,27.59247036,3059.73862,0.740805772,11.85977998,73.48398691,27.31585399,8,41.79131605,69.4659242,50.0936985,2.1437705,47.94940394,Critical,3,0
97.98952958,25.49565229,1737.143348,0.501807647,12.74504761,72.65790344,40.36930473,4,65.56709772,100,75.8969684,21.010471,77.53818104,Good,1,0
88.17414599,39.85596176,2796.486487,0.13911737,12.60361679,37.17809235,27.00176428,7,80,100,86,19.047188,77.6,Good,1,0
98.29590939,37.59095967,2082.70373,0.1359567,11.73150625,81.90227718,24.03165314,5,73.40818121,63.86124266,70.54409965,13.776266,65.09870832,Warning,2,0
92.36150063,30.14669233,2288.46503,0.35311664,11.57319447,50.90589929,46.31744811,6,76.7358894,62.52067644,72.47132551,15.528875,63.9869306,Warning,2,0
103.0045939,28.23958145,1894.472102,0.427884013,12.81519572,50.99490502,33.2111859,8,51.47439914,100,66.0320794,3.010255,63.61924764,Warning,2,0
89.34038735,29.20739272,2371.016455,0.194529769,12.32796028,51.97962445,33.5251361,0,100,88.77836153,96.63350846,99.671844,95.73577738,Excellent,0,0
79.66452527,31.36297679,4011.503637,0.003477608,11.88592716,51.38631502,41.9246412,2,99.76992726,70.54449547,91.00229773,17.475641,84.71027773,Excellent,0,0
90.03761885,39.60028369,3608.047702,0.280705583,12.31673123,0,28.32413299,4,94.92476229,88.31516318,92.94188256,19.645954,85.42816217,Excellent,0,0
44.51298544,32.53480455,2783.583164,0.432571815,12.54561643,46.28987204,30.31846827,8,71.16187902,97.75667784,79.14031867,26.473278,71.03552677,Good,1,0
90.74328605,34.3561742,2479.764588,0.038857063,12.36685955,22.72107057,38.0571527,5,88.51342791,90.38295641,89.07428646,16.85328,81.52116316,Good,1,0
44.51298544,37.01562065,3175.360953,0.400667063,11.77920554,82.52671404,19.58622398,3,93.28886246,62.83092183,84.15148027,26.80304,77.05707253,Good,1,0
59.14804889,22.98194399,3403.976315,0.113732011,13.15422276,81.72165983,37.21099047,0,91.92777598,97.15926127,93.49722156,99.67958,95.53018519,Excellent,0,0
91.77652901,34.52917135,1836.145294,0.092793237,12.80168719,67.03876665,27.44288541,5,86.44694197,100,90.51285938,19.392086,84.30771563,Excellent,0,0
92.16294006,28.23258747,2438.048906,0.201136494,12.26584902,45.23065125,43.55472592,2,95.67411988,86.21627205,92.83676553,17.372013,88.94531373,Excellent,0,0
67.5635683,14.90342883,1042.433416,0.356567769,12.28196214,29.83970127,40.46663327,3,66.2288154,86.88093818,72.42445223,24.714924,74.83085897,Warning,2,0
74.31846937,17.23098275,3398.481688,0.124776867,12.54379496,36.84837997,39.14548357,9,60,97.68154201,71.3044626,3.3172548,64.31898596,Warning,2,0
105.5581148,23.89129433,4152.019406,0.141503273,11.94815144,88.85283813,18.93041351,5,62.5247892,58.50406406,61.31857166,8.049763,58.49195581,Warning,2,0
77.73954803,33.18733937,2564.0661,0.227858327,12.52907057,36.15605227,33.96604605,1,100,97.0741612,99.12224836,20.079834,96.88818126,Excellent,0,0
118.6438047,30.68279739,799.9919001,0.740805772,11.86770703,2.888092912,23.2273344,0,50,69.79291479,55.93787444,99.57328,67.52130762,Critical,3,0
84.9712022,31.10620024,2987.112413,0.086506671,12.37178631,70.60331017,34.63136097,3,100,90.58618542,97.17585563,19.047188,90.42275046,Excellent,0,0
91.12054265,41.7056609,1776.728667,0.05402412,11.9325714,80.01006227,11.84720323,0,97.75891469,72.4519675,90.16683054,99.67787,88.59049182,Excellent,0,0
109.253116,22.38546231,1969.320447,0.222557089,11.95276641,83.18431374,19.59167732,4,64.54184924,68.04749662,65.59354345,9.693802,64.9656254,Warning,2,0
86.96540674,29.83539987,3001.261112,0.147603557,13.05828905,70.76696008,46.89033609,4,95,93.5728573,94.57185719,16.54427,87.45768577,Excellent,0,0
69.96484029,31.82661314,2703.6433,0.111493164,12.42369036,74.03039354,38.69053176,8,80,92.72722726,83.81816818,19.392086,72.83634636,Good,1,0
83.35408822,25.5823613,2109.51298,0.355086775,12.48296259,51.05868148,31.46184153,3,96.32754834,95.17220701,95.98094594,24.402285,90.62300897,Excellent,0,0
84.46583896,30.16996047,1980.315494,0.23948006,11.59544806,8.47408753,25.91256677,2,100,67,90.1,20.351988,83.46,Excellent,0,0
64.52887522,20.400304,2600.668844,0.046578183,12.1611993,50.55762083,24.15746082,6,66.60121598,81.89947098,71.19069248,16.2238,67.09430969,Warning,2,0
81.16251893,38.4594373,2172.427558,0.740805772,12.58448485,62.43145545,37.00155755,6,65,99.35999996,75.30799999,23.994816,73.05679998,Good,1,0
73.86711859,25.91031268,1612.610293,0.379450211,12.47765451,47.29459887,31.5636769,0,94.70331928,94.95324839,94.77829802,99.73955,95.85762849,Excellent,0,0
98.86536636,42.18840099,2233.949455,0.031528283,11.53838807,46.38327763,50.46647183,0,82.26926728,48.41399577,72.11268583,99.56961,72.95041065,Warning,2,0
85.51917811,29.80515406,2771.674099,0.374958971,12.48285517,30.71763922,33.1523628,1,95.00273524,95.16777562,95.05224735,19.137293,94.06490354,Excellent,0,0
80.75806376,36.16832139,2357.517227,0.576094118,12.54662352,29.96522513,35.58720492,7,61.59372549,97.79822026,72.45507392,23.994816,69.0326884,Warning,2,0
83.40727104,29.68018279,1369.193121,0.35168348,12.9135048,86.7629703,21.11496532,2,96.55443466,88.84109901,94.24043397,25.280869,90.31248018,Excellent,0,0
88.34683028,29.81553701,3291.251697,0.182436338,12.13790755,87.4869274,31.39300775,9,80,68.58525633,76.5755769,9.547502,61.66239741,Good,1,0
94.252213,26.495824,500,0.076319928,11.50317251,49.94705738,36.76991405,4,86.49557401,67,80.64690181,17.09106,73.78814108,Good,1,0
70.00431657,30.71474358,2142.907876,0.580530848,12.0012917,55.6304721,31.27214289,9,61.29794345,75.3032826,65.4995452,11.142927,56.36038364,Warning,2,0
69.37618551,31.90799217,2003.841236,0.370723665,11.96117398,30.38283886,30.14371466,2,95.28508901,73.64842686,88.79409036,25.600946,84.00613959,Good,1,0
101.5701882,25.29444895,2618.543102,0.528013255,12.69468355,62.851497,38.26909626,4,59.79911631,100,71.85938141,6.278801,75.11562885,Warning,2,0
78.81494692,29.2497335,2949.329446,0.133418852,11.32769981,85.19298343,50.14823282,1,100,40.92758576,82.27827573,17.09106,75.55248259,Good,1,0
63.74736861,26.3394068,3401.411847,0.032113896,12.22065742,19.4153844,36.4496937,8,80,84.35211841,81.30563552,20.052576,69.653805,Good,1,0
91.65719064,43.79798442,1930.076101,0.096119551,12.97031819,59.27766599,46.44186283,5,86.68561872,95.09766636,89.20923301,16.85328,82.54507308,Good,1,0
91.95054709,29.46161538,2969.26587,0.359023068,12.40288499,60.78044485,41.21602378,0,92.16403461,91.86900564,92.07552592,99.75105,93.61911668,Excellent,0,0
62.03927114,39.27139291,2656.65471,0.172549237,12.75852673,60.5521303,45.84353375,7,80,97.13198526,85.13959558,19.392086,76.5101544,Good,1,0
88.44222573,28.82626602,1130.7685,0.138583775,11.74328067,82.85635336,28.90280077,8,80,62.28701696,74.68610509,9.547502,61.26906645,Warning,2,0
96.03374639,31.55572585,4020.432204,0.185250216,11.75920419,90.72036424,32.93072505,6,72.52386314,49.311399,65.5601239,6.098384,57.19835414,Warning,2,0
90.61579678,22.07181557,1348.979898,0.723566918,12.97489698,45.33032644,32.97226429,8,47.05566873,100,62.93896811,3.5268903,61.76338087,Warning,2,0
94.47972226,27.31756445,2835.597818,0.162800571,12.44048615,63.46347344,40.46277237,2,91.04055549,93.42005353,91.7544049,16.54427,89.73665365,Excellent,0,0
63.93596353,31.26320802,2811.967955,0.429734577,12.44130974,51.68467411,42.92412822,4,86.3510282,93.45402698,88.48192784,23.994816,83.7799621,Good,1,0
89.96560232,39.51602299,2720.509426,0.032167072,11.95273887,37.35769414,36.25056191,8,80,73.30047834,77.9901435,13.79109,65.45418177,Good,1,0
80.46070361,31.33189667,2104.338494,0.141223146,12.44031269,55.41628314,43.76706577,6,85,93.41289853,87.52386956,16.54427,79.19690144,Good,1,0
77.75814762,38.30232217,3161.802121,0.004296227,11.94162497,63.42999057,29.36668523,6,85,72.84203012,81.35260904,19.657219,71.37997145,Good,1,0
98.05833414,33.84437466,1251.706021,0.031945136,12.87474818,54.33857371,43.85377553,7,63.88333172,100,74.7183322,16.85328,70.83099932,Warning,2,0
107.1891177,39.76440804,2447.336969,0.064109655,13.46987961,32.37637581,45.15809442,6,65,99.46247897,75.33874369,16.85328,73.09574201,Good,1,0
111.9155508,29.6457467,2048.900259,0.19429712,12.59357642,40.7287872,41.77496346,1,70,99.73502739,78.92050822,16.85328,85.29931041,Good,1,0
104.7221181,44.34133626,1958.161646,0.727457347,12.14602145,40.8818516,36.34169783,2,60,81.27338464,66.38201539,4.245889,72.08388616,Warning,2,0
83.35398728,27.08762278,2842.99823,0.360924197,11.38653667,33.1511209,42.13323332,7,75.93838687,67,73.25687081,15.528875,63.35412249,Warning,2,0
90.29080245,25.40122899,3361.982834,0.000595318,11.72621435,56.27079163,26.05995535,2,99.41839511,67,89.69287658,15.210032,83.21572595,Good,1,0
96.50234308,22.7396829,2225.395391,0.048587796,13.02194473,58.36224193,36.98362264,6,62.95404545,100,74.06783182,12.938285,72.44069909,Warning,2,0
86.81766924,43.98614803,3124.544872,0.600355082,11.98832326,69.59035202,38.00510477,4,75,74.76833459,74.93050038,16.860182,71.91196714,Warning,2,0
86.96146282,34.91668544,2539.792532,0.740805772,12.25166605,32.84755304,21.70484337,6,65,85.63122445,71.18936734,18.637121,67.83986529,Warning,2,0
97.35629698,27.9952756,1785.814233,0.327385764,12.66213039,38.45042628,39.74584253,2,83.46168842,100,88.4231819,15.249747,89.05390914,Good,1,0
84.11076031,37.49413618,2293.638325,0.44917674,12.99291592,81.09138904,22.51181274,3,90.05488398,98.19920809,92.49818121,24.863546,89.13875035,Excellent,0,0
74.06069595,34.12615311,2260.411287,0.259271662,12.32016523,46.71008272,30.72081702,6,85,88.4568158,86.03704474,20.079834,77.31359,Good,1,0
78.78290401,41.79676483,1942.67207,0.314873646,12.23813325,50.60262059,35.39760959,1,99.00842363,85.07299665,94.82779554,21.639776,91.91127665,Excellent,0,0
94.50865567,20.713003,2842.786343,0.440573083,12.42864841,46.49792557,27.69263615,3,64.46316179,92.93174697,73.00373735,24.402285,76.3885918,Warning,2,0
85.04489937,28.40783935,2687.71695,0.116772215,12.14894487,72.66061637,35.82554039,9,80,81.39397603,80.41819281,14.800512,66.52971089,Good,1,0
90.10314965,27.2248717,1227.480241,0.07715239,12.17047232,73.43617361,35.6655699,1,99.79370069,82.28198315,94.54018543,17.09106,91.18050789,Excellent,0,0
95.05118863,18.15790394,1178.779204,0.102418591,12.56475205,72.26416201,26.79818361,5,59.89762273,98.54602194,71.4921425,4.806203,72.60448989,Warning,2,0
79.37737806,36.36196323,2839.747563,0.499105873,12.47411661,50.53135223,40.67974459,1,86.7262751,94.80731004,89.15058559,22.410948,90.45181336,Good,1,0
96.34372245,28.37762067,1847.770857,0.063556605,13.25264212,32.55128045,27.35843497,7,67.31255509,100,77.11878856,17.713797,72.27127314,Good,1,0
90.68263905,34.43778723,2741.632924,0.725595012,12.57553953,88.50426156,57.87974375,1,78.6347219,50.95897391,70.3319975,14.298463,70.39099328,Warning,2,0
66.4778037,44.15863161,3124.745262,0.109497477,12.86045822,67.12617954,33.90521177,5,90,100,93,16.43982,85.8,Excellent,0,0
106.6345719,27.88053785,1483.23773,0.012863201,11.97148593,40.86682037,23.28705855,4,75,74.07379458,74.72213838,13.129557,71.64804194,Warning,2,0
77.48882884,27.4730821,1370.770196,0.620355299,12.61006292,78.47637694,25.15658234,6,65,100,75.5,19.876152,73.3,Good,1,0
60.17356985,30.71198502,3839.545346,0.379185522,12.11080746,39.28782169,46.47580465,0,94.72096519,74.80307198,88.74559723,99.65866,88.20797273,Good,1,0
69.32434436,35.92348412,2781.256626,0.591275547,12.55818131,78.21406806,30.9084835,5,70.58163021,98.27497884,78.8896348,24.863546,76.98877665,Good,1,0
69.68432259,26.59972185,2164.607475,0.169833247,12.67540584,79.56569179,21.36236192,5,90,100,93,19.783419,85.8,Excellent,0,0
85.78259978,26.21423042,1752.847638,0.108425406,12.41994754,31.57034457,43.53712747,2,100,92.57283593,97.77185078,16.85328,93.17767765,Excellent,0,0
80.89224242,36.34313562,2091.647321,0.424553522,13.36293029,61.63516606,30.84426112,2,91.69643188,100,94.18750232,24.402285,92.51250139,Excellent,0,0
79.94752049,32.27183594,1547.542131,0.208959006,12.97119191,65.64381408,41.53419511,7,80,100,86,17.516422,77.6,Good,1,0
94.29552948,17.73163042,3206.729739,0.119129794,12.87089813,102.298184,44.35566026,5,61.40894104,67,63.08625872,5.9942245,61.25175523,Warning,2,0
90.09813042,22.6476492,1878.599077,0.159844703,12.70571448,35.15397765,37.74463539,5,80.39433598,100,86.27603518,16.85328,81.76562111,Good,1,0
89.74071806,39.00741518,3374.827671,0.134131116,13.10534433,78.65086554,58.95907396,9,80,66,75.8,8.166957,60.68,Good,1,0
91.14742686,32.4115697,2179.496864,0.000267817,11.82521228,50.34692036,17.75257507,4,92.70514628,68.04000659,85.30560437,19.657219,76.79136394,Good,1,0
94.24202002,25.42682441,1665.319853,0.100916645,12.94811325,25.17271633,26.82049925,8,71.51595996,100,80.06117197,19.392086,72.03670318,Good,1,0
53.38069987,28.97754206,2158.95873,0.293444286,12.00350228,47.6002566,32.44049995,9,80,75.39446885,78.61834066,15.398699,64.24989816,Good,1,0
79.53342622,30.07942004,500,0.00391712,12.17426435,50.04929522,57.61173529,5,90,48.43840454,77.53152136,14.057339,66.20659372,Good,1,0
52.29684903,34.41440016,2403.385139,0.156651778,12.62455698,28.82219614,52.9800247,2,100,72.86791602,91.8603748,20.657724,85.68980809,Excellent,0,0
85.5408989,21.85041963,2363.904647,0.17975292,12.89328807,56.24347238,47.88690867,4,82.40167852,90.18451051,84.73652812,16.85328,80.87881897,Good,1,0
84.93050542,24.95430517,3159.794197,0.013478608,11.93856935,69.15618511,27.05876059,0,99.81722067,72.71598558,91.68685014,99.68493,89.5553072,Excellent,0,0
100.6829841,31.63773453,990.9560576,0.28156486,12.19498205,54.76401308,28.2248526,6,65,83.29300952,70.48790286,12.322199,66.95134362,Warning,2,0
102.8145159,29.40099252,3429.493089,0.740805772,12.43901283,39.16311821,26.71439965,2,60,93.3592792,70.00778376,6.360096,76.67652609,Warning,2,0
88.04162572,33.4311551,3156.479436,0.662374295,12.3254536,47.03055863,27.16573112,9,60,88.67496092,68.60248828,2.827102,60.89648515,Warning,2,0
77.49458384,22.62295562,3501.634851,0.047650341,12.74161282,49.90913286,49.92704607,6,75.49182246,83.24804335,77.81868873,13.129557,71.34082191,Good,1,0
92.27741669,32.14277206,2457.822899,0.025012006,13.46987961,54.34643255,32.56232877,4,90.44516662,100,93.31161664,13.244349,87.98696998,Excellent,0,0
77.08123544,36.54950172,3311.117467,0.344131573,12.56772828,72.19661524,33.88501835,1,97.05789512,98.66879169,97.54116409,19.137293,96.25845679,Excellent,0,0
84.97911023,32.92091128,1323.004772,0.740805772,12.10592142,55.43879507,42.74386787,0,80,79.61925877,79.88577763,99.66642,83.85531833,Good,1,0
99.79204475,30.83467044,3070.438052,0.007211934,11.88139667,21.94606743,18.36472026,6,65.41591049,70.35761254,66.89842111,9.336406,62.21057517,Warning,2,0
76.63342981,29.42469838,1883.06979,0.097453327,12.26989843,38.75357856,35.52645821,7,80,86.38331043,81.91499313,15.210032,72.42565796,Good,1,0
97.08517959,24.99089308,1178.878534,0.050213755,12.02390005,53.32042102,24.03128271,2,85.79321316,76.23587688,82.92601227,15.210032,81.00278274,Good,1,0
95.16102053,29.56800845,1600.687585,0.103850095,12.58701992,72.4824897,32.05585079,0,89.67795894,99.46457157,92.61394273,99.573395,95.46127995,Excellent,0,0
70.67812274,37.55823512,2504.424911,0.335836587,12.58080865,75.95692883,29.13579306,3,97.61089423,99.20835699,98.09013306,25.280869,92.69575123,Excellent,0,0
99.60841192,29.28582896,1840.560633,0.014088664,12.21473272,85.49370683,28.62019254,7,60.78317615,75.04310835,65.06115581,5.9942245,60.04531516,Warning,2,0
95.47849518,24.66117606,2800.858825,0.199049921,13.19398201,52.61228795,37.25581807,5,77.68771389,100,84.38139973,16.85328,80.62883984,Good,1,0
86.52888831,27.04651747,1053.409956,0.026076389,12.10582107,65.26618351,37.21213402,0,100,79.61511923,93.88453577,99.66854,92.25374531,Excellent,0,0
73.56514813,31.20510178,798.3219651,0.002069379,12.35222757,20.91076931,32.80179411,1,100,89.77938738,96.93381621,19.392086,94.1161672,Excellent,0,0
72.11190972,27.75891602,3597.909947,0.035387565,12.65566507,58.59763146,38.70684343,1,100,100,100,19.392086,98,Excellent,0,0
76.93506135,32.9118197,3223.040104,0.010200774,12.75682196,28.49471797,26.31385459,7,80,100,86,20.138336,77.6,Good,1,0
93.13891695,33.13706256,1660.562531,0.293119662,12.91103061,48.74921608,41.81585869,7,73.7221661,100,81.60551627,17.470497,74.96330976,Good,1,0
70.66562249,35.33389908,2497.600285,0.080048517,12.57139859,103.2034723,32.93800978,4,95,65.8201919,86.24605757,19.657219,76.91167292,Good,1,0
91.56268373,38.54135683,3315.605648,0.114706139,12.82036508,56.07108472,30.16336438,6,81.87463254,100,87.31224278,19.392086,80.38734567,Good,1,0
66.37366707,35.97515235,2835.360487,0.092466656,12.13395673,32.72373562,27.05241188,0,100,80.77571516,94.23271455,99.68493,92.69477176,Excellent,0,0
81.93897123,24.39456562,2618.578477,0.077731761,12.76723278,58.15578012,32.5860254,5,87.57826246,100,91.30478372,19.392086,84.78287023,Excellent,0,0
86.64471632,24.57879332,3376.123265,0.540542211,12.76189166,39.65849627,53.70639257,2,82.27902587,70.39826527,78.71479769,21.666563,77.30853167,Good,1,0
121.6769522,29.54537114,1915.43002,0.173128444,13.00515467,30.78511774,34.3668623,8,50,100,65,1.9582272,63,Warning,2,1
64.34026517,27.29294786,2524.942759,0.17257692,11.7326256,92.06279067,23.55596464,4,95,47.0963954,80.62891862,20.411087,69.79663025,Good,1,0
107.0802185,23.17003964,2485.721089,0.201012113,12.03712675,71.33624053,44.18819067,8,52.68015855,76.78147859,59.91055456,1.3866603,55.30262846,Critical,3,1
87.24763621,27.34984923,2281.790362,0.035012969,12.72925639,56.9107325,30.28071564,5,90,100,93,19.392086,85.8,Excellent,0,0
91.16757877,27.1529224,2188.155591,0.13591667,11.33945421,42.1635342,37.83759004,4,92.66484246,67,84.96538972,17.09106,76.37923383,Good,1,0
86.7752187,25.96891356,2558.29459,0.252175299,12.59680247,43.78421034,28.9433945,9,80,99.86810187,85.96043056,20.079834,73.54987871,Good,1,0
91.67090227,28.10526308,2527.525997,0.270652206,12.82392177,80.84963734,47.80773316,9,76.65819545,89.05180565,80.37627851,17.470497,68.03612824,Good,1,0
82.69472343,37.0707051,1661.257886,0.096183918,12.1694499,56.13155075,29.09240243,4,95,82.23980842,91.17194252,19.657219,83.1511272,Excellent,0,0
106.8107527,31.19542825,3141.436728,0.028149735,12.227924,0,48.97857979,3,80,71.12469373,77.33740812,16.708267,74.62738362,Good,1,0
78.15293284,44.83085446,1718.891834,0.134550205,11.97034506,98.41877031,24.50739415,6,85,43.63576275,72.59072883,9.96173,60.28158985,Warning,2,0
101.9835186,31.02304912,2325.413244,0.54185828,12.19138115,53.66124714,32.07093614,1,63.87611467,83.14447252,69.65662202,18.53739,76.42286772,Warning,2,0
75.3344932,28.25960536,2263.775622,0.268285058,12.2029726,56.86738011,48.99995786,3,100,70.022763,91.0068289,17.715132,82.60864994,Excellent,0,0
84.0962223,30.0247973,2786.48289,0.096508048,12.12686349,71.73389627,36.68174225,8,80,80.48311897,80.14493569,17.961098,68.18358521,Good,1,0
68.92056172,31.53895187,804.7168478,0.740805772,12.10492873,59.30805655,57.71465942,8,60,45.57831007,55.67349302,2.5313973,46.51975783,Critical,3,0
91.82535581,32.61152374,3212.727852,0.234606689,12.29159809,64.93817235,32.30859551,4,91.34928839,87.27842105,90.12802819,17.783546,83.53250112,Excellent,0,0
106.6768894,42.46026796,1958.407722,0.740805772,12.28675827,41.52553065,37.57042853,3,60,87.07877879,68.12363364,4.9233856,72.28993594,Warning,2,0
83.8396573,24.92807721,3475.970636,0.16087993,13.14965276,25.40409352,54.05149272,8,79.71230884,69.22492475,76.56609361,9.314358,63.78464112,Good,1,0
82.04671452,35.15427635,2117.46806,0.046163707,12.24232594,55.60465563,19.86076783,2,100,85.24594514,95.57378354,15.826941,90.39345915,Excellent,0,0
68.28074555,31.24650359,2460.925131,0.087101281,12.53766009,78.63229305,18.62249967,0,100,97.42847857,99.22854357,99.67241,99.02282186,Excellent,0,0
81.5606102,20.57341354,4031.028832,0.41138262,12.16924681,37.04394883,27.04491823,0,74.24756954,82.23143105,76.642728,99.66496,82.43192301,Good,1,0
61.1080861,34.62419269,2278.129433,0.207160694,12.16416169,35.4395201,43.13372689,1,100,82.0216697,94.60650091,19.970196,91.16823449,Excellent,0,0
71.3068302,37.60574136,3491.079908,0.044493493,11.71825178,74.42038521,18.90148817,8,80,67,76.1,14.841515,63.06,Good,1,0
88.40179069,24.85694158,2531.236068,0.545402033,11.7714535,40.8550959,40.97049057,0,83.06763075,67,78.24734153,99.7552,80.34840492,Good,1,0
104.785198,29.94639679,2832.335064,0.073656,11.91720069,41.78880172,40.26706694,3,80,71.83452839,77.55035852,17.09106,74.89712079,Good,1,0
123.6783703,19.64787443,2555.966872,0.46751728,12.47347873,42.53711454,55.14390233,6,23.83218136,60.78099777,34.91682628,2.060163,41.10629532,Critical,3,0
76.20122372,22.44716124,3178.281301,0.011915717,12.83046946,48.70038038,45.45484926,6,74.78864497,98.45351253,81.88810524,16.54427,76.82356565,Good,1,0
106.5295023,36.28817747,1951.57471,0.326729127,11.68533419,18.52723808,38.64050237,8,58.2180582,67,60.85264074,1.5285432,53.91158444,Warning,2,1
88.65628721,27.20150096,1712.761182,0.010305594,12.18036928,39.21319775,48.59132935,9,80,70.47971298,77.14391389,12.287563,62.38229093,Good,1,0
82.7312853,23.34718215,1989.139048,0.244360242,11.85324372,54.60736038,40.38903941,4,88.3887286,69.1963033,82.63100101,17.715132,75.41786126,Good,1,0
91.48891678,31.37676219,2579.768301,0.115241819,12.29428916,54.46475872,30.39929945,2,97.02216645,87.38942795,94.1323449,17.961098,89.95729253,Excellent,0,0
85.92874726,26.86552541,2323.344972,0.608815797,12.8303078,73.15986105,23.55394223,0,80,100,86,99.74526,91.6,Good,1,0
86.65593588,27.17507005,3068.219901,0.139547498,12.22124704,86.78784444,29.30634396,8,80,73.17649704,77.95294911,16.257309,65.40706888,Good,1,0
78.87500256,34.43595615,3543.78536,0.60211219,12.38099321,80.24966893,34.59926125,3,80,90.55401622,83.16620487,23.994816,82.01052616,Good,1,0
64.0283551,23.02959985,1719.32933,0.178429419,12.98209136,68.29304768,36.75018405,8,72.11839939,100,80.48287957,19.783419,72.28972774,Good,1,0
61.84562196,24.56780872,1912.840967,0.017291189,12.58316037,47.02530818,13.64804402,3,98.2712349,99.30536535,98.58147403,19.783419,93.00995749,Excellent,0,0
94.79867325,30.92447995,1351.008465,0.064536049,12.09596326,37.5386186,32.80439665,7,70.4026535,79.20848438,73.04440276,14.057339,65.66833853,Warning,2,0
80.84949865,35.81645874,4124.298393,0.149516584,12.46356611,50.35756865,35.2858177,6,82.51403215,94.37210222,86.07145317,19.392086,78.51729234,Good,1,0
76.05866651,37.42896181,2743.735599,0.71507874,12.0689804,61.7115754,40.47537445,7,60,78.09544131,65.42863239,3.3848882,60.8762677,Warning,2,0
85.1275844,26.00962968,2883.841856,0.069713938,12.56819281,66.43875596,51.26800883,6,85,77.3767232,82.71301696,13.344121,73.10315482,Good,1,0
96.92398379,35.6242618,1427.833292,0.500921523,12.60613606,62.46171467,36.85653535,3,72.75726422,100,80.93008495,16.62497,82.55805097,Good,1,0
87.70545915,25.29514624,2499.064009,0.281429513,11.85313612,47.57649057,25.90437124,1,100,69.19186494,90.75755948,19.994253,86.29290868,Excellent,0,0
75.15917595,40.95725608,2907.398388,0.432967934,12.47005977,65.7372448,16.81920616,0,91.13547106,94.63996539,92.18681936,99.73955,94.24008469,Excellent,0,0
103.3943943,23.19737385,2297.793848,0.176424725,12.3529707,75.2174501,41.87010958,4,67.78949539,89.81004124,74.39565915,16.85328,74.59940374,Warning,2,0
108.6877825,37.97087286,3360.5645,0.06549559,12.61787096,67.60320768,26.30912641,8,60,100,72,2.8351605,67.2,Warning,2,1
92.41834983,26.06108336,4349.464901,0.084777647,12.73253882,49.3597389,43.66836977,6,73.17400233,100,81.22180163,16.85328,76.73308098,Good,1,0
99.60495267,42.07947873,1742.349738,0.188021614,12.59097984,33.32302615,48.97420152,6,65.79009466,86.11563329,71.88775625,14.500374,68.35578041,Warning,2,0
103.6294,33.54792437,1682.330203,0.404173657,12.27872266,32.84865141,19.55925234,2,73.05508955,86.74730967,77.16275559,24.714924,79.64711528,Good,1,0
101.9514897,23.90390082,1797.795148,0.236464447,12.77333201,36.37564753,40.53892559,4,70.61560329,100,79.43092231,17.470497,79.65855338,Good,1,0
94.21148766,26.86656912,3784.959328,0.613684539,12.05077489,55.14150397,47.9262241,4,66.57702469,67.39530224,66.82250795,13.81309,65.57256522,Warning,2,0
93.97520571,34.68708723,3333.884254,0.001863183,11.8717912,60.39607507,45.19039325,1,92.04958859,69.31405005,85.22892703,17.09106,83.00016623,Good,1,0
92.7949086,36.31586651,2391.577746,0.022626891,11.32769981,21.70935364,14.03620563,6,79.4101828,67,75.68712796,16.598415,66.81227678,Good,1,0
68.53993488,29.57570645,2529.247732,0.165673011,12.37194362,39.92009783,26.46347955,3,100,90.5926743,97.17780229,19.783419,90.42521623,Excellent,0,0
95.51084735,30.26794969,1846.765099,0.07199253,12.07138142,54.86570931,22.19819494,4,83.97830529,78.19448375,82.24315883,19.30874,76.98479205,Good,1,0
64.66279043,34.5501182,3212.021726,0.333337697,12.55910179,32.0064018,40.23472755,5,87.77748688,98.31294886,90.93812547,23.331678,84.22546505,Excellent,0,0
73.08100817,30.79079056,2196.078541,0.134864481,11.61150904,58.67808306,39.13326623,0,100,67,90.1,99.68493,87.46,Excellent,0,0
104.553476,22.23897084,2291.938768,0.463853903,12.14112858,43.85143418,10,9,38.03228987,81.07155391,50.94406909,2.845353,48.78075223,Critical,3,0
97.60330244,25.12215585,2987.031817,0.349150907,12.58810796,35.53159457,31.99168379,2,81.51666798,99.50945345,86.91450362,21.381533,88.05059286,Good,1,0
107.3109743,31.41071966,2349.60405,0.634014157,11.98806554,51.06410865,43.0071983,6,45,74.75770359,53.92731108,2.295369,55.30792736,Critical,3,0
80.92488424,37.2928945,2312.027205,0.03162064,12.5637027,57.84560659,36.47975991,7,80,98.50273635,85.55082091,19.047188,77.03103981,Good,1,0
67.71626738,39.69589454,2508.460164,0.121292752,12.17719096,33.02942171,36.46266919,1,100,82.55912718,94.76773815,19.30874,91.37246833,Excellent,0,0
81.39344204,34.67717652,3136.284331,0.040780635,12.38687668,45.1477524,31.35006313,2,100,91.20866289,97.36259887,19.047188,92.6592919,Excellent,0,0
86.53046946,31.72374457,3817.19446,0.299526979,12.6380632,59.35356755,24.41059059,4,95,100,96.5,20.621056,89.9,Excellent,0,0
86.18483075,34.49288332,2968.388986,0.050768771,12.78111881,34.75819633,34.82944176,8,80,100,86,17.713797,75.6,Good,1,0
102.0052072,25.9994949,3142.651379,0.177997186,12.43699696,16.84486319,35.52093451,6,65,93.27612479,73.48283744,16.85328,70.74492742,Warning,2,0
79.58094362,29.08061424,2340.11675,0.325950973,12.07439588,19.26852309,41.1525452,4,93.26993513,78.31883013,88.78460363,19.290989,80.93452821,Good,1,0
90.28051708,25.05521567,1933.761709,0.196226144,12.21678446,41.63898272,41.96499924,8,79.43896585,84.19235877,80.86498372,17.09106,69.35746199,Good,1,0
70.17059276,22.50754434,3023.188986,0.258963005,12.65478215,23.63163447,35.85861419,4,85.03017734,100,89.52112414,20.079834,85.71267448,Good,1,0
91.75475917,32.00129407,2636.99266,0.013301701,11.99149857,43.0455621,45.94908365,8,76.49048166,71.67243148,75.0450666,12.287563,63.36152626,Good,1,0
85.04662825,31.11307984,1361.897081,0.161513206,12.32877336,83.29885702,31.25075332,7,80,83.36878707,81.01063612,19.657219,71.28013909,Good,1,0
73.75279993,34.12591491,2237.544301,0.099073272,12.24564636,22.42803225,20.5597543,1,100,85.38291238,95.61487371,20.411087,92.4455067,Excellent,0,0
81.46255957,33.27667099,2433.682381,0.098970541,12.35865529,44.34790297,39.77053669,3,100,90.04453058,97.01335917,17.233616,90.21692162,Excellent,0,0
82.2373638,31.45586563,2091.633706,0.242339751,11.99628699,92.64609109,36.26379554,0,100,54.23078798,86.26923639,99.69827,82.60769943,Good,1,0
80.94767306,33.33969999,3685.388476,0.338355068,11.65922226,58.16260166,39.96931516,2,97.44299545,67,88.31009681,22.126616,82.38605809,Good,1,0
111.5701186,29.74390142,2883.87123,0.07930657,12.60829705,42.64553425,22.35548652,0,70,100,79,99.68686,87.4,Good,1,0
83.52330997,32.47734837,3598.539934,0.319229643,12.78565257,46.86234731,52.90796089,1,98.71802383,73.11293299,91.03649658,18.875605,87.24448454,Excellent,0,0
81.34155835,25.64313358,2710.740209,0.348770273,11.68313002,58.58725017,42.10502414,0,96.74864844,67,87.8240539,99.7552,86.09443234,Good,1,0
53.53823564,32.21823555,2565.110269,0.032567665,12.54757046,83.91543861,32.12003109,6,85,91.37680794,86.91304238,20.138336,78.42318702,Good,1,0
71.58688972,34.01050611,1750.721746,0.740805772,12.83327317,39.38292785,25.64546854,4,75,100,82.5,24.863546,81.5,Good,1,0
81.05389863,25.98191143,2509.543627,0.408453582,12.63836442,34.84779434,45.7715341,4,87.76976121,97.37678405,90.65186806,21.010471,85.86647764,Excellent,0,0
74.71220986,30.31099259,2510.443141,0.6102708,12.23333193,22.42382534,23.98230218,7,60,84.87494205,67.46248262,8.519429,63.45247798,Warning,2,0
105.7256139,26.25838494,1406.308893,0.149244695,12.02260145,52.06192065,57.61364825,8,60,42.1823099,54.65469297,1.0204494,45.22927776,Critical,3,1
82.52593337,26.84095982,2068.378024,0.072934426,12.43239123,21.8862526,28.8679506,5,90,93.08613831,90.92584149,16.165585,83.17273256,Excellent,0,0
104.3266637,23.25042387,2241.373921,0.011833785,12.49911402,40.7243475,52.20505215,4,68.00169548,71.34127617,69.00356969,14.227122,67.67039705,Warning,2,0
85.92556951,37.59464955,2830.783635,0.425731221,12.438323,31.82633118,33.15526215,6,76.61791861,93.33082393,81.63179021,23.994816,75.64523891,Good,1,0
85.55841755,36.39411105,2869.08009,0.740805772,12.32794615,71.4824702,50.80746709,4,75,69.0323905,73.20971715,16.860182,69.73230839,Warning,2,0
83.66805328,33.22460313,2034.945214,0.216641308,11.96693931,39.83207225,27.65131493,4,95,73.88624655,88.66587397,15.465832,79.97677369,Good,1,0
85.05694377,41.83317571,2875.095682,0.148047843,12.56907532,57.93860656,35.18836379,2,100,98.72435681,99.61730704,17.392307,95.51525559,Excellent,0,0
110.781925,28.86452582,2354.336857,0.258338006,12.5883418,17.91815997,43.0474933,1,70,99.51909916,78.85572975,17.152506,85.21725768,Good,1,0
50.2058391,46.27618223,500,0.022796148,12.48032885,52.63013909,41.62077137,1,100,95.06356507,98.51906952,20.788681,96.12415473,Excellent,0,0
54.97681383,28.63482351,2112.238374,0.059794471,12.44439746,25.93679388,46.00761834,6,85,90.1554928,86.54664784,19.392086,77.95908726,Good,1,0
76.85243753,31.53116011,3363.190912,0.19889587,13.0716998,41.48703,30.12527885,8,80,100,86,19.392086,75.6,Good,1,0
85.21791823,27.61333252,1154.555395,0.167333514,12.15024849,94.22405149,35.84808373,4,95,57.9780651,83.89341953,17.961098,73.93166474,Good,1,0
95.35156637,32.23395336,2590.15296,0.681583217,12.91257404,68.64348754,47.48388576,0,69.29686726,91.55478842,75.9742436,99.74547,83.89550385,Good,1,0
92.09630797,35.01368957,3768.208971,0.179900875,12.10639021,47.43174834,27.94744498,6,80.80738406,79.63859626,80.45674772,19.30874,72.20176788,Good,1,0
79.23631131,29.31650164,1891.509638,0.095952883,12.84358023,103.2034723,40.72541061,9,80,67,76.1,8.456427,61.06,Good,1,0
100.2856554,40.66031908,2501.719264,0.11534516,12.89334702,31.69650619,32.8083976,5,70,100,79,16.54427,77.4,Good,1,0
100.452931,31.43489571,1456.786994,0.235817066,12.28277952,73.30432764,37.05874107,0,80,86.91465514,82.07439654,99.698524,86.62756895,Good,1,0
87.76086747,31.62291232,3801.784913,0.034154021,13.06438522,19.34651086,35.84550216,0,100,100,100,99.671844,100,Excellent,0,0
99.43986359,24.54601383,2433.333898,0.090823605,12.58761435,45.12154485,27.11716849,5,69.30432816,99.48909213,78.35975735,17.233616,76.91367284,Good,1,0
89.08967895,32.51099445,2537.301474,0.078505152,12.04909102,23.044205,32.39306808,8,80,77.27500472,79.18250142,14.800512,66.96450179,Good,1,0
76.5777546,29.19583668,3583.440372,0.636691225,12.25033736,55.1455183,36.44932252,0,80,85.57641619,81.67292486,99.7439,86.11903815,Good,1,0
95.46725259,26.35056162,3029.182716,0.094060858,12.85310492,51.11940507,33.97276001,7,69.06549483,100,78.34584638,16.54427,73.00750783,Good,1,0
86.65919684,25.34115355,1799.497014,0.074545873,12.76922588,43.84670402,50.7273595,7,80,80.52697771,80.15809331,16.77857,70.20025153,Good,1,0
85.0200977,46.03058028,1982.177661,0.04169246,11.97678384,71.8411405,45.09955557,0,100,73.95384445,92.18615333,99.685196,90.10246089,Excellent,0,0
107.0943036,28.4191365,2895.945044,0.142290607,12.34429708,38.65802054,37.89980498,2,80,89.45225435,82.8356763,16.54427,83.59185665,Good,1,0
48.23691807,21.25808748,2000.703156,0.008569414,12.48140919,56.53703496,27.36853817,0,85.0323499,95.10812922,88.0550837,99.67958,91.85467606,Good,1,0
63.73473745,25.81067124,806.2053503,0.240939745,12.19695816,66.41109881,26.75976908,5,90,83.37452428,88.01235728,21.125496,79.48231923,Good,1,0
67.1939436,29.69059296,2457.407361,0.269870284,13.34311989,20.33557582,54.73811035,1,100,66.8904248,90.06712744,17.715132,85.41836142,Excellent,0,0
79.55109029,33.2800022,1315.829871,0.027750529,12.4934655,35.03171317,24.90114564,9,80,95.60545177,84.68163553,20.138336,71.93007167,Good,1,0
81.18087745,33.32877913,3793.025403,0.0064436,12.37527512,51.07721935,36.13859618,0,100,90.73009885,97.21902966,99.67958,96.47743756,Excellent,0,0
62.39011528,34.05968731,2641.43011,0.097264149,12.87634042,62.60306839,38.60948714,6,85,100,89.5,20.138336,81.7,Good,1,0
70.22262952,26.13083816,1775.859955,0.740805772,12.25391459,78.42475532,31.88676349,7,60,85.72397668,67.717193,6.7485037,63.77511114,Warning,2,0
72.08737482,32.04264266,1941.094068,0.492077331,12.80297104,45.68240403,24.97796235,1,87.19484461,100,91.03639123,19.876152,92.62183474,Excellent,0,0
121.8613614,24.74364322,988.4819297,0.331348241,11.73290704,43.67057915,27.15103361,2,66.88469011,67,66.91928308,12.2513,69.55156985,Warning,2,0
112.0261292,26.2821421,1620.430491,0.416457509,12.21853838,32.5480794,29.53494998,7,42.23616606,84.26470824,54.84472871,1.7723024,55.75977887,Critical,3,1
78.82375873,24.49374615,3313.058562,0.495972802,12.81962817,56.59968184,27.90507131,0,84.91013112,100,89.43709178,99.74526,93.66225507,Good,1,0
79.54625065,22.86966687,4285.428916,0.095725759,13.02807909,44.05764853,48.27720393,4,80.77008916,88.85750663,83.1963144,16.85328,79.68928997,Good,1,0
67.76194004,36.38525693,3081.117211,0.151211405,12.09068171,44.51935474,34.90874007,2,100,78.99062074,93.69718622,19.657219,88.01643588,Excellent,0,0
56.3780438,34.13167021,2426.365969,0.299339483,12.04407135,48.12222988,29.76198899,0,100,77.067943,93.1203829,99.71455,91.28581834,Excellent,0,0
83.2467972,35.85999222,2154.432499,0.072716727,12.62697857,61.03256124,36.06958044,4,95,100,96.5,19.392086,89.9,Excellent,0,0
70.03222025,30.2358784,1734.803349,0.592659409,12.15078644,38.72538894,41.67955905,4,75.48937274,81.46994073,77.28354314,24.714924,74.66411403,Good,1,0
83.72724203,34.66084619,4147.812719,0.234608451,12.29256883,34.55683822,31.55380294,3,97.04374561,87.31846436,94.12616123,20.351988,87.93938961,Excellent,0,0
60.99691226,19.43226357,2349.001039,0.20872611,12.75056201,58.63448372,44.01981295,8,60,100,72,3.925395,67.2,Warning,2,0
73.57038313,35.17852511,4192.503864,0.105433213,12.18235913,0,22.28853226,0,96.14992272,82.772314,92.1366401,99.676254,91.83644686,Excellent,0,0
87.22940643,31.06271898,3614.815608,0.023187833,11.6138297,37.92643653,46.71303632,4,95,61.17567651,84.85270295,17.09106,75.14675707,Good,1,0
90.49314397,33.7626576,1107.362855,0.274425086,11.87956623,26.97381001,34.9104766,1,99.01371207,70.28210681,90.39423049,17.715132,86.29295966,Excellent,0,0
91.26207938,32.28013979,1967.238083,0.310315574,12.40398223,74.06516446,34.51987648,7,76.78813632,91.91426716,81.32597557,18.618567,73.17843877,Good,1,0
65.19266524,24.07766907,1964.763901,0.555311928,11.65463074,41.18134475,28.06985676,5,69.2898811,67,68.60291677,18.203396,64.56175006,Warning,2,0
97.82028595,21.01176135,2436.122909,0.212347755,12.28113583,38.78567769,22.72149869,7,48.40647349,86.84685311,59.93858737,1.7736733,59.33252305,Critical,3,0
72.99682455,25.727675,2451.748598,0.260404835,11.84316139,49.02755029,18.33328064,1,100,68.78040748,90.63412224,21.125496,86.13655484,Excellent,0,0
94.49286872,33.38950369,4612.341159,0.300620215,13.0559756,38.09255143,27.37223331,4,73.72609173,100,81.60826421,20.987064,80.96495853,Good,1,0
84.84041985,34.14054849,1638.2177,0.217278149,13.26605704,41.94703684,40.87673221,0,100,100,100,99.692955,100,Excellent,0,0
64.35418751,21.79234634,2683.175949,0.104743867,11.97672116,51.94220821,25.38721578,3,87.16938534,74.28974781,83.30549408,20.411087,78.84124601,Good,1,0
80.25703443,24.1134038,2993.206194,0.199333611,12.50270347,41.55919131,19.51551814,9,76.45361518,95.98651822,82.31348609,20.138336,70.5853953,Good,1,0
90.48045613,25.66058588,2498.742396,0.050524958,12.01583851,41.41565095,25.90934689,7,79.03908774,75.90333842,78.09836294,19.657219,68.03968545,Good,1,0
94.19448071,27.85616964,2588.144462,0.047418627,12.27627376,29.79684653,31.15166682,0,91.61103859,86.64629257,90.12161478,99.677315,91.40222738,Excellent,0,0
82.88518154,21.82769501,1664.152885,0.704923557,13.12138773,26.92432519,31.54498777,3,67.31078006,100,77.11754604,23.994816,80.27052763,Good,1,0
107.9766834,21.4676894,2585.188956,0.052840825,12.21332458,51.21273795,33.71107092,8,45.87075761,84.04963896,57.32442202,1.2455165,55.204581,Critical,3,1
100.1126616,25.06898822,2909.119197,0.151929479,12.28558502,56.1320102,45.32606346,1,80,85.92176611,81.77652983,16.77857,84.25027112,Good,1,0
81.15018825,30.51752302,2762.080467,0.151029264,12.02298829,21.43686712,47.49254438,7,80,67.7236162,76.31708486,13.79109,65.33497415,Good,1,0
96.25182718,22.91643396,2956.160723,0.192909643,12.85847575,65.19882831,55.05462505,3,79.16208148,66,75.21345704,16.77857,72.32807422,Good,1,0
114.0069023,29.30517894,3630.086321,0.740805772,11.32769981,65.2809528,18.75092683,4,45,67,51.6,2.3263693,56.36,Critical,3,0
114.407269,36.3513169,3249.573234,0.071479108,12.22288107,69.49378277,26.4411608,8,50,84.44384419,60.33315326,1.2455165,57.08866079,Warning,2,1
66.58000179,22.18932158,2557.035691,0.009659714,12.38164556,55.99778169,41.98485157,6,73.7572863,90.99287945,78.92796425,14.993679,73.55535444,Good,1,0
71.10200333,28.76132545,1562.593318,0.107949335,12.13556907,62.74164201,30.45968784,2,100,80.84222406,94.25266722,15.826941,88.72004514,Excellent,0,0
107.2737818,36.1485404,2019.99578,0.111249615,12.7454182,93.70051689,43.6078647,0,80,77.39414713,79.21824414,99.580505,83.00977591,Good,1,0
69.12578424,27.49038966,2324.295078,0.034990596,12.88081091,43.96956798,37.0711343,2,100,100,100,19.392086,96,Excellent,0,0
65.161883,26.55798185,2701.876665,0.005829824,11.83518419,29.08616998,50.7920421,4,95,48.7584049,81.12752147,17.961098,70.42819386,Good,1,0
77.70708804,36.98097489,2117.333791,0.080862383,13.23739466,19.31880234,45.42716114,1,100,98.54765213,99.56429564,16.85328,97.44810781,Excellent,0,0
91.30340064,28.16278753,1751.413441,0.216410805,11.83069647,85.1134786,45.61016627,8,77.39319872,57.7544244,71.50156642,6.943983,58.45182473,Warning,2,0
83.4640494,36.62697015,1549.441049,0.005890813,12.91545227,85.37574517,30.88128391,0,100,91.13002046,97.33900614,99.67958,96.62940778,Excellent,0,0
75.24154569,32.57379235,1179.057793,0.123681682,12.45993108,31.50800516,34.02539154,5,90,94.22215703,91.26664711,19.392086,83.60441967,Excellent,0,0
74.88681307,27.94293208,2312.039437,0.145472063,12.19851956,35.45358375,31.94746542,9,80,83.4389319,81.03167957,19.657219,67.30679412,Good,1,0
74.31494403,32.87814318,1324.267646,0.527782067,12.23625323,43.52017925,19.94107856,3,84.81452888,84.99544566,84.86880391,25.600946,81.92037148,Good,1,0
71.80735557,31.92269708,1699.579453,0.562733691,12.38659488,74.48513744,49.71769255,5,72.48442061,75.15688427,73.28615971,21.291887,69.00307268,Warning,2,0
119.2244932,36.12529693,2184.878502,0.359812776,12.48336714,24.25395603,42.45387309,0,66.01248163,95.18889472,74.76540555,99.75105,83.89702228,Warning,2,0
89.46266607,26.70992677,1431.266152,0.117964972,12.03193826,10.6676095,31.54972876,7,80,76.5674532,78.97023596,19.657219,68.69563222,Good,1,0
98.30138582,30.2472364,2803.801751,0.06840653,12.30642402,93.35028953,48.04592507,9,63.39722837,55.50586772,61.02982017,5.9942245,49.71906565,Warning,2,0
77.66383798,29.63090592,3092.178451,0.096333719,12.09173087,56.24746574,28.69632353,7,80,79.03389842,79.71016953,19.657219,69.6328814,Good,1,0
82.21064984,34.22488885,2060.458384,0.140301532,11.91398019,59.08826612,16.61865532,1,100,71.7016828,91.51050484,20.411087,87.24663947,Excellent,0,0
74.29669028,23.84892483,2150.378154,0.303889105,12.07307532,45.8978799,45.07369753,3,95.13642566,78.01378531,89.99963355,18.95005,83.60253719,Good,1,0
45.22437498,36.10186229,2929.943816,0.217987596,11.94001015,59.31569847,22.21439767,7,80,72.77541856,77.83262557,18.444008,67.25465905,Good,1,0
64.32986085,32.79797263,1928.803922,0.006017239,12.23193803,19.71588233,33.04224534,7,80,84.81744394,81.44523318,20.411087,71.8306287,Good,1,0
57.8407198,22.09844956,1873.812871,0.199479146,12.57298996,33.18158866,37.06123041,4,83.39379823,98.88583594,88.04140955,20.138336,84.60201292,Good,1,0
51.25324333,37.24957695,3457.198783,0.399687472,12.44828414,52.10315769,38.85465345,9,73.3541685,93.74172084,79.4704342,26.473278,68.43060469,Good,1,0
67.06961539,43.40455848,3207.350191,0.610123568,13.18973791,4.582182142,43.48401056,2,80,100,86,24.7216,87.6,Good,1,0
104.8743352,36.01100382,2981.240002,0.017157135,11.51581879,43.94964772,40.80851426,7,60,67,62.1,1.3566136,56.66,Warning,2,0
84.33345748,38.5619086,3240.515697,0.740805772,12.58773639,42.71671259,40.49892527,4,75,99.49412594,82.34823778,16.62497,81.30776786,Good,1,0
104.3584564,30.51222829,918.1770197,0.192806364,12.4025681,43.94619536,27.09248218,7,60,91.85593394,69.55678018,2.0945191,66.1052549,Warning,2,0
91.16473865,20.03097048,3583.068437,0.017964398,12.72626814,38.97836384,37.94243557,5,67.79440462,100,77.45608323,12.938285,76.47364994,Good,1,0
96.73838239,18.93527729,2813.649693,0.323446231,12.68658608,30.08216148,19.9445003,4,59.96015317,100,71.97210722,4.0106,75.18326433,Warning,2,0
71.48654507,31.53049226,3308.625107,0.497577606,12.3340033,13.55936299,50.62137698,8,66.8281596,69.91495438,67.75419803,8.760321,58.63550969,Warning,2,0
92.85926431,26.44812715,2809.729423,0.089728312,12.46906051,52.89494094,20.97435176,8,74.28147137,94.5987462,80.37665382,19.392086,71.14574153,Good,1,0
95.93071351,24.51254233,2539.13986,0.065043042,12.10237231,43.99752026,31.53560161,8,66.1887423,79.47285799,70.173977,10.334224,61.9989578,Warning,2,0
76.35029062,29.6235199,2279.75263,0.106062492,12.64547199,22.49436907,21.81125761,0,100,100,100,99.67958,100,Excellent,0,0
93.39310556,33.69351173,2793.715502,0.238375835,11.64844958,51.25066826,27.69833714,4,88.21378888,67,81.84965222,20.351988,74.50979133,Good,1,0
93.49281638,21.28345472,2250.601673,0.087074652,12.71073058,44.1009961,35.13428415,7,58.14818612,100,70.70373028,3.5469651,68.42223817,Warning,2,0
76.75671068,27.30673428,3194.30088,0.02818664,12.39073062,40.77952097,29.71241901,8,80,91.36763817,83.41029145,19.392086,72.3197025,Good,1,0
68.15847352,39.0592241,1230.834684,0.118400262,12.20517518,6.862102264,46.44246258,3,100,78.8091036,93.64273108,19.657219,85.94745937,Excellent,0,0
67.23807502,23.54826972,2066.739311,0.080009537,12.30698672,63.65535025,37.26901016,7,74.19307887,87.91320221,78.30911588,19.392086,70.56810997,Good,1,0
86.29758313,35.21856712,4135.858599,0.201139476,12.33632151,25.3389792,30.37090271,5,87.28282802,89.12326213,87.83495826,19.701874,80.52562738,Good,1,0
89.90514803,27.09161543,1999.135629,0.419162694,12.9189215,51.2654051,33.6641807,2,92.05582038,100,94.43907427,21.837223,92.66344456,Excellent,0,0
73.11211254,33.27476256,2309.053022,0.130728875,13.46987961,33.83463113,47.19700457,8,80,92.53018446,83.75905534,16.85328,72.76147009,Good,1,0
85.39878012,36.58396504,1793.935253,0.576655716,12.88794833,42.22546965,44.08870883,4,76.55628559,100,83.58939991,21.381533,82.15363995,Good,1,0
93.55805554,34.4476906,2768.676538,0.265619018,12.17386969,73.04584983,23.61229106,6,77.88388892,82.42212453,79.2453596,20.351988,72.03164067,Good,1,0
94.27286072,35.45495761,1910.988088,0.162416522,12.65191273,60.63236402,28.19348286,2,91.45427856,100,94.01799499,19.392086,92.410797,Excellent,0,0
108.2782018,23.0904388,2351.511252,0.302620989,12.66933167,72.60079893,39.74789819,0,72.18702258,100,80.5309158,99.7163,88.31854948,Good,1,0
104.1547125,36.68195824,3179.093229,0.425280793,12.02993571,56.60770989,38.53366586,4,66.64794712,76.48484808,69.59901741,18.53739,69.05638006,Warning,2,0
69.98062851,24.88384131,1940.989265,0.255957476,11.89568028,57.92287169,24.49618459,7,79.53536525,70.9468116,76.95879915,17.527039,66.36464181,Good,1,0
110.2537931,31.55725059,3130.888895,0.024964653,12.37468763,14.37722,42.49126589,3,70,90.70586467,76.2117594,16.85328,77.86822858,Good,1,0
77.03535243,31.54947712,3157.783452,0.007178025,12.72308304,43.64950012,26.0912586,9,80,100,86,20.138336,73.6,Good,1,0
100.6730922,32.91073535,3343.964876,0.400632617,11.75527669,45.50182136,48.03826774,7,53.2911589,56.66988969,54.30477813,1.8517852,49.91684482,Critical,3,0
86.01979939,32.02174006,2612.432796,0.027760845,12.11164085,74.47329641,40.29449156,6,85,79.85518518,83.45655556,17.09106,74.04497037,Good,1,0
78.81775932,24.93714013,4612.341159,0.194478676,12.62906068,39.87541344,23.68075549,8,67.50173733,100,77.25121613,20.138336,70.35072968,Good,1,0
57.8845471,21.90079553,3343.626957,0.024797854,12.41668945,55.29719018,29.70923299,8,67.6031821,92.43843962,75.05375936,20.138336,67.51994354,Good,1,0
82.42653235,35.23409208,2759.9021,0.611105668,12.96650945,54.51514686,29.53539385,7,60,100,72,8.253402,69.2,Warning,2,0
61.60925147,31.11500747,1799.260469,0.097538337,11.83545302,73.15350321,36.59876721,8,80,68.46243701,76.5387311,14.562929,63.61572606,Good,1,0
99.50948854,36.89626105,2422.352699,0.24948545,13.34086597,47.32511835,32.96023102,7,60.98102292,100,72.68671605,17.470497,69.61202963,Warning,2,0
107.7518899,29.73160239,3641.061582,0.071611233,11.78480302,66.55573897,23.54511087,8,60,67,62.1,1.3566136,54.66,Warning,2,1
73.04633516,21.56901384,3867.627693,0.186155087,11.58833451,15.90269732,21.05740854,1,86.27605534,67,80.49323874,20.411087,79.69594324,Good,1,0
89.52956114,35.79677809,3682.66328,0.004309535,12.37643489,17.71961134,40.49023334,3,100,90.77793914,97.23338174,16.85328,90.49561687,Excellent,0,0
74.11912717,27.77777634,3128.153845,0.074688189,11.94621643,4.333113108,37.86236865,8,80,73.03142768,77.90942831,16.257309,65.35194252,Good,1,0
75.57272905,32.05202074,1495.471835,0.339084446,12.38449773,65.7196995,36.05537557,4,92.39437028,91.11053154,92.00921866,24.402285,85.4276375,Excellent,0,0
96.61742056,26.11524343,2889.729454,0.119652567,12.37050925,63.47333876,37.70731859,0,86.76515888,90.5335065,87.89566317,99.68686,90.8440992,Good,1,0
84.42192607,39.86581026,1506.878098,0.15704499,12.32169032,67.93655148,28.81080852,8,80,88.5197255,82.55591765,19.392086,71.23749569,Good,1,0
111.0947206,24.74061105,1310.023045,0.33416395,12.06303559,36.45276329,36.83992358,6,51.68484756,77.85021797,59.53445869,1.7476678,59.29071881,Critical,3,0
77.76651282,27.97542148,2691.326948,0.072438496,12.57306246,38.72904685,60.38505565,9,80,64.88882652,75.46664796,8.166957,60.25775408,Good,1,0
99.99004499,30.64469222,2918.559558,0.014919669,12.27306515,47.57904715,46.74567121,0,80.01991003,80.5786555,80.18753367,99.692085,84.2282513,Good,1,0
86.46120119,23.44690604,3222.701679,0.118391056,12.84146595,78.87398606,32.11591549,1,93.78762415,100,95.6513369,19.392086,95.39080214,Excellent,0,0
96.93667015,31.98311717,2897.708992,0.257586806,12.3278511,83.87656255,29.76628253,5,76.12665971,82.37752962,78.00192068,17.715132,73.27665833,Good,1,0
78.29263514,39.67146286,2925.268789,0.211625413,12.01414103,65.8761698,10,1,100,75.83331752,92.74999526,20.73297,88.81666066,Excellent,0,0
84.25661744,27.05722704,1712.277932,0.41071433,11.72491578,56.6203945,45.68694153,5,82.61904468,64.6643988,77.23265091,21.666563,69.27247031,Good,1,0
83.26751681,32.37085691,2416.018652,0.736320177,12.33115623,76.70765395,42.86605354,3,80,88.91019438,82.67305831,21.010471,81.38587386,Good,1,0
72.45914328,13.79789139,1294.306571,0.461895528,11.89231817,44.88315086,29.56172031,2,59.20696478,70.80812457,62.68731272,11.752665,67.77401254,Warning,2,0
94.93122302,29.7664248,897.3046965,0.057785227,11.86001526,42.18116939,20.68292317,7,70.13755396,69.47562941,69.9389766,13.401848,61.85851184,Warning,2,0
94.75373508,28.12174628,3092.514168,0.365629459,12.61098292,47.41955759,23.44732557,0,86.11723257,100,90.2820628,99.73955,94.16923768,Excellent,0,0
93.90332042,25.08901439,1897.500485,0.262081295,11.68893198,30.42571261,39.44397862,8,72.19335915,67,70.63535141,6.9537106,59.78121084,Warning,2,0
108.0544848,36.48870282,3197.998802,0.171269527,12.96487735,46.49981271,34.10659266,1,80,100,86,16.85328,89.6,Good,1,0
106.740172,28.04253791,3386.678062,0.073924917,12.46388655,27.65183912,41.91592018,5,70,94.38532034,77.3155961,16.85328,75.26642173,Good,1,0
79.37582965,28.93513508,2004.54614,0.345336368,12.38246295,70.50015638,35.86443138,9,76.9775755,91.02659659,81.19228182,24.402285,68.92068841,Good,1,0
90.59578478,27.73684275,2972.248876,0.11514432,11.98609362,60.87374782,44.66758832,1,98.80843045,74.67636198,91.56880991,17.09106,87.87655834,Excellent,0,0
75.64598966,18.49910477,1971.074617,0.000336544,12.70574892,78.59124795,38.6957514,9,60,100,72,3.4210622,65.2,Warning,2,0
85.35032974,23.20808136,1023.2969,0.30144111,12.39883803,17.41434394,43.2879538,3,92.73625143,91.7020686,92.42599658,18.286812,87.79601167,Excellent,0,0
76.00375826,35.76656092,2598.647524,0.08103858,12.12556134,88.03393894,14.10316589,7,80,67.17340615,76.15202184,15.249073,65.12589434,Good,1,0
109.3010546,17.34029612,2123.300896,0.464167181,12.47992988,18.55049172,22.6565443,8,29.05552124,95.04710749,48.85299712,2.026391,52.32121977,Critical,3,1
90.45547226,25.4021079,2147.928792,0.491426262,11.72688582,26.0338385,31.3564833,2,86.32730469,67,80.52911328,22.705729,77.71746797,Good,1,0
81.72956308,27.60167966,4080.274494,0.033477935,11.74586915,37.58356906,45.79568785,3,98.39451011,64.29466131,88.16455547,17.09106,79.75766555,Good,1,0
102.9042786,40.4617312,1279.314414,0.405439946,11.95192557,76.15441384,53.80529726,8,52.97067028,43.32891891,50.07814486,1.8517852,42.7126707,Critical,3,0
52.44076885,34.61162259,2806.296908,0.107683751,12.53981091,54.51146994,33.35764218,1,100,97.51719992,99.25515997,21.156872,97.05653597,Excellent,0,0
54.78846108,26.65697684,1704.15421,0.081872497,12.39869667,45.12341499,28.88419936,1,100,91.69623769,97.50887131,20.138336,94.84457032,Excellent,0,0
96.93757983,37.82708218,3226.609127,0.151057369,12.81959171,34.14745131,15.45031456,3,86.12484034,100,90.28738824,19.392086,88.17243294,Excellent,0,0
85.90702672,25.55690508,2738.744989,0.068025134,12.03200406,22.48129699,43.63563764,6,85,76.57016744,82.47105023,17.09106,72.79666363,Good,1,0
88.7566945,36.05459882,2803.475479,0.079858033,12.62986714,72.65254647,29.49809425,8,80,100,86,19.392086,75.6,Good,1,0
65.10405845,21.84673652,1744.088306,0.205758352,12.35445178,65.97278522,61.51969806,5,77.3869461,55.87113589,70.93220303,10.518193,63.733549,Warning,2,0
84.65149434,36.43954699,1887.529669,0.138687663,12.02278192,77.04900754,27.6059608,4,95,76.18975429,89.35692629,19.657219,80.85210663,Good,1,0
115.0526412,27.56319813,3241.800406,0.497414272,12.55412307,57.93636254,56.05275097,8,36.83904853,64.10757657,45.01960694,2.060163,43.83327948,Critical,3,1
97.3629943,23.82897455,3916.638177,0.252319811,12.37359526,0,42.48367384,1,80.58990962,90.66080434,83.61117804,17.080957,86.29886769,Good,1,0
87.54559818,28.69713832,2884.246254,0.3826715,12.14835232,25.10834135,24.71735601,9,74.4885667,81.3695333,76.55285668,18.240112,64.20562067,Good,1,0
78.41419135,31.66406508,1782.063423,0.106884818,12.41679963,59.29742612,37.32143789,3,100,92.44298494,97.73289548,19.392086,91.12833428,Excellent,0,0
79.08140722,27.03150942,2771.150818,0.338202906,12.34818785,42.6056595,42.71380527,2,97.45313958,89.61274863,95.1010223,21.381533,90.98316311,Excellent,0,0
53.06203166,33.32372104,4441.977635,0.347556548,12.33852477,38.82316066,32.74747807,9,67.99001074,89.21414687,74.35725158,18.694609,64.45718032,Warning,2,0
88.86460631,26.5020367,2581.938249,0.480314189,12.23496274,27.9354647,43.37982711,6,72.97905404,84.94221303,76.56800174,21.666563,70.92924365,Good,1,0
97.68224663,33.72223436,3669.472688,0.090789846,11.87802058,68.95179135,43.15957159,4,79.63550675,70.21834911,76.81035945,17.09106,72.12988549,Good,1,0
61.36571009,32.65333237,1907.736507,0.01763617,12.42990617,59.12385275,40.96338501,3,100,92.98362936,97.89508881,19.392086,91.33377916,Excellent,0,0
75.07874662,29.63446167,2466.331159,0.180024925,12.07891425,60.02382446,34.83526632,4,95,78.50521283,90.05156385,19.657219,81.73198088,Excellent,0,0
67.63803052,27.35170613,2995.652165,0.006360969,11.99186845,37.32795502,23.25059911,7,80,74.91457368,78.47437211,20.411087,68.067538,Good,1,0
70.51973208,30.90924477,2817.862647,0.631589915,12.30372006,53.52575518,34.23214625,1,80,87.77845257,82.33353577,23.994816,84.95581198,Good,1,0
85.8022244,33.30152246,1886.889056,0.017361489,12.69361062,23.24470148,36.76064664,1,100,100,100,16.919046,98,Excellent,0,0
53.73396768,42.37079492,1852.386034,0.169707415,12.4742454,47.40344038,16.23949129,3,100,94.81262288,98.44378686,20.788681,92.02879669,Excellent,0,0
94.21405658,35.63652253,3290.627522,0.407299084,12.18754312,0,36.69235316,4,79.41861461,82.98615356,80.4888763,20.838665,76.89055649,Good,1,0
96.30782605,35.8559397,3453.24065,0.103944118,12.17146158,18.63767722,34.03198735,8,67.3843479,82.32279005,71.86588054,10.130178,63.58408634,Warning,2,0
81.23346118,46.27618223,3709.714846,0.35754163,12.6543253,43.55376311,22.03373929,2,96.16389133,100,97.31472393,25.280869,94.38883436,Excellent,0,0
47.78937235,33.09575086,3943.144387,0.278418709,11.44130569,97.50236293,31.66993609,7,80,38.12110117,67.43633035,9.409642,54.08601845,Warning,2,0
70.05372061,32.90786107,2607.695549,0.036942521,12.718946,13.98513853,31.88153653,9,80,100,86,20.138336,73.6,Good,1,0
103.493529,34.22409045,2251.040605,0.287062191,11.65039369,25.12838815,54.30094533,4,75,35.37678586,63.11303576,6.2436104,56.94317863,Warning,2,0
44.51298544,23.94620413,3580.792751,0.136238682,11.83383684,54.33549593,37.20118346,9,75.78481654,68.39576951,73.56810243,9.96173,59.82001536,Warning,2,0
79.78714882,27.33659018,3070.455425,0.099374834,12.19429367,85.38845812,45.36045251,8,80,73.14811934,77.9444358,14.057339,65.39628535,Good,1,0
67.29998832,26.9629844,1714.035793,0.269680252,13.26804966,54.04344994,33.82184696,7,80,100,86,20.8457,77.6,Good,1,0
97.06855452,33.88568386,1673.091468,0.522287245,13.07096774,64.04283705,16.26083483,3,71.04374129,100,79.7306189,24.402285,81.83837134,Good,1,0
74.87329072,28.95495263,2893.544161,0.486662916,12.6825951,43.24792499,41.72341849,3,87.55580562,100,91.28906393,24.402285,88.77343836,Excellent,0,0
91.05931031,30.82934055,2358.180271,0.356189311,12.54261695,39.78756822,28.4181327,8,74.13542534,97.63294924,81.18468251,24.402285,72.23739936,Good,1,0
93.48190629,36.52472772,2478.856036,0.249198051,11.65508921,51.64368704,31.6439987,4,88.03618742,67,81.7253312,18.110687,74.43519872,Good,1,0
112.5433876,35.17890443,3358.026692,0.267399289,12.46270327,36.83421219,24.47028751,0,70,94.33650969,77.30095291,99.70013,85.24787368,Good,1,0
81.95587084,29.02967398,3107.229716,0.28860633,12.18031139,64.48538677,35.72767864,7,80,82.68784494,80.80635348,20.351988,71.02138108,Good,1,0
90.64066554,25.98002942,3563.898599,0.172308155,12.07333227,17.87456202,45.65178362,3,98.71866891,76.0588917,91.92073575,17.09106,84.36421979,Excellent,0,0
62.72416781,36.81164839,954.7711149,0.26569455,12.46192124,67.79974065,44.32738108,9,80,94.30425098,84.2912753,20.079834,71.43561537,Good,1,0
102.8562034,34.64334709,2702.718334,0.032507692,12.211556,50.78626025,50.86189508,8,60,64.04624158,61.21387247,1.3866603,53.5375718,Warning,2,0
73.59236728,20.36245909,3055.750818,0.427566696,12.74771982,45.70558263,52.27959458,1,72.94538995,75.24937843,73.6365865,21.666563,77.23182758,Warning,2,0
76.58868754,28.12107637,1278.731315,0.069237171,11.62561809,17.1403088,14.5412577,9,80,67,76.1,9.96173,61.06,Good,1,0
84.66628308,30.99309277,1976.083487,0.124441281,12.43000457,30.40422656,23.06379439,9,80,92.98768847,83.89630654,19.392086,70.93532162,Good,1,0
61.55673482,34.6729783,1827.61187,0.740805772,12.04836111,73.97302946,16.91808422,7,60,77.24489581,65.17346874,4.258108,60.55306041,Warning,2,0
88.43155043,35.46060897,2517.358537,0.227178896,12.23614567,45.82802004,41.3193041,2,100,84.99100882,95.49730265,17.393625,90.29658335,Excellent,0,0
99.51199409,31.70343601,3802.283175,0.047317316,12.52185057,55.56796932,28.06918216,6,65.97601181,96.77633592,75.21610904,13.975954,72.48493261,Good,1,0
89.39400735,33.51148519,4118.071524,0.003275595,11.95307685,32.40935973,30.10819668,8,77.63856953,73.31442027,76.34132475,10.865909,64.4676789,Good,1,0
61.16653654,30.38482081,1848.569958,0.030782927,12.46569286,49.41890728,32.83402568,8,80,94.4598303,84.33794909,15.603429,73.49473551,Good,1,0
83.14286059,25.95688987,2921.2458,0.043657113,12.31506472,22.55695904,38.82570688,4,95,88.24641961,92.97392588,17.233616,85.43363945,Excellent,0,0
96.13043354,28.43241365,2947.038282,0.167977806,12.13576525,51.99764509,20.14678952,7,67.73913291,80.85031672,71.67248805,14.042271,65.17355618,Warning,2,0
56.83016851,30.11394712,2810.100617,0.180823367,12.21177101,57.41281795,22.41136537,3,100,83.98555398,95.19566619,20.411087,87.91451051,Excellent,0,0
68.87850979,29.7919245,2819.183708,0.118611854,12.33817924,56.41229454,35.01296207,2,100,89.1998938,96.75996814,19.392086,91.89595964,Excellent,0,0
98.14815406,18.68656257,2742.994002,0.134735753,12.09286539,31.92830339,46.98745936,6,48.70369188,72.32333571,55.78958503,1.2731314,55.93841816,Critical,3,0
89.05143151,27.61509999,3850.056097,0.688864661,12.40283779,43.15898032,34.74602597,4,75,91.86705884,80.06011765,21.460415,78.40948236,Good,1,0
91.17957373,30.33723392,3381.973211,0.269299627,12.28872935,60.74388292,27.08340294,2,97.64085254,87.16008574,94.4966225,19.994253,90.12999065,Excellent,0,0
112.8924221,28.31178005,1651.876882,0.164753946,12.15548699,45.77124809,13.5179132,6,55,81.66383814,62.99915144,2.8883636,62.13225849,Warning,2,0
92.02829168,28.51905723,3136.576865,0.079823389,13.03593689,44.25389235,44.52675585,3,95.94341664,100,97.16039165,16.54427,92.29623499,Excellent,0,0
94.86832016,32.92794822,3213.8987,0.043590024,12.56609597,88.06935217,27.64068351,5,80.26335969,85.28702764,81.77046007,19.30874,76.11968157,Good,1,0
123.6783703,23.52625688,2751.97383,0.042462748,12.24691511,30.98021762,23.52563084,3,64.10502751,85.43524816,70.50409371,14.500374,73.38950586,Warning,2,0
81.79293163,20.23174672,3405.139496,0.256839518,12.45834417,71.60836936,17.84674774,8,60.92698687,94.15669711,70.89589994,16.587824,65.36887938,Warning,2,0
73.03175855,27.91098125,2650.459227,0.021091082,11.98927195,26.90638673,20.60899189,8,80,74.80746774,78.44224032,16.908228,66.02683774,Good,1,0
91.41694597,34.58468643,2660.374177,0.23358159,12.22529136,63.09562172,25.3878578,4,92.16610805,84.54326849,89.87925618,20.351988,82.83620741,Good,1,0
91.58486544,40.12531824,2596.992436,0.475471626,12.27196902,64.16305116,32.61151264,7,65.1321607,86.46872207,71.53312911,15.646076,66.21362188,Warning,2,0
77.09926912,34.69276943,885.4047314,0.102764321,11.90128244,39.7926969,22.91258295,1,100,71.17790049,91.35337015,20.411087,87.04760218,Excellent,0,0
69.51404471,21.19041744,2435.681285,0.740805772,12.55494162,25.65046294,36.85708038,9,44.76166976,98.14134179,60.77557137,2.1125853,58.09361118,Warning,2,0
119.6476663,28.60579656,1965.39954,0.101310209,12.19775492,10.59133592,32.5355226,2,70,83.40739041,74.02221712,16.77857,77.09480835,Warning,2,0
89.90265206,31.53980629,1550.841617,0.123244661,12.25781333,37.69772982,57.21992289,8,80,51.88479999,71.56544,5.18229,57.316224,Warning,2,0
74.01571928,31.0655467,3647.214628,0.740805772,12.17251206,60.52437296,17.95556884,8,60,82.36612232,66.7098367,4.258108,60.49912648,Warning,2,0
98.73895453,33.23582732,2903.366015,0.116846515,13.46987961,28.44743686,36.6147943,1,82.52209093,100,87.76546365,12.938285,90.65927819,Good,1,0
83.36282273,24.49770632,2476.135135,0.136572219,12.13495394,51.93897162,36.74004989,0,97.99082528,80.81685002,92.83863271,99.67009,91.86654963,Excellent,0,0
81.20677831,30.38965853,2048.157319,0.366216455,11.57252922,20.47140404,24.69442596,7,75.58556965,67,73.00989875,18.613571,63.20593925,Warning,2,0
93.43409308,32.52193698,2736.935668,0.431671485,11.76002721,45.32223616,35.95252397,8,64.35371484,67,65.14760039,7.721573,56.48856023,Warning,2,0
65.62176598,34.95402572,3293.148875,0.316211751,12.70372105,27.05912192,42.69594366,7,78.91921661,100,85.24345162,21.355003,77.14607097,Good,1,0
90.28940806,25.165691,1838.427325,0.198012201,12.93458108,48.44038996,35.96491483,0,99.42118388,100,99.59482872,99.68686,99.75689723,Excellent,0,0
113.6943221,27.9290588,2496.137302,0.053586287,12.12728112,39.97841061,48.84462885,6,55,67.42860826,58.72858248,1.3866603,56.72287114,Critical,3,0
91.99266493,13.79789139,3194.453199,0.030589607,12.91157987,26.19267728,13.22312382,3,66.01467013,100,76.21026909,20.138336,79.72616146,Good,1,0
79.35681844,26.27122819,951.1990967,0.006617498,12.696636,36.82253044,26.57766587,9,80,100,86,19.392086,73.6,Good,1,0
77.39342079,26.85351064,2453.94419,0.226509827,12.32420795,31.31686276,49.75056047,8,80,72.47167223,77.74150167,13.122511,65.13923545,Good,1,0
78.8449004,23.88249295,2156.566904,0.378574266,12.29582149,23.721506,44.12026333,7,70.29168741,87.45263632,75.43997208,21.666563,68.75451051,Good,1,0
81.19055983,30.9936729,2392.936114,0.215971938,12.47234809,71.65491651,40.40511711,4,95,94.73435874,94.92030762,17.516422,87.89905632,Excellent,0,0
79.33290201,29.66432741,2098.697155,0.023749637,12.75098233,42.79650271,47.33215407,3,100,92.07067618,97.62120285,16.85328,90.98685695,Excellent,0,0
98.74467162,16.44471673,2610.099684,0.058180449,12.55891783,5.955491019,15.83442121,8,42.51065677,98.30536033,59.24906784,1.7110646,59.21051277,Critical,3,0
59.00186345,31.29304782,4038.901776,0.108100023,12.12927668,37.53438385,42.95610663,1,99.22196447,80.58266302,93.63017404,19.657219,90.29463703,Excellent,0,0
97.93000076,24.43005522,2240.862021,0.028913138,12.33031718,68.29423428,45.64370162,1,81.86021935,86.6869982,83.308253,17.09106,85.32235144,Good,1,0
79.30470212,32.91413376,2733.368807,0.130293059,13.19250538,34.77282733,28.41299834,0,100,100,100,99.67958,100,Excellent,0,0
90.65421679,22.30889251,4095.797135,0.293416731,12.50048552,79.95487756,61.29237118,5,76.01119379,61.89502766,71.77634395,12.322199,65.4448119,Warning,2,0
68.09518135,30.18003923,2059.987537,0.518983871,12.74773017,32.8667589,36.96348964,0,85.40107526,100,89.78075268,99.74526,93.86845161,Good,1,0
104.929466,28.30102003,3951.740279,0.590642162,12.61595399,60.06816112,13.07230957,5,50.62385586,100,65.4366991,6.823206,69.26201946,Warning,2,0
103.6845244,31.81861131,2504.258405,0.564110594,12.5093431,70.73277169,38.81271998,1,62.39262707,96.26040278,72.55295978,21.381533,80.78385642,Warning,2,0
99.39385789,30.74818367,3925.516981,0.025341146,12.44347956,59.00387945,27.8013997,8,61.21228423,93.54353185,70.91165851,11.458135,65.25570148,Warning,2,0
62.27867836,28.46901495,3100.1609,0.712617702,12.75895625,22.51012051,46.64995274,4,75,94.39016069,80.81704821,23.994816,79.36826106,Good,1,0
97.43681607,20.78236612,2745.68669,0.272931898,12.68745689,31.15062846,40.47944033,0,68.25583233,100,77.77908263,99.69341,86.66744958,Good,1,0
91.07282631,21.13675222,2447.495454,0.740805772,12.50555739,73.40141981,29.02077928,6,47.40135625,96.10424239,62.01222209,3.6579728,64.42818173,Warning,2,0
60.92093129,26.49667837,2000.766848,0.024238318,12.12249499,33.90777087,50.02451918,3,100,63.21955311,88.96586593,15.210032,80.02343018,Good,1,0
84.63553924,29.9503207,2560.63324,0.040197271,12.55422352,69.51353028,44.39451306,2,100,98.11172029,99.43351609,12.938285,95.28245371,Excellent,0,0
90.46801734,26.35051232,3217.889167,0.740805772,12.37319683,41.39430556,26.72080012,6,64.06396533,90.64436905,72.03808644,18.382597,69.35172568,Warning,2,0
93.34112911,33.75127158,2489.510855,0.263254463,12.27669764,52.82874638,33.47954919,9,73.31774179,86.66377746,77.32155249,11.130482,65.72568699,Good,1,0
87.6589205,28.32467448,2246.701756,0.35084231,13.46987961,22.27785446,40.16916791,9,76.61051264,100,83.62735885,16.62497,72.17641531,Good,1,0
89.36847125,24.20992365,2299.373973,0.42407789,11.78437948,37.83464851,31.35736737,4,83.56783527,67,78.59748469,24.303907,72.55849081,Good,1,0
107.1041709,28.33142224,3293.981291,0.031594445,12.78340514,32.49387239,31.65600596,8,60,100,72,2.7745962,67.2,Warning,2,1
103.3905086,31.35515902,3480.129164,0.07078914,12.05493162,54.51199301,35.36725028,2,80,77.51592942,79.25477883,17.09106,79.05605318,Good,1,0
44.51298544,31.94930831,1966.279589,0.001572589,12.4524782,51.86395159,24.34201416,8,80,93.91472557,84.17441767,21.156872,73.28759572,Good,1,0
80.23842168,41.27027479,1965.129714,0.740805772,13.42743501,59.25299792,12.67234661,9,60,100,72,7.4177504,65.2,Warning,2,0
82.53023459,25.98654396,2803.487136,0.137024,12.0150524,40.18954994,37.39134862,5,90,75.87091159,85.76127348,13.831579,76.6309464,Good,1,0
58.71852141,29.55912803,3722.025652,0.011626823,12.11045094,31.39539857,15.11100051,5,90,79.8061012,86.94183036,15.826941,78.12631845,Good,1,0
86.41274587,32.55674368,3416.792247,0.002534494,12.39299451,53.65458171,25.06961297,5,90,91.46102334,90.438307,14.993679,82.55518887,Excellent,0,0
103.7313666,29.85946224,1498.51823,0.069278334,12.06111322,29.40822194,17.28417641,0,80,77.7709202,79.33127606,99.570755,83.15294968,Good,1,0
68.70148211,26.99629112,2288.739224,0.061397285,12.75362254,71.56845053,18.51555552,8,80,100,86,20.138336,75.6,Good,1,0
90.04601408,20.70445694,1755.517156,0.564813627,12.18618823,47.70955227,39.26355174,7,45.07155784,82.9302643,56.42916978,2.24607,56.44355473,Critical,3,0
71.26264784,26.93499265,2285.989982,0.0193946,12.66160386,43.47729781,32.77691835,8,80,100,86,19.047188,75.6,Good,1,0
74.92131964,23.55778552,3783.527997,0.251710024,11.86832435,59.24351246,32.41599545,1,94.23114209,69.81837933,86.90731326,20.351988,84.10806382,Good,1,0
107.1609045,19.64035991,1361.919481,0.112272229,11.6772674,48.47271001,21.84098216,8,40,67,48.1,1.2731314,46.26,Critical,3,1
76.8616327,25.22592695,1204.907765,0.017922212,12.30840601,16.83896566,28.44150911,3,100,87.97174785,96.39152435,19.392086,89.42926418,Excellent,0,0
91.93318734,23.71744968,1837.156677,0.064576848,11.77259686,28.77140201,38.76455159,8,71.00342403,67,69.80239682,6.8177643,59.28143809,Warning,2,0
56.93172826,33.50271927,2729.848482,0.530876963,13.00730757,71.15417408,34.47912735,9,64.60820245,100,75.22574171,21.16453,67.13544503,Good,1,0
112.9347634,33.60655102,2996.603857,0.053003261,11.7880786,51.67768696,43.22674061,8,50,67,55.1,1.2731314,50.46,Critical,3,1
94.03978669,24.57672426,2849.958748,0.155799098,11.98492532,16.36864395,44.65092012,9,70.22732366,74.62816965,71.54757746,6.8177643,59.85418041,Warning,2,0
82.26250236,28.43862822,3440.548323,0.547647475,12.56544795,57.04224133,32.47780142,1,83.49016832,98.57472811,88.01553626,23.994816,90.52426738,Good,1,0
93.63319765,18.85054403,1089.531525,0.141828226,12.16545442,38.8148236,16.47750714,3,72.7336047,82.07499482,75.53602174,19.657219,75.73661201,Good,1,0
63.85270857,27.0339603,3450.669231,0.740805772,11.79264481,32.51000095,27.43355101,2,80,67,76.1,20.146257,75.06,Good,1,0
102.7379611,32.3938914,2250.323744,0.275365515,13.21598566,27.10254549,34.02310719,5,70,100,79,17.152506,77.4,Good,1,0
80.14022837,34.94962734,3085.195448,0.14907093,11.99934648,69.99858943,27.23512948,9,80,75.22304225,78.56691267,13.987106,64.18475605,Good,1,0
81.93895727,25.72171751,1441.259659,0.41185794,12.32149688,10.69003256,24.45375789,6,77.54280401,88.51174618,80.83348666,23.994816,74.20244123,Good,1,0
77.62516578,36.31112916,2503.965358,0.157742757,12.31632299,33.24935851,35.69752284,5,90,88.29832342,89.48949703,19.047188,81.3533629,Good,1,0
76.29022896,20.90584847,2689.016616,0.156909204,12.68412366,52.40253532,59.30303103,8,63.62339388,66,64.33637572,5.9942245,55.80182543,Warning,2,0
95.42005917,22.51423321,3424.60083,0.204576899,12.58494098,81.56726138,30.11811938,1,79.21681447,96.79283433,84.48962043,17.516422,88.05233912,Good,1,0
88.83860275,34.25797119,1231.796302,0.103555108,12.06927958,61.07716393,34.97194148,6,85,78.10778288,82.93233486,17.475641,73.38095749,Good,1,0
94.77622212,40.02672737,2524.602039,0.179252626,12.26966911,33.07950769,21.87964123,5,80.44755576,86.37385091,82.2254443,19.657219,76.61003676,Good,1,0
84.86807966,32.96059193,1631.811767,0.358283958,12.30923103,80.58706908,47.43401055,2,96.11440281,78.76147999,90.90852596,21.666563,86.29741158,Excellent,0,0
92.69799717,29.75794568,2904.396835,0.337479345,12.6995838,22.89753201,43.74743043,6,77.1053827,100,83.97376789,21.381533,78.38426073,Good,1,0
78.71726884,16.82889752,3121.773229,0.009700891,11.93267123,55.30672331,43.05734139,8,60,72.4726884,63.74180652,1.3866603,56.73962159,Warning,2,0
118.4459776,17.86531766,3529.736194,0.139844792,13.20724422,59.75569292,48.59795811,8,30,87.76694242,47.33008272,1.2520909,49.95143812,Critical,3,1
61.48104375,30.77645722,2071.976437,0.061081265,12.09632665,32.37768834,30.72658645,8,80,79.22347411,79.76704223,20.411087,67.70492016,Good,1,0
103.9140599,27.85162398,3241.781189,0.065443749,12.39650024,63.95186104,31.9758218,8,60,91.60563495,69.48169049,2.43814,64.01014128,Warning,2,0
105.5186118,23.36498891,3588.72127,0.144209319,11.93600422,39.72219742,52.09878532,4,68.45995563,48.47430416,62.46426019,5.9942245,59.17341695,Warning,2,0
72.21761791,30.39319548,1185.402424,0.309320845,11.8807364,63.90284855,41.32728103,0,99.37861036,70.33037631,90.66414015,99.72076,88.46455935,Excellent,0,0
118.4391042,30.69078821,2989.875936,0.069067321,12.05022864,13.20809015,12.80778179,9,50,77.32193125,58.19657938,1.3073921,52.38233388,Critical,3,1
99.93235424,35.66649521,3266.809003,0.063574491,12.01179071,56.6995218,39.54820976,4,75.13529151,75.73636691,75.31561413,17.09106,72.33664186,Good,1,0
99.5670851,30.8196137,2293.018891,0.408831514,12.23429719,41.75786655,29.18301939,6,58.61039552,84.9147591,66.50170459,2.9380739,64.88397458,Warning,2,0
85.42033281,37.37036621,1531.381138,0.063464226,12.00841399,72.99407566,43.98171825,0,100,75.59707703,92.67912311,99.692085,90.72688927,Excellent,0,0
81.74160763,30.04796418,3254.364605,0.097805517,12.67822097,49.1203854,39.08190469,8,80,100,86,17.233616,75.6,Good,1,0
81.85886759,29.30799003,1540.392938,0.080487119,12.08680644,74.98459067,17.59457236,8,80,78.83076573,79.64922972,20.411087,67.55569098,Good,1,0
90.85795894,36.38587312,2357.318852,0.04490325,12.0424738,60.1522553,37.6883017,9,78.28408211,77.00204436,77.89947078,12.287563,64.14009134,Good,1,0
106.0177941,24.12935472,2467.900754,0.378684001,12.24281245,47.44983082,37.10627727,1,71.27181883,85.26601374,75.4700773,21.666563,80.33524913,Good,1,0
87.71971327,46.27618223,3072.430441,0.740805772,12.79713555,65.75338619,38.63462486,8,60,100,72,3.883177,67.2,Warning,2,0
71.32834565,32.25154487,1998.694752,0.028418459,12.48595047,65.88116929,40.75528852,6,85,95.29545686,88.08863706,14.993679,79.91227361,Good,1,0
97.36640594,32.28497552,1952.333049,0.098277894,12.36012419,59.43820009,49.9596596,1,85.26718813,73.24228012,81.65971573,13.129557,81.64428546,Good,1,0
98.8172612,33.15057584,2579.132383,0.092401273,11.82678209,4.153972507,39.1388899,5,72.36547761,68.1047613,71.08726271,8.9802265,66.27330989,Warning,2,0
94.81989293,41.26281885,3305.112382,0.048223668,11.94291662,30.34879018,35.2289846,4,85.36021415,72.89531041,81.62074303,13.129557,75.5515079,Good,1,0
96.1824836,34.75504447,4329.960001,0.181524532,11.88863602,77.68211693,46.47967554,6,66.03583279,65.62533915,65.9126847,6.098384,60.67267865,Warning,2,0
80.93607805,20.36966413,1294.01504,0.565026624,12.92274049,24.88108289,57.42740724,0,63.81021492,66,64.46715044,99.74421,71.88029027,Warning,2,0
71.06516249,38.42082231,2752.273614,0.013189725,12.61222525,67.649223,44.15070754,5,90,100,93,19.392086,85.8,Excellent,0,0
71.97709854,27.95462052,1630.771979,0.498034736,12.0553518,64.12905314,37.06206127,6,71.79768426,77.5332616,73.51835746,24.303907,67.6176668,Warning,2,0
60.46805127,30.64293044,3315.048995,0.09886975,12.17425134,35.48495277,39.3253055,7,80,82.43786788,80.73136036,20.052576,70.92638979,Good,1,0
88.55422917,22.32447617,1749.164362,0.560474881,12.06988393,10.09536746,37.56043759,7,51.93291263,78.13271209,59.79285247,2.4441957,57.5022539,Critical,3,0
83.74826825,33.15721211,1960.281425,0.11571903,12.04565551,38.62174804,35.18518415,6,85,77.13328993,82.63998698,19.30874,73.01065017,Good,1,0
78.40018443,26.09175426,2028.583313,0.071600809,12.58412041,91.56030087,56.65170832,7,80,46.27047058,69.88114117,6.6779795,57.18277882,Warning,2,0
44.51298544,30.60101783,2439.040849,0.008449069,12.28498551,32.73445416,27.50946626,0,100,87.00565236,96.10169571,99.703865,95.0621479,Excellent,0,0
66.29023795,28.29540597,2758.558077,0.001076795,13.2324671,34.11485311,46.54905828,7,80,94.73320184,84.41996055,19.392086,75.5986167,Good,1,0
101.8126098,41.55007681,2886.961115,0.323629209,12.90014393,30.04835179,33.74143057,3,78.42471939,100,84.89730358,18.618567,84.93838215,Good,1,0
75.03061,41.8935618,2495.385963,0.585653456,12.92379214,74.29568953,20.1958083,5,70.95643627,100,79.66950539,24.863546,77.80170324,Good,1,0
90.40887516,30.27907902,1436.087182,0.152812911,12.66854279,45.14168577,33.11682256,5,89.18224967,100,92.42757477,16.919046,85.45654486,Excellent,0,0
64.13971855,30.38386627,3082.22892,0.221560358,12.23093637,37.48187542,29.53224166,9,80,84.77612534,81.4328376,21.125496,67.81492763,Good,1,0
106.5805822,27.7593422,2457.633069,0.005666171,12.63911635,78.26948034,40.77577318,3,80,100,86,16.85328,85.6,Good,1,0
82.8395851,36.63603775,3429.387832,0.402499659,12.26046692,61.58988176,35.91300223,3,93.16668943,85.99426054,91.01496076,24.714924,85.80782856,Excellent,0,0
89.35060595,28.02648078,1933.808976,0.166550392,13.05211042,31.61419517,24.77973136,7,80,100,86,19.392086,77.6,Good,1,0
119.8866969,27.47197635,1218.180218,0.674036671,12.56171175,25.52832178,49.71007913,6,35,82.40634076,49.22190223,2.0158052,54.01440949,Critical,3,0
107.7466015,35.87155718,2472.779198,0.242396949,12.50494414,73.1633993,45.90134004,3,80,93.01438976,83.90431693,17.152506,82.94546811,Good,1,0
80.40151568,26.77020543,3536.762151,0.153116732,12.45082906,50.33576327,50.86055532,3,100,73.92081084,92.17624325,17.09106,84.08990812,Excellent,0,0
76.10169723,29.77346979,2628.753709,0.001671585,13.09610657,19.0187196,37.36964664,8,80,100,86,19.047188,75.6,Good,1,0
80.11682483,20.51213531,2340.264161,0.486475746,11.82649987,14.33768626,34.64266932,8,49.61682487,68.09311949,55.15971325,3.0581057,50.71445185,Critical,3,0
92.64847373,34.22514207,1803.722386,0.260578005,13.13531513,27.6792257,42.03560483,1,94.70305255,100,96.29213678,17.470497,95.77528207,Excellent,0,0
83.42163799,41.64520164,3906.213173,0.250506799,12.32553848,25.21030824,29.22524979,3,100,88.67846218,96.60353865,20.079834,89.69781563,Excellent,0,0
79.07133782,34.32735224,1676.317924,0.551090521,11.83754041,9.078460582,36.30059555,7,63.26063193,68.5485419,64.84700492,10.511684,58.61791133,Warning,2,0
107.0077188,38.77079501,1919.684594,0.048054027,12.09911611,28.00986027,33.24322101,1,80,79.33853943,79.80156183,17.09106,81.74864498,Good,1,0
83.28685162,24.92338718,2956.027357,0.43403323,11.73967709,31.61838877,20.38965683,1,90.75800003,67,83.63060002,25.600946,81.57836001,Good,1,0
119.4938364,31.41794569,1015.183448,0.023071215,12.6614627,40.74637423,36.27455505,1,70,100,79,16.85328,85.4,Good,1,0
86.36113846,24.34104045,3519.672532,0.014596884,11.98468282,83.8582009,30.59033108,5,87.36416182,68.25213483,81.63055372,19.30874,72.6287592,Good,1,0
111.7797759,28.63340673,2999.354491,0.586247964,12.46746707,44.66313456,32.57447836,4,45.91680242,94.53301649,60.50166664,3.9894402,67.20760329,Warning,2,0
90.35979134,34.63326886,3219.384857,0.671618708,12.85368681,46.64850325,38.63784946,3,79.28041732,100,85.49629212,16.62497,85.29777527,Good,1,0
99.4444086,30.61092368,2946.49361,0.036871194,12.13119323,60.18510728,47.72533134,1,81.1111828,71.39559412,78.1965062,13.129557,79.19702254,Good,1,0
74.13083423,21.52415386,2371.101186,0.074087138,12.29275852,45.25363858,26.51229909,6,71.09661546,87.32628907,75.96551754,15.826941,71.04456834,Good,1,0
72.19361166,22.10982537,1649.481032,0.107061172,11.87865336,58.00305928,31.63441785,8,68.43930147,70.24445094,68.98084631,6.8597555,59.43739797,Warning,2,0
91.89558933,21.71301641,2387.939647,0.49081645,12.24465716,55.61229754,27.34917304,2,70.33979031,85.3421077,74.84048553,20.83168,77.97271286,Warning,2,0
99.82829864,32.94871554,1719.810951,0.449186741,13.42960945,52.45177131,26.69819412,6,55.39761996,100,68.77833397,6.4389825,69.26700038,Warning,2,0
85.60384753,42.38336721,2888.924248,0.093412185,12.71117327,103.2034723,29.05431056,7,80,67,76.1,14.256514,65.06,Good,1,0
65.70409997,38.17474946,3145.423864,0.370384692,12.29410783,68.22251688,33.03549717,5,85.30768722,87.38194809,85.92996548,25.600946,79.03436891,Good,1,0
64.59612451,18.62408881,3681.446905,0.00921733,12.15532479,28.36556031,40.85871657,5,70,81.6571474,73.49714422,19.657219,70.42971601,Warning,2,0
63.59295397,38.52645563,2797.414112,0.067099928,12.38294664,57.40444372,38.20445765,1,100,91.04654897,97.31396469,19.392086,94.59768861,Excellent,0,0
58.48566831,35.6184025,3239.660285,0.18117777,12.4520203,34.16526387,24.43143001,9,80,93.89583741,84.16875122,20.138336,71.28041822,Good,1,0
86.64228039,20.72820033,2262.28421,0.160629091,12.23237212,58.92501528,47.94160324,9,62.91280131,74.83389882,66.48913056,6.098384,56.8602581,Warning,2,0
101.8756588,28.1807903,2117.37829,0.136638376,12.61202368,22.49625166,44.44412306,7,60,100,72,3.5469651,69.2,Warning,2,0
84.7987632,36.57313447,2878.937513,0.037165946,12.018621,27.84441104,25.98814349,9,80,76.01811641,78.80543492,14.256514,64.48688424,Good,1,0
51.09377864,33.30260107,2190.821702,0.41112073,12.01664493,56.87815125,47.24110892,6,77.59195133,68.31683304,74.80941585,20.949203,66.54901611,Warning,2,0
82.13859309,22.14542969,2715.348631,0.059231263,12.54807818,69.95338227,38.26938413,6,73.58171874,97.85822504,80.86467063,17.713797,76.09044739,Good,1,0
82.55801505,33.66445293,1651.046249,0.396474325,11.9325433,60.05288698,33.43544697,8,73.56837837,72.46741107,73.23808818,18.240112,62.43633512,Warning,2,0
116.4399813,17.17499642,1794.697854,0.339933371,12.6916069,67.08234669,38.58080044,0,47.3377753,100,63.13644271,99.47983,77.88186562,Warning,2,0
63.14293131,28.66306695,3008.327441,0.124891086,12.39428776,57.47637118,34.74229204,2,100,91.5143699,97.45431097,20.138336,92.77546056,Excellent,0,0
79.13983596,36.82774062,3209.35206,0.178585098,11.66883631,53.44992198,40.45078654,2,100,67,90.1,17.961098,83.46,Excellent,0,0
110.5877902,30.11036529,1711.475065,0.153016115,12.44379965,39.92613451,36.87315523,6,55,93.55673557,66.56702067,2.5246143,66.65155952,Warning,2,0
91.74967512,27.0063747,3036.491448,0.740805772,11.72594135,66.26003617,31.62573948,2,76.50064976,67,73.65045483,21.746206,73.5902729,Warning,2,0
93.4496961,35.33607752,2073.811462,0.141038164,12.6773448,70.49758466,14.74173241,3,93.10060779,100,95.17042546,19.783419,91.10225527,Excellent,0,0
86.71876656,35.84851089,2513.204141,0.582354019,12.30051427,48.73768617,40.27182541,4,76.17639872,87.64621357,79.61734318,21.291887,77.29964862,Good,1,0
89.94915308,37.86023816,3633.555533,0.390293851,13.14043369,47.66147916,31.26344722,7,73.98040993,100,81.78628695,23.994816,75.07177217,Good,1,0
96.66414295,35.24605457,3145.989787,0.275543593,12.82852514,81.82811623,42.7794661,5,76.67171409,96.98360821,82.76528233,17.152506,79.05589104,Good,1,0
72.85770522,36.48824876,3136.69759,0.010627306,11.975723,49.5915644,39.81675062,0,100,74.24857365,92.27457209,99.68493,90.21445799,Excellent,0,0
98.17087868,34.39745134,4027.032287,0.131551033,11.59170405,51.51371741,31.52335789,6,68.1175969,67,67.78231783,10.334224,62.0693907,Warning,2,0
64.40495475,31.59317189,1936.896527,0.613996205,12.0979595,59.68451816,45.22988191,4,75,78.50923077,76.05276923,24.714924,73.33350769,Good,1,0
89.92551959,30.537054,1711.30002,0.345227635,11.91149656,48.04387488,37.04841662,1,96.98482431,71.59923305,89.36914693,21.666563,85.94133477,Good,1,0
87.68111445,28.57644169,1922.302184,0.529874601,13.13029523,33.59319355,36.63642847,6,69.67502658,100,78.77251861,21.010471,75.26351116,Good,1,0
75.75560368,22.72579024,2296.399157,0.120416339,12.39587414,57.55931151,33.61889313,2,90.90316097,91.57980812,91.10615511,19.392086,88.97965469,Excellent,0,0
84.65972087,24.26813095,616.3595086,0.004720215,12.77336752,49.2248998,51.83555712,4,92.07252379,76.75910578,87.47849839,16.77857,79.83892019,Good,1,0
75.66189771,28.30791311,2334.057411,0.474666596,12.28598763,86.84499513,27.86733271,9,68.35556026,75.75274798,70.57471658,12.3789425,59.49537954,Warning,2,0
68.9244801,31.44871296,2064.343414,0.175688472,12.328133,65.76897101,31.77325463,2,100,88.78548644,96.63564593,20.138336,91.73848485,Excellent,0,0
79.69577888,38.64487559,3127.007814,0.075944377,12.38694919,38.09035427,22.62664855,8,80,91.21165413,83.36349624,20.138336,72.26042857,Good,1,0
68.44017047,29.74921663,2781.935503,0.152592527,12.84261573,64.58120438,42.26731077,4,95,100,96.5,19.392086,89.9,Excellent,0,0
89.84196196,36.02085775,2019.442698,0.102131327,12.5246499,56.15731669,29.17850994,9,80,96.89180847,85.06754254,19.392086,72.41888722,Good,1,0
67.74871759,36.47589394,2971.968676,0.059111186,11.97706646,76.18852604,30.29964418,8,80,74.30399158,78.29119747,16.908228,65.8355168,Good,1,0
95.67965534,28.61131921,3078.610448,0.145161759,13.04900566,39.51091574,29.83063368,8,68.64068931,100,78.04848252,17.233616,70.82908951,Good,1,0
67.27781398,33.56814127,1885.163368,0.048998334,12.2828738,53.77352297,35.62721916,2,100,86.91854427,96.07556328,19.657219,91.02904682,Excellent,0,0
76.50557627,28.53883175,2105.580596,0.740805772,12.21779195,48.01812702,22.49240415,7,60,84.23391796,67.27017539,6.5471115,63.20888882,Warning,2,0
75.63094888,37.93281536,719.7094503,0.040998973,11.32769981,51.16958846,12.56754734,3,100,67,90.1,15.826941,81.46,Excellent,0,0
104.8772009,33.81506003,1627.472021,0.223909914,12.65375984,32.29602102,39.57704037,9,60,100,72,1.9731224,65.2,Warning,2,0
89.95434918,22.85709747,1906.024352,0.472530109,12.44040506,61.51823336,13.86442294,9,59.92638264,93.41670855,69.97348041,6.9651423,62.66742996,Warning,2,0
81.82399296,30.96914791,2559.332941,0.35172847,12.43997026,58.35928552,43.54137784,6,81.55143532,93.39877333,85.10563672,21.010471,77.7431367,Good,1,0
92.48079162,39.88867297,1743.693857,0.126723439,12.23887013,75.70447234,50.5852775,9,75.03841677,66.11344944,72.36092657,8.166957,58.63924583,Warning,2,0
53.39211479,28.91261379,2089.23841,0.326662957,12.16991286,49.79948296,33.35776196,5,88.22246955,82.25890564,86.43340037,22.448427,78.31182135,Good,1,0
84.35299616,32.68629018,1519.735455,0.12774012,12.25216783,41.76320984,47.99492947,0,100,75.46916277,92.64074883,99.692085,90.67828185,Excellent,0,0
114.9627127,33.27527303,2636.891119,0.101270123,12.58526435,65.78588756,34.7574358,8,50,99.39215437,64.81764631,1.9582272,62.76901866,Warning,2,1
86.9851976,23.78026261,2840.571676,0.085593239,12.65564711,34.11591237,50.99241159,5,85.12105042,79.62580059,83.47247547,17.09106,76.0086454,Good,1,0
86.01869754,33.0642477,2821.892279,0.042242431,12.30758736,71.6996907,30.43782148,0,100,87.93797879,96.38139364,99.67958,95.41643194,Excellent,0,0
93.22192569,21.63698909,2509.888906,0.188468892,12.779575,71.65683995,11.35118191,0,80.10410496,100,86.07287347,99.67958,91.64372408,Good,1,0
98.43407865,26.24625536,1267.141603,0.235296862,12.36841033,75.14557802,34.20088256,7,63.1318427,90.44692601,71.32636769,12.141043,66.88520582,Warning,2,0
55.03799961,36.4543378,2004.037069,0.151170174,12.19830943,57.53245969,52.07963193,9,80,59.35951552,73.80785466,10.098118,58.1566159,Warning,2,0
59.76510277,32.14053774,2174.154662,0.067351114,12.47936623,40.27007235,40.34968306,6,85,95.02385699,88.0071571,20.138336,79.80906565,Good,1,0
88.15436937,28.17313315,2177.36375,0.062065628,11.85624543,52.18375453,29.84676771,4,95,69.32012409,87.29603723,19.657219,78.24164716,Good,1,0
74.27685157,32.67876613,2559.984974,0.003085205,12.49308732,57.6013779,38.28901169,3,100,95.5898521,98.67695563,19.392086,92.3241438,Excellent,0,0
104.6803789,29.63944651,3640.433098,0.263131154,11.78312716,38.7971671,44.71124838,4,75,67,72.6,17.715132,68.96,Warning,2,0
80.27238415,30.07547101,3149.67697,0.725533009,11.98890922,76.66232578,34.14383561,3,80,74.79250516,78.43775155,19.399792,76.02115196,Good,1,0
55.98203896,33.94091116,1709.985776,0.302281905,11.59252344,61.60168335,61.26390085,2,99.84787299,33,79.7935111,18.207146,70.47610666,Good,1,0
65.97979125,25.63579356,3042.7223,0.453368299,12.32995322,32.15554089,29.82582043,1,89.77544672,88.86057028,89.50098379,24.863546,89.47270433,Good,1,0
44.51298544,30.24201843,3012.241894,0.080069686,13.04385348,87.65747353,45.02510722,5,90,87.27980413,89.18394124,21.067917,80.96632557,Good,1,0
81.48811694,28.12639083,1855.146022,0.248995554,12.35316934,51.9477855,42.61937236,2,100,89.81823509,96.94547053,17.152506,92.13092934,Excellent,0,0
82.17423809,20.48637975,3179.092738,0.002696513,12.65743415,28.11793914,28.00172575,1,81.94551901,100,87.36186331,19.392086,90.41711798,Good,1,0
78.63305935,24.47726546,2371.698691,0.203238109,13.34092556,33.39491755,30.75559733,2,97.90906185,100,98.5363433,19.701874,95.12180598,Excellent,0,0
101.1831856,39.40923868,1372.037208,0.740805772,12.56162234,79.75567194,45.18098647,7,40,97.80156748,57.34047024,1.5763402,59.96459564,Critical,3,0
102.9777975,32.30833989,2864.16218,0.120852507,12.09391518,86.49969832,36.44787888,5,70,68.39949903,69.51984971,11.63044,65.39180963,Warning,2,0
82.44417365,22.05847019,2673.569459,0.125750804,12.14897256,70.18970107,38.38071727,4,83.23388077,81.39511805,82.68225195,14.055753,77.88837478,Good,1,0
52.97959499,20.75787374,2317.857897,0.157998613,12.40026328,76.38617297,18.64032646,5,73.03149498,91.76086044,78.65030462,19.783419,75.54235486,Good,1,0
94.25922371,29.3270166,2470.037532,0.340900551,12.14684214,74.33230918,41.55998655,5,78.75484919,81.30723835,79.52056594,21.291887,73.97378724,Good,1,0
93.33040343,39.3671192,1924.731617,0.031611414,12.1767652,61.13832306,37.87296844,4,88.33919314,82.5415645,86.59990455,17.09106,80.46825563,Good,1,0
89.64087355,28.87945119,2988.104403,0.24571408,12.79410156,56.58083576,34.36089977,8,80,100,86,17.86177,75.6,Good,1,0
99.72219624,37.84199732,2465.239492,0.441251909,12.81046251,60.79726389,38.60891863,7,51.1388136,100,65.79716952,3.4970999,65.47830171,Warning,2,0
67.52757855,32.11158462,2633.159075,0.131424206,11.74124301,64.72030886,30.90782293,1,100,67,90.1,20.411087,85.46,Excellent,0,0
115.1313308,32.82750275,2785.71354,0.190575269,12.07273219,35.16803987,29.08097496,8,50,78.25020295,58.47506089,1.2731314,54.73507712,Critical,3,1
70.6085837,21.98567694,1576.331508,0.557936995,12.21439825,64.63917459,32.58114468,1,70.74690814,84.09392762,74.75101398,25.600946,79.66939391,Warning,2,0
96.23834391,35.62513753,1784.573582,0.227040486,12.63963558,79.17233695,30.35796822,0,87.52331218,100,91.26631853,99.6772,94.75979112,Excellent,0,0
59.68978458,27.99040778,732.0444323,0.030485831,12.85723024,45.87255143,56.80529561,4,95,66,86.3,17.475641,76.98,Good,1,0
71.04602969,35.17855472,2951.793807,0.308297555,13.46987961,43.73504429,44.11870729,3,99.44682966,100,99.61278077,21.355003,93.76766846,Excellent,0,0
107.7455297,25.11498011,1530.231981,0.061756791,12.21373068,59.53092618,25.31531076,7,60,84.06639061,67.21991718,2.2062302,63.14522843,Warning,2,1
81.08650265,31.06229609,2606.055768,0.199568511,12.23370851,37.00684899,55.36296002,6,85,50.89047621,74.76714286,12.287563,63.03838096,Warning,2,0
97.59883908,32.11201772,2796.79058,0.254724951,12.63542801,23.66362767,30.67143389,0,84.80232185,100,89.36162529,99.70013,93.61697518,Good,1,0
88.55433083,29.0758001,2981.882271,0.11606364,12.12711331,72.9543808,35.29455367,4,95,80.49342414,90.64802724,17.475641,82.48750117,Excellent,0,0
83.42562766,32.42727116,1536.786469,0.06952267,12.34361526,40.9809748,43.97417195,7,80,89.42412929,82.82723879,16.85328,73.58116913,Good,1,0
105.4577549,28.40161755,2447.870705,0.617246636,12.23398476,50.36897157,15.30011456,7,40,84.90187121,53.47056136,2.8069139,55.06271106,Critical,3,1
81.45011763,26.10564148,3836.224337,0.261398635,11.35133843,37.79749918,32.62974153,5,90,67,83.1,20.351988,73.26,Good,1,0
58.28892839,39.6329003,3871.451744,0.180727349,12.44929329,75.5350963,29.26666149,6,85,93.7833483,87.63500449,21.156872,79.33767235,Good,1,0
72.95139862,36.2937172,3289.858475,0.102217629,12.32705562,67.06352317,37.0508008,5,90,88.74104417,89.62231325,19.392086,81.52159679,Good,1,0
93.26787593,25.43481153,2769.994511,0.557001885,12.90849242,45.18520918,38.70049683,2,76.33078911,100,83.43155237,21.381533,86.05893142,Good,1,0
90.9326366,33.41066583,1695.914889,0.213809537,12.40219616,26.4020527,34.22740635,5,88.13472681,91.84059172,89.24648628,17.131138,81.91601012,Good,1,0
61.49412625,25.54392687,3074.8973,0.740805772,11.89810101,43.0614039,33.76352702,6,65,71.04666661,66.81399998,16.191608,62.29773331,Warning,2,0
74.13486221,22.89189214,2373.583017,0.140052901,12.29676045,61.403054,45.65131373,0,91.56756855,85.27690193,89.68036856,99.67009,90.86360152,Good,1,0
76.27417976,36.20285665,2948.42262,0.432783481,11.56356686,53.77271408,38.0148593,6,76.14776795,67,73.40343756,20.30341,65.44206254,Warning,2,0
79.51795609,19.77540225,1993.725236,0.36029828,11.91563287,52.18196089,35.4142501,2,75.98011468,71.76985572,74.71703699,24.714924,75.18419334,Warning,2,0
64.36129617,35.56113548,2361.65351,0.17646911,12.65420239,54.23397519,36.47870591,0,100,100,100,99.67241,100,Excellent,0,0
75.57443338,28.48366612,2631.317888,0.256007631,12.30106382,65.17592463,53.35888998,7,80,59.24865682,73.77459705,12.763232,62.11448959,Warning,2,0
74.07084272,28.73072038,2697.022473,0.641691718,12.7690033,49.16281592,36.72673977,3,80,100,86,24.402285,85.6,Good,1,0
96.5729989,32.45850732,2894.978172,0.054564142,11.6132431,59.00026901,29.85551495,4,81.85400221,67,77.39780154,17.09106,71.83868093,Good,1,0
97.13681966,33.48719287,2036.644012,0.003825903,12.30301544,30.26161585,15.91000911,6,70.72636067,87.74938694,75.83326855,19.047188,71.04983852,Good,1,0
82.81284313,25.04194094,1425.372438,0.144178872,12.209795,101.0770155,20.66062626,5,90,50.90404378,78.27121313,16.598415,67.14353664,Good,1,0
79.11940306,34.30635365,3799.828032,0.041068719,12.78233943,44.32281361,30.32974105,6,85,100,89.5,19.047188,81.7,Good,1,0
87.09886468,30.68022323,4491.403335,0.054380161,12.66910511,54.07186016,33.91623156,9,70.1719333,100,79.12035331,17.713797,69.47221198,Good,1,0
72.75137339,22.46367124,2857.936569,0.65414973,12.65690086,61.3293105,29.4437854,6,54.85468497,100,68.39827948,12.812752,69.03896769,Warning,2,0
67.79751877,28.9807531,1440.806324,0.134475956,13.01656402,41.78418975,38.51143977,0,100,100,100,99.67241,100,Excellent,0,0
70.89668187,38.28767409,1881.443907,0.04433573,12.25276516,50.15649588,29.31491955,2,100,85.6765627,95.70296881,20.052576,90.55709382,Excellent,0,0
75.47780254,40.05956879,2907.294055,0.225278828,12.93403233,49.91350549,25.8551073,4,95,100,96.5,20.481514,89.9,Excellent,0,0
67.547893,34.30409075,3572.892489,0.000597874,11.98231754,31.71923815,41.12643835,4,95,74.52059851,88.85617955,19.30874,80.21782743,Good,1,0
87.43089339,22.85793907,1529.687492,0.072976642,11.9676489,58.77178851,48.69394497,3,91.43175628,61.35610424,82.40906067,17.09106,75.71665725,Good,1,0
95.94573511,32.94364141,2400.533743,0.128588415,12.70109863,17.01556323,23.92832402,1,88.10852979,100,91.67597085,19.392086,93.00558251,Excellent,0,0
61.19352549,35.10516542,2656.745652,0.263544896,11.7981037,85.05416885,37.43715864,1,100,58.6606214,87.59818642,21.125496,82.29103613,Good,1,0
85.37693067,34.3542479,3191.662761,0.552055101,12.62910625,65.8594177,15.94995342,1,83.19632663,100,88.23742864,25.280869,90.94245718,Good,1,0
81.70096307,34.70972573,2225.119124,0.005237352,12.44052528,62.78244715,20.25461869,9,80,93.4216677,84.02650031,20.138336,71.10023372,Good,1,0
90.12263028,32.17957848,1248.948247,0.142280127,12.82874109,15.26715775,29.11234172,3,99.75473943,100,99.8283176,19.392086,93.89699056,Excellent,0,0
84.80591848,29.56552597,2996.958048,0.041432217,12.37622241,34.14942653,46.34910432,9,80,86.18221988,81.85466596,17.09106,68.34924355,Good,1,0
63.1960108,26.34979502,3399.836772,0.316498358,12.42241958,77.78690242,27.2129397,3,98.90010948,92.67480761,97.03251892,22.15603,90.75447288,Excellent,0,0
66.06416052,18.61238689,2433.926831,0.189885544,12.603706,103.2034723,26.83899525,3,80,67,76.1,20.411087,73.06,Good,1,0
85.44135363,32.0378506,2824.192073,0.095823301,12.13494018,73.8938493,35.36087282,4,95,80.81628242,90.74488473,17.961098,82.61018732,Excellent,0,0
100.4317138,31.11631706,2120.407016,0.042768822,12.11751748,70.73886821,35.37083611,9,60,80.09759593,66.02927878,1.4119565,57.63708645,Warning,2,0
51.78718943,33.34545506,1823.381764,0.261390248,12.58977178,60.49948456,27.14868527,5,90,99.57808576,92.87342573,21.131474,85.63967259,Excellent,0,0
90.1858987,21.97473784,3321.140544,0.119742872,12.38828488,33.05005609,54.86221567,0,87.52715397,57.73521786,78.58957314,99.692085,78.70078745,Good,1,0
102.8443301,33.87010014,2809.996678,0.339425925,12.23707443,69.90348166,32.34636627,2,77.37160501,85.02932036,79.66891961,21.666563,80.80721584,Good,1,0
82.70461186,42.32727057,2892.29488,0.197581441,12.36688636,27.97585326,36.13584982,9,80,90.38406235,83.11521871,19.392086,69.94594369,Good,1,0
93.25303744,30.47070078,3701.692118,0.102880884,13.0378238,25.7882967,30.98220462,1,93.49392512,100,95.44574758,17.233616,95.26744855,Excellent,0,0
74.45396379,29.63000808,1656.126133,0.501709294,12.22279264,24.52941349,39.39971562,8,66.55271371,84.44019629,71.91895848,17.513138,64.03941435,Warning,2,0
83.20950701,31.85401414,2058.378985,0.258917978,12.21119215,69.51445293,47.3495756,9,80,75.97311935,78.79193581,12.763232,64.46978535,Good,1,0
60.68629723,42.19402215,2626.346679,0.341835174,11.71702231,48.8517189,51.63663697,2,97.21098843,44.4354343,81.37832219,25.889896,73.71408018,Good,1,0
49.83485037,23.85811343,2048.54941,0.184864283,12.38305882,52.017162,27.37734325,5,85.43245372,91.05117652,87.11807056,20.138336,80.48107764,Good,1,0
99.14148702,31.2192416,3126.509228,0.228353178,12.6627534,49.69192126,46.00795176,5,71.71702596,96.57296401,79.17380738,17.470497,76.81887723,Good,1,0
70.22507608,25.20205547,2350.080623,0.221403041,12.73447925,27.48566918,40.4968082,7,80,100,86,20.079834,77.6,Good,1,0
78.16708232,26.71797167,1705.973754,0.132712742,12.44328704,36.58538188,44.74536609,7,80,93.53559043,84.06067713,16.85328,75.14352436,Good,1,0
64.2033662,29.70245815,2552.61734,0.088980022,12.78233343,37.59147587,34.08120727,0,100,100,100,99.67958,100,Excellent,0,0
63.85045445,38.08393945,2636.271017,0.52049609,12.69249216,21.89457106,33.12959227,3,85.30026066,100,89.71018246,25.280869,87.82610948,Good,1,0
82.3924345,40.8059436,3247.74565,0.097255926,12.84518009,39.91579809,44.35714646,9,80,100,86,16.85328,73.6,Good,1,0
74.05634209,32.68885287,2814.512723,0.031912824,12.79372106,28.37387087,44.54692506,3,100,100,100,17.713797,94,Excellent,0,0
90.66956497,27.74043166,2868.917113,0.129030456,13.02799128,61.55351258,50.65720564,2,98.66087006,80.76550083,93.29225929,17.09106,88.12845574,Excellent,0,0
91.78807628,44.9564332,2756.233347,0.251427046,12.33212273,63.21942128,36.98547555,6,81.42384743,88.95006275,83.68171203,17.470497,75.99903977,Good,1,0
89.81274469,27.43467311,2349.421983,0.424008316,11.86917678,24.12721755,33.93085372,1,91.73277893,69.8535423,85.16900794,22.126616,83.07211323,Good,1,0
88.57901186,26.57318451,1927.024708,0.199847971,12.6654875,44.06736472,10.4014642,1,100,100,100,20.138336,98,Excellent,0,0
108.6665231,19.35034173,2731.070681,0.346936782,12.71222128,87.12119763,18.88739462,7,36.87088117,88.25002392,52.284624,1.7748237,55.02077918,Critical,3,1
68.98609346,38.37654942,2233.500187,0.537673063,13.02799816,30.38474205,31.05748395,1,84.15512913,100,88.90859039,25.280869,91.34515423,Good,1,0
84.17597701,35.80947355,3851.858096,0.41647716,12.91251614,58.53275636,23.98941069,8,72.23485597,100,80.56439918,24.402285,72.33863951,Good,1,0
101.9903473,44.50683322,3573.745836,0.097898647,13.17818898,52.11043868,43.14130565,2,80,100,86,16.85328,87.6,Good,1,0
103.9680971,21.66285989,3006.271306,0.456881666,12.64794159,71.85775116,21.89979038,1,56.19266183,100,69.33486328,6.6425266,79.60091797,Warning,2,0
63.67354526,38.74902484,2802.773551,0.437284972,12.49152424,55.90933683,29.98695672,7,70.84766854,95.52537477,78.25098041,25.280869,72.0556632,Good,1,0
80.31466838,30.42081311,2429.632759,0.076212048,11.84600675,41.37409044,30.37973507,1,100,68.8977785,90.66933355,19.657219,86.18115583,Excellent,0,0
105.3718164,34.8366013,1491.101015,0.063651392,12.52323861,51.33528243,47.04743083,3,80,89.87232798,82.9616984,16.85328,81.75148463,Good,1,0
92.62118658,20.11333715,2327.062221,0.542707189,12.17899866,51.62739888,28.91761251,3,59.03049616,82.63369461,66.1114557,7.6667366,70.19361234,Warning,2,0
87.92894547,38.80849094,2581.120027,0.266066138,12.48460401,48.16609635,39.52412118,5,90,95.23991522,91.57197457,17.470497,83.99116778,Excellent,0,0
81.7347296,34.71910051,2683.56518,0.166627477,12.42180527,23.61777089,36.95706128,4,95,92.64946757,94.29484027,19.392086,87.10679768,Excellent,0,0
79.24298611,29.76653979,2875.629094,0.431313706,12.58869344,74.86177215,44.03288485,1,91.2457529,99.53360422,93.7321083,21.381533,94.14598582,Excellent,0,0
89.32328595,33.87067613,3237.064158,0.010514208,12.36106772,71.32867176,43.50215052,2,100,90.14404329,97.04321299,16.85328,92.25473645,Excellent,0,0
81.21438813,25.40702819,1946.276743,0.0305043,12.77400808,29.11621946,34.66559887,1,100,100,100,19.392086,98,Excellent,0,0
84.36132068,26.52335949,1953.539514,0.395806148,11.32769981,43.98548736,18.03705487,0,93.61292345,67,85.62904641,99.74951,84.77742785,Good,1,0
86.17898059,27.21933232,3660.685344,0.250918361,12.47599743,45.49828661,32.68259113,6,85,94.88489399,87.9654682,20.079834,79.75625972,Good,1,0
74.82892707,18.88363283,3116.785271,0.010348672,12.88099591,26.86962399,34.80044355,4,75,100,82.5,19.392086,81.5,Good,1,0
92.98194061,35.17055097,2187.383246,0.014521997,13.1480194,12.66407464,37.86009233,1,94.03611878,100,95.82528315,16.85328,95.49516989,Excellent,0,0
123.6783703,37.14956169,2414.231065,0.212329717,12.69278454,36.58814696,27.62444855,3,70,100,79,17.131138,81.4,Good,1,0
58.34520041,25.7919351,2417.828843,0.082460751,13.07395321,42.87195319,46.40901118,6,85,95.20936197,88.06280859,19.392086,79.87955755,Good,1,0
89.86018786,32.0892181,2525.259298,0.113414437,12.4675744,21.17533333,35.13619418,2,100,94.53744393,98.36123318,16.85328,93.92422869,Excellent,0,0
73.59714867,28.40675715,2878.146474,0.440724679,12.40114503,53.53955528,25.79502652,4,85.61835475,91.7972325,87.47201807,25.280869,82.84265734,Good,1,0
93.66103866,31.96964377,4527.994197,0.301497013,12.61176626,73.25712607,30.41772161,7,62.01823786,100,73.41276651,18.69223,70.0476599,Warning,2,0
85.6983621,26.23453655,2651.805249,0.254766607,12.39872229,66.84232292,54.28542654,6,85,60.1268441,77.53805323,14.59012,66.54820076,Good,1,0
96.42782161,24.69944906,3030.07852,0.311938287,12.08705701,47.46628694,41.64377893,7,65.14626726,78.84110178,69.25471761,11.511219,63.32105092,Warning,2,0
102.6325986,36.31244932,1150.818635,0.153639471,12.1939039,13.19176607,45.48456556,3,80,81.60101308,80.48030392,17.09106,78.60838497,Good,1,0
87.88631677,29.61677649,2112.080006,0.1549511,11.95513884,64.31404681,24.5841303,4,95,73.39947705,88.51984311,19.657219,79.79180128,Good,1,0
101.9807843,42.13265371,3483.052002,0.48849533,12.61135084,52.92784338,28.11170308,8,47.43364467,100,63.20355127,3.5109758,61.92213076,Warning,2,0
49.83553159,30.27785979,2821.852313,0.010997901,12.40455673,58.48702218,28.18577694,8,80,91.93796491,83.58138947,20.138336,72.53642666,Good,1,0
108.8567845,24.44353176,500,0.280441938,12.25588555,88.72205601,36.84393738,0,77.77412703,71.41388666,75.86605492,99.70513,79.80241029,Good,1,0
90.62593228,37.36164526,3039.218562,0.039904385,12.1733265,33.50376741,33.25998169,8,78.74813544,82.39971801,79.84361021,17.475641,68.38610973,Good,1,0
101.1676503,33.78480098,4034.531516,0.267236938,12.60202254,0,30.10505589,8,59.30936969,100,71.51655878,2.880019,66.90993527,Warning,2,0
66.70186383,34.36123718,903.2739311,0.020584649,12.71217927,28.93090844,31.35930407,9,80,100,86,20.138336,73.6,Good,1,0
72.53845178,37.14360407,3715.510141,0.740805772,11.9477944,59.72090137,27.05964813,2,80,73.09651906,77.92895572,20.448488,77.37667724,Good,1,0
87.18907441,26.08322224,500,0.413718609,11.88492613,50.53851803,33.20160713,5,82.4187594,70.50320295,78.84409246,19.399792,71.40709607,Good,1,0
84.74443166,29.23648015,3250.399156,0.038199198,12.78180398,25.68727741,46.13215584,0,100,96.15067015,98.84520104,99.573395,98.53725466,Excellent,0,0
89.24602882,28.97130101,2493.081099,0.213065004,11.8499467,21.60565234,19.86860648,1,100,69.06030156,90.71809047,15.465832,86.24291459,Excellent,0,0
101.2677274,22.25552078,620.0230278,0.740805772,12.61899473,42.90781968,38.46479434,5,39.02208311,100,57.31545818,2.4163246,64.38927491,Critical,3,0
58.52169527,28.4184591,2856.910262,0.100992769,13.04676368,25.0781066,48.80092695,2,100,87.07684837,96.12305451,19.30874,91.08920238,Excellent,0,0
99.60728608,38.01827675,3420.671799,0.297221898,13.04769392,60.41266837,33.16812901,2,80.78542785,100,86.54979949,17.957193,87.9298797,Good,1,0
85.12422865,31.42402862,2791.109603,0.740805772,12.69514904,41.77146223,29.71123971,2,80,100,86,19.137293,87.6,Good,1,0
81.94327208,21.92363203,2967.86211,0.30726887,12.68352381,37.45764231,44.24231486,4,82.20993679,100,87.54695575,14.595694,84.52817345,Good,1,0
62.93327148,20.66496353,2170.65911,0.07420195,13.30076298,34.83447194,25.15778123,1,82.65985412,100,87.86189788,19.783419,90.71713873,Good,1,0
92.54573003,39.98865635,1010.888196,0.341746204,11.46624173,55.26245453,34.7730847,8,72.1254597,67,70.58782179,8.760321,59.75269308,Warning,2,0
48.78838223,29.45808594,3053.491218,0.242510971,12.21426573,50.85218448,24.601559,6,85,84.08846134,84.7265384,20.757711,75.65361531,Good,1,0
94.72591017,26.11553877,3899.803136,0.030960965,12.73939674,54.0391454,16.2989903,7,70.54817966,100,79.38372576,19.392086,73.63023546,Good,1,0
62.61841247,28.35604941,3403.664683,0.092820019,12.2650852,53.60258888,33.48015735,9,80,86.18476437,81.85542931,20.411087,68.35021046,Good,1,0
85.80186869,21.13615347,909.6993363,0.019321155,12.89591132,48.55608927,22.36604937,6,69.5446139,100,78.68122973,19.392086,75.20873784,Good,1,0
83.21246744,38.5385709,1288.084474,0.058273085,12.38425838,29.33738833,34.88329487,3,100,91.100658,97.3301974,19.392086,90.61825004,Excellent,0,0
102.5430722,27.64168237,1823.225807,0.121801156,12.45269754,35.39239747,46.15029624,9,60,90.01276647,69.00382994,1.5617073,61.40485126,Warning,2,0
82.32017246,38.20440917,1225.619639,0.009829651,12.29013013,42.1065019,53.54255407,5,90,58.17318421,80.45195526,17.09106,69.90581,Good,1,0
74.58792158,30.30991029,2535.351936,0.213631442,12.19099562,91.30390476,35.93529284,4,95,64.47712632,85.8431379,19.970196,76.401308,Good,1,0
77.40095956,38.57719185,2814.732644,0.062653778,12.18115601,23.02327359,45.19215832,4,95,82.06934732,91.1208042,17.09106,83.08635198,Excellent,0,0
104.0932415,31.54016699,1355.797373,0.205219408,12.50846652,41.62046993,38.9896265,0,80,96.2242439,84.86727317,99.692955,90.16521268,Good,1,0
93.04445454,35.11939598,3121.702767,0.295601185,12.09017401,51.9653412,31.16886386,9,73.91109092,78.96967806,75.42866707,13.710469,63.05113585,Good,1,0
79.21555028,34.31455828,2980.883155,0.194737145,12.78128195,43.93334493,15.75223646,8,80,100,86,20.138336,75.6,Good,1,0
81.4533037,33.7397464,2061.4727,0.217420324,12.66129037,71.47939083,51.26492327,6,85,78.69926088,83.10977826,17.372013,73.60571913,Good,1,0
61.49234364,32.08760686,2361.982411,0.049321279,12.83976658,43.83004139,24.50897811,2,100,100,100,20.138336,96,Excellent,0,0
90.82711301,28.6028957,940.1590595,0.740805772,11.94843026,45.30917202,48.82770911,9,58.34577397,60.10853714,58.87460292,2.5313973,49.34646918,Critical,3,0
58.60276438,41.49260815,2234.190275,0.093191459,11.72020938,66.29257027,40.36807629,1,100,67,90.1,21.067917,85.46,Excellent,0,0
96.27694699,24.55837809,2505.907979,0.075117807,12.3983257,86.21423326,25.23987215,2,85.67961838,81.42745016,84.40396791,15.452546,82.92787078,Good,1,0
86.92932389,30.02584585,2634.998076,0.565749453,13.46987961,78.14996748,38.11998362,0,82.28336981,100,87.59835887,99.66076,92.55901532,Good,1,0
120.804277,30.08931525,2803.10153,0.338264172,12.90648351,47.26692232,56.32911061,2,67.44905522,66,67.01433865,12.899012,69.40860319,Warning,2,0
68.49796669,32.41464452,2695.393395,0.038865122,12.17822148,49.00971577,50.35652581,3,100,64.38944816,89.31683445,17.475641,80.4679903,Good,1,0
83.46006863,27.42316412,2288.525042,0.015063253,12.56980485,50.9343849,29.87286944,7,80,98.75445022,85.62633507,19.047188,77.12669108,Good,1,0
111.9743155,31.88847783,2728.955954,0.096203499,12.69103476,52.93998817,27.88019242,3,70,100,79,16.54427,81.4,Good,1,0
102.8708446,28.98694449,3301.625595,0.740805772,11.8526447,33.05303771,36.00208037,9,40,69.17159403,48.75147821,1.5735388,45.08520573,Critical,3,0
74.55681923,20.5082849,2423.601541,0.391173062,12.94785035,68.73187598,33.34486271,3,75.95493545,100,83.16845482,19.137293,83.90107289,Good,1,0
88.35951143,30.05731372,2754.075913,0.176857342,12.33303035,54.13218255,46.99737386,5,90,82.1964308,87.65892924,13.129557,79.0346437,Good,1,0
85.02999035,23.396608,2351.06315,0.00331235,12.36372766,49.10287622,42.39589136,5,83.58643201,90.25376606,85.58663222,12.938285,79.40273255,Good,1,0
89.22933801,19.59368543,1982.592867,0.106254083,12.40951386,24.57709247,18.07758398,8,60,92.14244688,69.64273406,4.1600285,64.21412981,Warning,2,0
74.51979346,30.82123992,2918.303734,0.089368341,12.85781606,51.24572417,39.58675255,7,80,100,86,19.392086,77.6,Good,1,0
83.66019396,32.92730005,2055.819245,0.729503022,12.09792714,12.13575394,33.20909039,8,60,79.28949439,65.78684832,2.5591671,59.33000787,Warning,2,0
61.02921437,33.16018825,2808.917521,0.005655265,11.717212,38.36701312,35.37108136,9,80,67,76.1,7.50317,61.06,Good,1,0
87.02685178,33.40302424,2522.604297,0.004188209,12.52918212,38.73804587,37.48943014,1,100,97.07876233,99.1236287,12.938285,96.88992969,Excellent,0,0
91.7503101,18.40446587,2256.852259,0.274592098,11.58253677,55.73990386,46.98729005,0,76.4993798,60.24321382,71.62253,99.58783,75.02216077,Warning,2,0
81.58870881,21.83389843,2237.485734,0.034349204,12.27955856,87.5970005,44.77792964,4,82.33559373,74.24673986,79.90893757,13.129557,74.79471051,Good,1,0
60.77423664,41.84112862,2093.503206,0.119990888,12.87474972,61.43814931,27.50257259,1,100,100,100,21.156872,98,Excellent,0,0
99.82797794,23.71674744,1183.359062,0.024034201,12.63163756,78.96804145,34.41388032,4,70.21103387,100,79.14772371,16.85328,79.48863423,Good,1,0
90.46787557,33.66504619,2806.316076,0.049885818,12.81694243,62.90424346,30.51478607,5,89.06424886,100,92.3449742,19.392086,85.40698452,Excellent,0,0
74.10977353,25.87837427,2685.23746,0.103840777,12.64814055,72.50106979,18.18154031,2,100,100,100,20.138336,96,Excellent,0,0
80.7909933,30.47803644,3179.736202,0.230477127,13.3641338,87.14254706,33.90629492,0,100,88.21479735,96.46443921,99.69315,95.52162299,Excellent,0,0
62.48995896,26.20047479,2074.834478,0.339279145,12.16470415,35.36326335,53.44754428,9,77.38139032,53.32239561,70.16369191,9.160936,54.76269427,Warning,2,0
69.61884808,33.36924693,4016.3069,0.203064365,12.55925267,34.05791132,17.87956606,3,99.67386199,98.31917267,99.2674552,20.457024,93.22430765,Excellent,0,0
76.9328298,30.8206447,2196.211242,0.006273929,12.22475181,63.37621801,34.75938206,8,80,84.52101222,81.35630367,19.657219,69.71798465,Good,1,0
103.4263122,27.31026136,1799.912286,0.125530835,12.78272051,49.92643092,34.43861855,6,65,100,75.5,16.85328,73.3,Good,1,0
75.40744914,23.69896728,1705.052064,0.044927977,12.37537005,54.40707666,37.87735472,6,79.79586913,90.73401455,83.07731275,19.392086,75.99319056,Good,1,0
94.60320489,31.60664518,1112.862077,0.047303554,13.08753795,45.02666216,25.37275043,7,70.79359022,100,79.55551315,19.392086,73.73330789,Good,1,0
76.92525696,22.72368721,3726.102314,0.158237682,12.18767362,38.07482566,20.74889409,2,90.89474882,82.99153674,88.5237852,20.411087,85.71257847,Good,1,0
88.71921341,32.56488625,3596.853913,0.33381447,12.96285061,82.41529338,21.21402343,2,97.74570199,96.01476593,97.22642117,23.331678,93.53880589,Excellent,0,0
82.87906747,45.75890945,2980.59613,0.061477622,12.63725581,28.00277772,48.30933758,9,80,88.74825222,82.62447567,16.85328,69.32433584,Good,1,0
98.095849,38.10102031,1783.128954,0.381062737,12.38701557,63.72784518,25.17314026,6,63.40411955,91.21439236,71.74720139,23.5003,69.29119931,Warning,2,0
76.97782993,34.31008732,3949.014145,0.337985341,12.61697694,60.48456571,30.00437808,2,97.46764392,100,98.22735074,24.402285,94.93641045,Excellent,0,0
61.41207625,29.48635621,2218.624671,0.647002672,12.50450576,18.41973405,56.04632599,6,65,62.06086239,64.11825872,7.881361,58.88312771,Warning,2,0
64.27076453,18.36748424,2284.779335,0.491498599,12.54238187,33.3843934,27.65744343,3,67.23342672,97.62325222,76.35037437,25.280869,79.33487507,Good,1,0
77.02183759,22.06628162,3649.807264,0.178972561,12.31725157,36.74618878,38.42399598,8,68.2651265,88.33662729,74.28657674,16.028881,66.2392715,Warning,2,0
66.26410044,37.69675714,3027.128468,0.054847018,12.1193646,61.29168227,45.63811677,5,90,78.00419262,86.40125779,19.30874,77.4415932,Good,1,0
91.15318024,25.26146352,4260.882511,0.284838669,12.26597155,42.65929788,45.15720187,3,92.47598931,85.68684016,90.43924457,17.393625,85.40091477,Excellent,0,0
78.01347753,25.80448741,2698.977808,0.740805772,11.72674201,48.28820387,21.68423643,6,65,67,65.6,10.924864,60.76,Warning,2,0
120.6190983,29.00609715,2182.37536,0.510023536,12.73677933,20.84705286,27.86647552,7,35.99843091,100,55.19890164,1.9827545,59.11934098,Critical,3,1
58.93428107,23.62772245,2010.556093,0.095912811,11.90593441,96.51823433,38.02363976,3,94.51088979,44.11470781,79.39203519,16.077429,70.45816268,Good,1,0
88.05449768,22.63938759,1022.403058,0.740805772,12.31294118,51.42391237,54.29017457,7,50.55755037,56.57223004,52.36195427,2.3263693,48.73161857,Critical,3,0
68.08070465,29.69715556,2277.123382,0.065901978,12.65921802,59.98001795,27.38489341,2,100,100,100,15.603429,96,Excellent,0,0
77.59897989,24.65082327,3415.674671,0.192308491,12.73575869,39.18749023,30.06387016,2,98.60329309,100,99.02230516,14.993679,95.4133831,Excellent,0,0
87.1212921,25.55388852,2979.067338,0.159756473,11.69013923,36.94745346,39.19574421,8,80,67,76.1,12.050134,63.06,Good,1,0
50.11942938,25.31285384,2516.246405,0.488220716,12.36326077,88.2536931,41.19658227,6,72.45195228,76.61591315,73.70114054,25.180113,67.54386695,Warning,2,0
88.55239175,33.13416128,1704.052445,0.148503467,12.58389788,11.66556786,41.80254004,0,100,99.33578754,99.80073626,99.68686,99.74759927,Excellent,0,0
113.5436119,28.60724586,2681.498414,0.330651984,12.42080644,55.57294137,26.53644135,6,52.95653441,92.6082658,64.85205383,2.9870272,65.43288546,Warning,2,0
78.19842552,28.92856819,3310.250964,0.121219684,12.93762998,25.76992218,29.67951863,3,100,100,100,19.392086,94,Excellent,0,0
88.89711785,33.58167538,2844.575405,0.052706591,12.07127724,41.89997691,37.155012,2,100,78.19018615,93.45705585,17.09106,87.71227074,Excellent,0,0
100.3738254,29.14776235,2633.388136,0.401028348,11.58038355,37.23811065,47.62311313,4,68.26477677,58.08141537,65.20976835,12.069732,62.74214409,Warning,2,0
82.5406975,28.33047739,1862.433877,0.185033171,12.72413041,30.28044633,32.61515918,4,95,100,96.5,19.392086,89.9,Excellent,0,0
76.28559717,32.82270213,3193.745451,0.405653689,12.18516555,50.70883459,34.776981,8,72.95642072,82.88807903,75.93591821,20.665247,66.13916673,Good,1,0
50.86395394,34.00918706,500,0.188623138,11.69658376,0,24.74071563,4,95,67,86.6,20.984179,77.36,Good,1,0
94.61486079,29.117559,2806.276567,0.1047299,12.33659504,43.69023036,53.63226832,2,90.77027842,59.78483327,81.47464487,17.09106,76.84175358,Good,1,0
83.30247385,30.48364665,4556.257585,0.121832858,12.89222319,48.19420049,36.54262947,7,68.8748483,100,78.21239381,17.713797,72.92743629,Good,1,0
69.80974223,25.30925862,1293.30129,0.740805772,11.89469895,22.81446907,45.7775478,5,70,68.2626693,69.47880079,19.513815,65.33981433,Warning,2,0
86.89895065,24.83590174,2306.904436,0.53496889,13.33439838,80.26437443,35.29897208,0,83.67901433,99.56378219,88.44444469,99.73325,92.97942325,Good,1,0
76.24479465,34.61488501,2493.671208,0.481280036,12.06484736,38.1108325,35.85267065,6,72.91466425,77.92495369,74.41775108,24.303907,68.23564139,Warning,2,0
77.07360803,32.66965238,2129.933749,0.363990339,12.43480434,45.25031515,19.99691109,5,85.73397739,93.18567909,87.9694879,25.280869,81.41882856,Good,1,0
94.09436734,32.73179063,3329.099394,0.04546418,11.91234703,38.15561672,13.4923813,5,81.81126532,71.63431511,78.75818025,20.052576,71.58177117,Good,1,0
64.92426383,31.68512609,2877.960811,0.258093443,12.41664414,48.36867759,47.51905212,1,100,83.87179355,95.16153807,20.351988,91.87128155,Excellent,0,0
100.7097293,30.27721965,2621.840298,0.174807007,12.34650087,76.16288187,35.78058214,4,75,89.54316094,79.36294828,16.85328,77.52640116,Good,1,0
64.03470755,34.17847134,3137.818049,0.234983984,11.80420244,99.46031608,37.06428123,6,85,35.06382908,70.01914872,9.907097,57.02425505,Warning,2,0
75.05947887,35.61065257,2513.400567,0.132097259,13.46987961,64.91278407,22.50946248,6,85,100,89.5,20.138336,81.7,Good,1,0
113.8441929,35.46736803,4612.341159,0.502013685,12.20186513,71.75987534,25.96935822,6,29.28559778,83.57693671,45.57299946,2.060163,52.05918702,Critical,3,0
101.9103214,29.3953325,2621.077547,0.344729311,12.20221498,84.32854963,45.62302001,9,57.0180459,74.33099288,62.21193,1.8517852,54.19335657,Warning,2,0
86.46405989,38.32195638,2656.225679,0.252984282,12.78761435,54.97742154,52.40143771,5,90,74.83511179,85.45053354,17.715132,76.23734248,Good,1,0
70.89204677,31.37076409,1131.62556,0.11864622,13.12570195,81.40501747,28.78725986,4,95,97.68172117,95.80451635,20.138336,89.01905404,Excellent,0,0
77.0609154,33.79425716,2065.239738,0.156589829,12.85057475,65.84802265,41.71483288,5,90,100,93,17.713797,85.8,Excellent,0,0
86.09912972,31.69252735,3417.902145,0.239394225,11.91952795,52.87974719,36.90024933,3,100,71.93052797,91.57915839,18.110687,83.33360063,Excellent,0,0
85.56284849,31.48204024,1431.63452,0.000735226,12.4855636,57.00682069,33.7947106,3,100,95.27949866,98.5838496,19.392086,92.20620949,Excellent,0,0
83.63693606,25.58548806,773.9542606,0.177489505,11.64745101,13.57166073,53.5195902,6,85,38.03339331,70.91001799,6.8177643,58.15268946,Warning,2,0
84.53751229,34.20810503,2525.852377,0.337481789,12.76068203,55.84238521,30.46798354,3,97.50121408,100,98.25084986,24.402285,92.95050992,Excellent,0,0
81.78437335,46.27618223,3596.595606,0.406901848,11.74592474,19.12504959,47.40712637,7,72.87321017,58.81577034,68.65597822,8.939523,58.956741,Warning,2,0
63.37031897,27.75122955,2533.904983,0.134706407,12.07871947,17.49461697,38.81423317,7,80,78.49717816,79.54915345,19.657219,69.4289277,Good,1,0
77.25233887,30.42596829,2231.100318,0.123535756,12.3987194,53.85757378,34.83110678,9,80,91.69717518,83.50915256,19.392086,70.44492657,Good,1,0
98.71936081,27.32276841,1013.20965,0.740805772,12.57800262,27.7184281,48.72017173,1,62.56127838,86.44402438,69.72610218,18.20426,77.12446618,Warning,2,0
64.47498554,27.07188059,2861.803298,0.046396241,12.29562615,49.85772497,37.90134498,3,100,87.44457871,96.23337361,16.39558,89.22893991,Excellent,0,0
82.15666733,39.26669687,3029.020087,0.155445147,13.00763347,52.76869039,34.0357247,7,80,100,86,19.047188,77.6,Good,1,0
72.70369107,25.96217389,1074.614001,0.15761226,12.68929583,53.66099202,48.79442173,4,95,87.09896612,92.62968984,16.77857,84.99760713,Excellent,0,0
86.67025644,27.15551716,3407.625959,0.259552261,12.6578899,31.91757186,47.49262254,6,85,91.52508337,86.95752501,17.152506,78.47953168,Good,1,0
79.17050228,20.47504306,3112.556421,0.217472024,11.90823964,67.97364765,47.01963321,7,61.90017223,64.5981322,62.70956022,6.1061916,56.54536257,Warning,2,0
107.160905,25.45432965,3405.852754,0.217222474,13.07974716,48.21529527,10,8,60,100,72,3.925395,67.2,Warning,2,1
92.59874731,19.74960064,2966.820073,0.117476703,12.07877394,58.8215136,39.40176626,2,74.80250537,78.49942512,75.9115813,17.09106,77.2468338,Good,1,0
65.32295251,33.7908282,3022.946167,0.355324662,13.09501697,26.07120772,37.12117193,2,96.31168921,100,97.41818244,24.402285,94.45090947,Excellent,0,0
95.06842017,46.27618223,2916.576719,0.406320658,13.20887802,46.43344886,34.65136746,4,77.77511575,100,84.44258103,21.381533,82.66554862,Good,1,0
73.38022216,27.79992724,3194.777857,0.392060991,12.60506261,71.94588967,41.09779634,5,83.8626006,100,88.70382042,24.402285,83.22229225,Good,1,0
76.34505443,19.9994524,1044.993785,0.154803588,12.81280524,69.40355264,37.60556873,9,60,100,72,3.4210622,65.2,Warning,2,0
89.7072853,35.39999799,1299.152453,0.226483281,11.32769981,34.05414634,41.77807417,0,100,67,90.1,99.70513,87.46,Excellent,0,0
77.6237887,25.63845025,1911.19368,0.067649078,12.32199903,39.08883619,32.32038192,2,100,88.53246014,96.55973804,19.392086,91.64233485,Excellent,0,0
98.39283724,37.79608158,2396.143863,0.229123335,12.84086626,30.2262654,49.9818063,9,63.21432551,83.06185857,69.16858543,7.0988297,60.11352297,Warning,2,0
73.38234908,28.30782571,2810.509539,0.226833387,12.76980411,36.87174163,42.78944192,6,85,100,89.5,20.079834,81.7,Good,1,0
75.71580171,26.20910587,2759.745323,0.145085948,11.91211066,22.01864919,40.42526591,6,85,71.62456492,80.98736948,19.657219,70.91733467,Good,1,0
75.1544366,28.93225467,3393.684649,0.740805772,12.28251118,47.23648255,39.93705234,2,80,86.90358634,82.0710759,24.303907,82.62336281,Good,1,0
76.51541877,34.54666057,3418.796239,0.075526844,11.3854538,62.66276796,46.57281307,6,85,61.65243555,77.99573066,13.79109,67.12792551,Good,1,0
101.4878733,28.63547622,1802.091913,0.012646233,12.56519714,34.29894272,45.21687787,3,80,97.82699711,85.34809913,12.938285,84.7742589,Good,1,0
94.4319444,27.01965178,2690.860888,0.740805772,11.64666864,48.18787435,33.87227946,7,51.13611119,67,55.89527783,1.9097686,52.9371667,Critical,3,0
110.6491593,28.80701038,1821.734762,0.486598835,12.85219114,45.59003185,44.90310381,0,57.56007766,100,70.29205436,99.49035,82.17523262,Warning,2,0
119.0146631,22.36886889,2349.402369,0.036108598,12.87308994,71.10237463,36.7405224,2,59.47547557,100,71.6328329,2.6254058,78.97969974,Warning,2,0
69.53924452,32.38218961,2757.433095,0.138339739,12.21025327,37.76816326,54.16926792,6,85,52.74743665,75.324231,9.314358,63.74402593,Good,1,0
86.05628691,19.27964044,500,0.044424981,12.60851037,38.49567785,45.97727811,6,65,96.67725442,74.50317633,12.938285,72.03735668,Warning,2,0
67.35699525,27.33527127,4428.995232,0.218452202,12.31316051,33.07957743,28.74390681,8,71.42009537,88.16787105,76.44442807,20.8457,67.50023105,Good,1,0
73.33591108,34.55631125,2953.126942,0.041305456,12.49676336,27.2498096,58.30710689,8,80,61.74148852,74.52244656,8.166957,61.06176564,Warning,2,0
75.54876235,31.8182897,2023.43738,0.242220177,11.94109623,60.58369983,13.97960164,0,100,72.82021952,91.84606585,99.69827,89.67168342,Excellent,0,0
69.14267689,33.54192344,4041.895804,0.092335009,12.64899705,47.29778407,41.37354741,0,99.16208392,100,99.41345874,99.67958,99.64807524,Excellent,0,0
69.22169091,29.60972596,2222.055064,0.6630212,11.74352591,51.0961972,28.03752671,3,80,67,76.1,25.180113,73.06,Good,1,0
82.83573432,37.01847709,2606.015509,0.151897125,11.66802794,75.49282312,53.82180294,9,80,37.00587002,67.101761,5.9724035,49.66223061,Warning,2,0
66.74922372,35.54819518,2110.307352,0.245800423,12.35122867,76.64161452,37.52806065,4,95,89.73818277,93.42145483,20.079834,86.00050945,Excellent,0,0
97.63190439,32.67684603,3821.59347,0.087777209,12.31550269,17.07531384,27.06204535,8,64.73619123,88.26448589,71.79467962,10.531509,64.72970495,Warning,2,0
71.23369694,35.56527466,2416.012235,0.157828154,12.50892069,62.95669346,32.33505288,0,100,96.24297855,98.87289357,99.67958,98.57233185,Excellent,0,0
123.6783703,34.50254133,2619.587281,0.012728997,12.140197,54.51293851,27.86068541,9,50,81.03312641,59.30993792,1.2731314,53.79258804,Critical,3,1
78.22923324,27.36321892,3463.025722,0.082416884,13.15427667,40.76818002,31.94223021,0,100,100,100,99.67958,100,Excellent,0,0
86.08026463,21.93660653,2968.111566,0.209855426,12.464242,56.55367374,31.71352384,8,67.74642612,94.39998232,75.74249298,19.701874,68.32549225,Good,1,0
65.56988223,32.52217276,2456.521548,0.072058106,12.49315271,15.4723353,27.48844131,8,80,95.59254935,84.6777648,20.138336,73.92516875,Good,1,0
110.5913764,33.27653538,3388.312778,0.042590313,12.47889355,79.25284686,37.70063812,2,70,95.00435898,77.50130769,16.85328,81.50165641,Good,1,0
101.7925102,36.54283195,4530.786584,0.008508981,12.80116395,60.29888194,38.91224163,3,69.38426833,100,78.56898783,16.85328,81.1413927,Good,1,0
89.45373806,24.38207235,2753.928359,0.122962611,12.63040697,32.6960451,25.03693609,5,87.5282894,100,91.26980258,19.392086,84.76188155,Excellent,0,0
64.79796177,24.56141364,2593.40807,0.507297635,12.57680716,38.29179556,18.41731237,7,64.42581226,99.04329535,74.81105719,25.280869,70.69529338,Warning,2,0
88.16000317,32.7594016,2636.501667,0.309813804,12.69439364,15.93707049,38.10956452,1,99.34574642,100,99.5420225,18.618567,97.7252135,Excellent,0,0
68.17853431,29.57299807,3548.343601,0.740805772,11.67015415,43.720855,40.31920551,2,80,67,76.1,19.399792,75.06,Good,1,0
106.935329,18.68543034,2020.641812,0.307647788,11.68526094,40.34536046,42.30216762,7,39.4901475,67,47.74310325,1.434654,48.04586195,Critical,3,1
97.13792098,32.25064898,2277.345952,0.11374497,12.3695765,23.49779226,40.51174382,8,65.72415804,90.4950307,73.15541984,13.591689,65.99225805,Warning,2,0
86.43158558,18.88546251,1270.045641,0.481298222,12.32093045,65.53404467,50.72716776,1,67.91345188,69.01601056,68.24421948,18.53739,72.7497338,Warning,2,0
48.45436505,24.32846069,1552.90571,0.352224656,12.63192394,75.53594379,44.97067887,8,73.83219901,100,81.68253931,25.280869,73.00952358,Good,1,0
70.24876032,38.11008824,2085.759998,0.159447639,12.40800676,49.4527902,61.51969806,8,80,58.08027889,73.42408367,8.166957,59.67050598,Warning,2,0
95.31641697,40.94927411,2455.250405,0.740805772,12.63274597,43.88706234,61.51969806,8,49.36716605,66,54.35701624,2.3263693,49.81420974,Critical,3,0
103.1932554,22.70606179,3915.266661,0.740805772,11.90176189,58.69969204,17.41897412,2,50.82424716,71.19767805,56.93627643,5.3181114,64.40130147,Critical,3,0
101.6375472,28.02365078,2928.794244,0.031254562,12.39570217,49.60722075,13.02861369,6,65,91.57271459,72.97181438,14.993679,70.09763154,Warning,2,0
61.11980497,30.25573514,1770.337192,0.740805772,11.8635773,28.35641568,34.92608702,1,80,69.62256382,76.88676915,20.146257,78.05657425,Good,1,0
89.5232846,40.68736157,1917.615612,0.204607326,12.55474317,36.94644027,40.0423243,1,100,98.13315592,99.43994678,13.161814,97.29059925,Excellent,0,0
100.2327282,27.04278631,3599.798947,0.2518764,11.64868598,44.07127987,34.24114991,0,80,67,76.1,99.59825,79.06,Good,1,0
60.12496652,27.13869586,3401.288279,0.357989513,12.53932404,54.96373189,42.03580446,4,91.13403245,97.49711663,93.0429577,23.994816,87.32519795,Excellent,0,0
84.88143227,39.29235335,2522.519928,0.043187149,11.81240025,50.18673436,32.29757925,7,80,67.51151022,76.25345306,15.957141,65.25437388,Good,1,0
89.10763597,27.75126508,2145.978828,0.186022717,12.24658888,54.2073876,28.06049237,1,100,85.42179141,95.62653742,19.657219,92.46028074,Excellent,0,0
80.48853123,34.33321025,3399.946269,0.04611438,12.75797108,19.50344033,29.5710914,1,100,100,100,19.392086,98,Excellent,0,0
57.21757217,21.13714221,1705.338299,0.141215942,12.490952,63.30435488,32.99831631,2,84.54856884,95.50176981,87.83452913,20.138336,87.80107144,Good,1,0
80.11452835,28.97260354,2813.624318,0.025145576,11.74173591,50.06831768,43.43512344,1,100,67,90.1,17.09106,85.46,Excellent,0,0
80.09041855,20.04241897,4318.127193,0.154761094,12.13104246,101.0541811,30.13259303,8,53.80713203,47.65550156,51.96164289,1.8940032,44.70808604,Critical,3,0
82.77891393,23.66739731,2664.284546,0.05156925,11.79944859,42.2473126,32.11031297,1,94.66958926,67,86.36871248,19.657219,83.22122749,Good,1,0
76.54792862,35.03520813,1879.512417,0.179758571,11.7220966,56.4691699,40.70216844,2,100,67,90.1,19.657219,83.46,Excellent,0,0
78.3548177,29.70056765,2828.294962,0.264745354,12.44706527,103.2034723,33.01203602,3,100,60.69144241,88.20743272,20.351988,79.06274811,Good,1,0
84.40440576,28.08536556,2123.993025,0.713431379,12.62411934,53.88183259,46.16710551,2,80,96.03184128,84.80955238,21.010471,86.09209969,Good,1,0
91.63681907,25.50750226,1384.707325,0.22835306,12.57624237,48.64738921,25.80493768,9,76.72636185,99.01999769,83.4144526,19.725693,71.8526711,Good,1,0
80.43359856,28.67606356,3060.828821,0.273487652,12.64105073,30.2615621,23.63636244,2,100,100,100,20.8457,96,Excellent,0,0
78.85526607,31.806679,3394.26752,0.004438659,12.39523566,80.56532734,38.04629034,4,95,90.62068084,93.68620425,19.047188,86.33585872,Excellent,0,0
86.38531057,35.89749724,2251.274662,0.240539508,12.29064391,26.81796828,39.04288462,5,90,87.23906139,89.17171842,17.393625,80.95084333,Good,1,0
56.18626111,14.2491199,2198.211461,0.134535193,11.97077227,58.54241834,26.35040506,2,70,74.0443561,71.21330683,19.618338,73.53685532,Warning,2,0
92.15552691,25.00943295,1730.747687,0.22270684,12.22396813,40.52889357,48.43595401,4,90.68894618,72.80644177,85.32419486,17.715132,77.75580527,Good,1,0
84.99155354,30.95457745,2380.05152,0.066150614,11.87146065,46.21327475,54.2493681,1,100,38.49990011,81.54997003,17.09106,74.62996204,Good,1,0
85.5954029,29.4068213,2050.105294,0.134887299,12.06193379,21.52135463,28.72145787,4,95,77.8047688,89.84143064,19.657219,81.46581214,Good,1,0
99.41101461,32.42025746,1691.173851,0.530351809,12.43557075,76.86254443,49.87300673,0,65.82118351,76.64907049,69.0695496,99.74884,76.77154386,Warning,2,0
55.70776705,31.60524172,4013.735064,0.239706188,12.35287756,44.44405388,11.17867828,4,94.72529871,89.80619956,93.24956897,20.8457,85.91098129,Excellent,0,0
55.39249195,28.17079282,2873.194253,0.415001537,13.46987961,25.69820682,45.76112267,3,92.33323085,97.41218293,93.85691648,24.402285,89.79658647,Excellent,0,0
89.10705768,26.83888082,2957.916086,0.175204695,11.86168176,75.05381194,26.42237229,3,100,69.54437264,90.86331179,19.657219,82.4268616,Excellent,0,0
84.89324717,28.52699106,3206.719655,0.034933041,12.34996051,39.91726374,44.76072682,1,100,89.68587111,96.90576133,16.85328,94.08063102,Excellent,0,0
87.55265415,36.8924541,3116.828973,0.000107259,11.83050716,56.69214583,25.38724014,9,80,68.25842017,76.47752605,9.547502,61.53819966,Good,1,0
78.06809387,25.6079524,2169.512038,0.171512691,12.24488565,66.82832764,34.31512465,0,100,85.35153305,95.60545991,99.68493,94.43358256,Excellent,0,0
94.96530511,29.62315966,2718.042098,0.207956343,12.26116273,59.48068661,26.89884403,1,90.06938977,86.0229625,88.85546159,19.970196,88.51786945,Good,1,0
98.98958264,31.10005328,2284.775613,0.094841973,12.73795201,6.06728899,32.86119302,1,82.02083471,100,87.4145843,16.85328,90.44875058,Good,1,0
92.25973441,39.36210558,2850.7709,0.198140678,12.22013338,63.90713402,53.29924029,9,75.48053118,56.11308512,69.67029736,6.8177643,55.02479544,Warning,2,0
81.08757312,28.19815045,2773.352709,0.383044288,12.32347216,47.98772475,33.92062203,3,94.4637141,88.5932266,92.70256785,24.402285,87.34018603,Excellent,0,0
53.38465919,35.75283994,2193.871791,0.141375821,12.22787282,43.41942606,56.10301624,4,95,50.64975362,81.69492609,20.657724,71.14690638,Good,1,0
96.53854312,37.39187642,1436.561022,0.312085328,11.8395793,47.81850102,31.14187439,7,66.11722524,68.63264622,66.87185153,6.829685,59.84964016,Warning,2,0
103.32593,29.61747441,2616.989646,0.740805772,12.13915905,17.79934412,49.91764704,0,60,64.27031094,61.28109328,99.63037,69.62271816,Warning,2,0
94.66837618,28.73568613,2336.58441,0.440785423,12.24722531,53.84341829,18.74307393,0,81.27755276,85.4480442,82.52870019,99.74951,86.60682896,Good,1,0
71.80536359,28.02567797,987.7022018,0.122918958,12.42953035,22.71217253,32.13490945,1,100,92.96812708,97.89043812,19.047188,95.32788829,Excellent,0,0
95.10691591,28.46506119,2906.129415,0.065079839,12.62357891,44.28320581,29.63890015,6,74.78616819,100,82.35031773,16.919046,77.41019064,Good,1,0
97.90794562,35.12543916,3272.27369,0.201371703,12.3061614,53.12528863,50.37705601,9,64.18410876,69.59716716,65.80802628,6.083989,55.4042492,Warning,2,0
108.3822437,31.38605986,4522.68518,0.498380066,12.29912949,71.48074176,36.85248786,6,41.32095863,87.58909164,55.20139854,2.060163,58.63865745,Critical,3,0
71.85835114,31.41173826,2187.041997,0.277437115,11.71167474,33.6077368,14.1191683,8,80,67,76.1,15.398699,63.06,Good,1,0
81.60318123,23.24865894,2069.030483,0.674541766,12.61589381,79.03174744,21.89870345,8,52.99463575,100,67.09624503,8.142769,64.25774702,Warning,2,0
96.20908077,24.19505954,1612.463176,0.714244683,12.12164085,68.93706507,24.87337751,2,64.36207661,80.26768486,69.13375908,23.805029,73.53379242,Warning,2,0
85.86115107,42.86068095,2666.913525,0.16650225,12.6988493,41.41180515,44.34050294,1,100,100,100,16.54427,98,Excellent,0,0
68.24008597,28.93304565,2661.854544,0.382627246,12.92657598,27.82501467,43.05007484,1,94.49151692,100,96.14406184,23.994816,95.6864371,Excellent,0,0
91.21924428,25.35136803,1850.962932,0.168591794,12.32483399,21.12367636,31.99600567,7,77.56151145,88.64940206,80.88787863,16.919046,72.26260759,Good,1,0
93.67992451,38.58659499,2360.056094,0.000494758,11.99067549,55.43507703,29.51490206,6,77.64015099,74.86536387,76.80771485,17.636086,69.05770168,Good,1,0
86.31944344,31.69085129,917.0674665,0.740805772,12.39332055,35.25431701,42.16388241,8,60,91.47447288,69.44234187,4.412073,63.9602997,Warning,2,0
88.29377391,33.4689295,3241.101398,0.226727855,12.5394808,73.98713611,23.70476908,5,90,97.50358297,92.25107489,19.725693,84.85136153,Excellent,0,0
81.11941147,29.17171755,1883.456592,0.163491033,12.273792,36.4095234,39.57668978,9,80,86.54391998,81.96317599,17.157566,68.48668959,Good,1,0
107.174184,28.08796146,2472.274919,0.022730827,12.17438464,31.9865804,38.72517997,8,60,82.44336625,66.73300987,1.0391295,60.52847917,Warning,2,1
71.48961724,28.98248177,1358.645263,0.074586497,12.62541288,54.67252702,32.25410407,8,80,100,86,15.233374,75.6,Good,1,0
76.19018856,21.70357098,2034.11712,0.080631273,12.59903131,36.27906286,38.97677965,8,66.81428391,99.96004153,76.7580112,19.392086,70.04681503,Good,1,0
85.1647827,29.47243554,2276.327077,0.307697215,12.26148414,50.17099987,36.02094353,1,99.48685233,86.03622093,95.45166291,19.814772,92.47824193,Excellent,0,0
98.18431042,31.77619846,2490.967322,0.530481569,11.73837353,69.7197866,39.97419495,7,48.26594126,67,53.88615888,2.295369,51.73169533,Critical,3,0
62.53940245,41.1027794,2883.786012,0.018898152,12.58255127,52.34458663,21.65897692,9,80,99.28024006,85.78407202,21.156872,73.32649122,Good,1,0
65.34554875,30.51599439,3651.260067,0.253480608,12.09306912,52.41928921,41.14501981,2,100,79.08910131,93.72673039,20.351988,88.0538585,Excellent,0,0
54.43407238,15.99493775,3086.168754,0.023908238,12.48573643,54.10293418,45.2660133,8,60,94.38218254,70.31465476,5.5098057,65.06522937,Warning,2,0
85.49042838,29.4360874,3269.731635,0.102147285,12.46046289,16.13802019,38.20951421,3,100,94.24409432,98.2732283,16.85328,91.81275584,Excellent,0,0
68.22541274,46.27618223,3656.883288,0.740805772,11.64442103,57.836755,41.01215851,2,80,67,76.1,20.39051,75.06,Good,1,0
79.23174835,35.19819741,2955.766305,0.249612248,12.43243267,53.19863153,33.90080683,7,80,93.08784779,83.92635434,19.725693,74.97338216,Good,1,0
94.92067285,25.13466634,2470.634244,0.175549744,12.60581301,67.85794654,43.91332566,1,90.1586543,100,93.11105801,16.54427,93.86663481,Excellent,0,0
75.37685919,33.54663909,3307.289525,0.548575113,12.65486097,62.11621602,35.65247128,4,78.42832582,100,84.89982808,23.994816,82.93989685,Good,1,0
88.46923034,25.54791945,3358.407429,0.304507024,12.4469463,45.96102737,23.52058718,9,79.69953176,93.68653489,83.8956327,20.987064,71.0746866,Good,1,0
80.50993138,21.87715488,3018.85267,0.073032388,11.60912558,70.64785783,43.20216155,1,87.50861953,67,81.35603367,17.09106,80.2136202,Good,1,0
95.08171473,27.90978382,1336.297922,0.207221511,12.91083242,44.14738605,18.65853752,1,89.83657055,100,92.88559938,19.701874,93.73135963,Excellent,0,0
92.12692101,30.54915864,1826.831878,0.21397845,12.56440907,54.94314208,37.82779744,9,75.74615798,98.53187401,82.58187279,17.131138,71.25549848,Good,1,0
74.62099456,18.76706699,2280.116717,0.21652641,11.91867227,43.77701139,31.1577715,7,60,71.89523107,63.56856932,3.1394958,58.5201878,Warning,2,0
82.4702237,23.10504426,3123.696817,0.102061643,12.08489478,59.2351561,30.5187425,4,87.42017703,78.75190984,84.81969687,19.657219,78.64220009,Good,1,0
100.656151,30.06201338,2482.922865,0.270421457,12.49248968,42.47020435,36.7198875,4,75,95.56519945,81.16955984,17.470497,79.81477579,Good,1,0
90.90065305,27.55096094,3409.494907,0.141609816,12.67191368,82.95103218,27.90711809,9,78.19869389,95.1307969,83.2783248,19.392086,70.99315426,Good,1,0
64.04556913,32.36886763,3552.189303,0.625863173,12.20481486,90.34725474,40.12206014,7,60,66.62564254,61.98769276,3.4438312,56.51774417,Warning,2,0
94.83427092,22.71199004,3459.336375,0.078730957,12.73021016,67.47876508,35.56796633,9,61.17941831,100,72.82559282,13.854706,65.69535569,Warning,2,0
68.73084066,34.28468249,3464.432452,0.279019482,11.68289327,80.82593299,28.82706049,0,100,65.63721057,89.69116317,99.69827,86.94214002,Good,1,0
106.187696,22.89744542,1670.404876,0.266094675,11.9830164,19.21571038,48.3817957,5,61.58978167,63.05132094,62.02824345,6.2436104,59.82721026,Warning,2,0
100.3614826,39.85640581,2886.1084,0.11657218,11.5742544,21.57244513,37.0478261,7,60,67,62.1,1.3866603,56.66,Warning,2,0
89.34828214,19.70545029,2013.976767,0.05202733,12.04103794,43.56878867,41.30800933,0,80,76.94281514,79.08284454,99.692085,82.83826975,Good,1,0
87.35849265,23.44467438,1180.746935,0.02265021,13.00323087,50.82461931,49.16588729,5,83.77869751,85.8359832,84.39588322,17.09106,77.80472657,Good,1,0
81.86451616,32.50422482,2270.023094,0.254776253,13.22312089,46.03585164,49.00178536,0,100,86.39392978,95.91817893,99.70513,94.82969332,Excellent,0,0
95.17785927,39.98539951,3559.789573,0.136113635,12.49383619,17.15729501,40.79785454,9,69.64428146,95.62074273,77.43721984,16.85328,67.58648045,Good,1,0
79.43832746,31.89025822,2868.593608,0.158205459,12.14462832,73.03183413,31.97341799,6,85,81.21591808,83.86477542,19.657219,74.56204887,Good,1,0
88.53354806,33.37714752,4114.247497,0.125271215,12.31134404,93.08396467,20.70296212,1,97.71505005,66.50439994,88.35185502,19.657219,84.311993,Good,1,0
98.0790155,30.10522141,2641.784116,0.034563955,12.58933596,75.61975358,37.066907,5,73.841969,99.5601082,81.55741076,16.85328,78.8464681,Good,1,0
76.57290185,23.84160928,4458.242203,0.152365742,11.77480766,71.71046538,45.94584316,1,86.20159304,63.78413326,79.47635511,17.09106,78.44263972,Good,1,0
75.7571089,27.05916991,2642.01698,0.003796366,12.17100033,54.5223921,38.54314819,8,80,82.3037636,80.69112908,19.657219,68.87543017,Good,1,0
67.08451779,22.72854168,2517.984237,0.114803569,12.97395723,33.14005259,10,1,90.91416672,100,93.6399167,20.138336,94.18395002,Excellent,0,0
69.03290881,22.32774019,1476.48793,0.182010141,11.98171597,51.45056105,43.70062155,6,74.31096077,74.49578386,74.3664077,19.657219,67.51900139,Warning,2,0
57.57407033,32.41049352,3388.450192,0.592028392,12.10039004,92.11176074,44.31499155,0,80.53144056,59.40668395,74.19401358,99.74951,76.39774493,Warning,2,0
95.94743184,23.26093211,2098.299897,0.034405358,12.40527746,42.96023775,31.98777806,1,81.14886476,91.96769532,84.39451393,16.54427,87.03024742,Good,1,0
112.1337181,31.91732404,1982.361888,0.225436404,12.5132569,40.90085504,44.88361675,9,50,96.42184728,63.92655418,1.3069272,59.64030197,Warning,2,1
106.3799342,22.18906349,3524.984451,0.108948536,12.14999838,72.14607318,41.27965414,3,68.75625395,81.43743324,72.56060773,17.09106,73.82385129,Warning,2,0
60.60873267,31.77829812,3426.578135,0.407634144,12.43078575,73.47372101,28.14493208,1,92.82439039,93.01991232,92.88304697,25.280869,92.33381065,Excellent,0,0
95.87282007,27.06790459,3405.641094,0.066967389,12.64317581,33.04196388,47.71301116,6,73.25435985,90.77576205,78.51078051,16.85328,73.26162072,Good,1,0
106.3315952,38.4396932,2210.247093,0.131447561,13.18458073,44.77030774,22.32523077,2,80,100,86,16.85328,87.6,Good,1,0
78.14785029,31.94231337,2459.219308,0.312163544,12.34950225,39.96189008,34.42755329,5,89.18909708,89.66696774,89.33245828,21.355003,81.53286851,Good,1,0
86.52171146,37.41469736,2452.116482,0.102770171,12.38348107,51.39378758,33.42997687,8,80,91.0685943,83.32057829,19.392086,72.20606583,Good,1,0
54.88160424,25.4661197,3126.014545,0.395705473,13.01098094,72.07373342,26.74561848,6,78.61963516,100,85.03374461,25.280869,79.02024677,Good,1,0
89.00104252,30.33686004,3742.851735,0.016679055,12.18033366,33.91944958,38.03793868,2,100,82.68876334,94.806629,17.09106,89.42173007,Excellent,0,0
69.04660406,24.11347705,2794.517244,0.070514231,11.87025879,71.79329624,48.103689,2,96.45390821,59.34563237,85.32142546,17.961098,79.06198175,Good,1,0
87.99452527,27.51836854,4079.912868,0.006049081,12.50009959,52.03302498,47.47741872,2,98.40174263,87.45588446,95.11798518,17.09106,90.561968,Excellent,0,0
61.58195617,28.42737466,3217.755534,0.326634083,12.83047001,96.52384273,42.23664215,6,83.22439449,72.7356595,80.07777399,21.639776,70.5937963,Good,1,0
93.14287337,25.64485068,2312.160485,0.129195732,12.54441885,56.37661769,18.04077493,6,78.71425327,97.70727773,84.41216061,19.392086,78.18875191,Good,1,0
100.3676901,22.70698285,3162.969125,0.217749679,12.36119374,48.06162861,21.64047699,5,60.82793139,90.14924165,69.62432447,18.930126,69.80444301,Warning,2,0
73.25230207,21.51889606,3864.752223,0.022334331,11.82064265,61.49429454,36.6616912,3,86.07558423,67.85150934,80.60836177,19.657219,75.93531893,Good,1,0
67.94616128,15.96151131,4098.631187,0.211113026,12.3766523,43.25707524,34.65764959,0,78.02737627,90.78690745,81.85523562,99.685814,87.27052286,Good,1,0
52.65965436,23.66192122,3449.513076,0.079048905,12.89326197,14.09453753,30.01920173,8,74.64768488,100,82.25337941,20.138336,73.35202765,Good,1,0
81.00379699,33.76496338,2520.539563,0.263600606,11.90635317,45.18957651,54.05323197,6,85,40.60607944,71.68182383,7.0988297,59.13031019,Warning,2,0
76.27609099,20.40900881,2326.645397,0.086917295,12.30210113,44.87412782,36.05860153,6,66.63603523,87.71167163,72.95872615,19.392086,69.31757002,Warning,2,0
61.73470881,21.79126292,2960.855603,0.119828767,12.24500611,18.15365079,40.42412741,1,87.16505169,85.35650192,86.62248676,19.657219,87.04479244,Good,1,0
91.79528134,40.74539143,3839.179596,0.128790266,12.12091817,48.5392962,44.87893881,2,96.40943731,80.23787458,91.55796849,17.09106,86.98235601,Excellent,0,0
78.25044427,26.1810237,2847.015298,0.740805772,12.4991692,8.657795508,35.5495845,3,80,95.84072957,84.75221887,23.994816,84.01947724,Good,1,0
68.86396062,31.92627605,2863.625497,0.493574314,12.5773221,43.0462633,60.91062168,5,77.09504573,65.06453648,73.48589295,13.860589,67.10444307,Warning,2,0
76.68141392,33.85390288,2541.118283,0.004641554,12.57313076,54.87191984,25.59627698,7,80,98.89164393,85.66749318,15.603429,77.17882469,Good,1,0
101.0695681,33.97515678,2237.68715,0.102171256,12.00927609,51.93992354,28.9392841,8,60,75.6326389,64.68979167,1.0204494,57.94040278,Warning,2,0
94.04405416,20.86611462,2370.292395,0.542732667,11.74160652,41.77861054,25.57174282,5,49.19417234,67,54.53592064,2.3101926,56.12155238,Critical,3,0
83.04960908,28.61364192,2608.340788,0.214948475,12.50495537,48.28939196,50.62658286,3,100,76.94902746,93.08470824,17.055447,85.24063044,Excellent,0,0
94.28657528,20.29063638,3874.479997,0.320260458,12.19763238,34.31871125,43.02085874,4,66.2386978,83.40233582,71.38778921,16.066832,71.51314069,Warning,2,0
67.58632065,44.67790715,2308.228977,0.061527191,13.13532495,50.21633039,29.55848087,7,80,100,86,21.156872,77.6,Good,1,0
85.48555151,20.43074842,2542.089661,0.023181407,13.15380388,51.16172813,26.36123625,3,81.72299366,100,87.20609556,19.392086,86.32365734,Good,1,0
87.20983496,23.71295869,1807.697872,0.073153758,13.19627592,31.99500044,48.84890501,4,89.85183475,86.91372298,88.97040122,17.09106,82.76498533,Good,1,0
77.95245237,23.75639487,3073.304853,0.740805772,12.02395564,55.35398401,38.61687715,7,55.02557948,76.23817013,61.38935668,2.6034534,58.08124803,Warning,2,0
91.53187504,21.02003714,3593.343343,0.204997917,12.62774763,55.2290531,49.10417969,5,71.01639848,86.04578907,75.52521566,13.355881,72.52428721,Good,1,0
73.29349818,38.11556346,3799.598277,0.13507564,12.74838101,46.67580173,34.39850649,4,95,100,96.5,14.993679,89.9,Excellent,0,0
92.64731062,44.53468741,2662.69162,0.248802975,12.70334169,98.42094073,40.11535322,7,74.70537877,69.6054478,73.17539948,12.517923,63.82632925,Warning,2,0
93.27788157,27.14550528,2959.483427,0.282922355,12.25824082,47.18595227,38.00227655,2,93.44423685,85.90243392,91.18169597,17.393625,87.88950437,Excellent,0,0
44.51298544,22.07746112,2377.159742,0.284452483,12.91166596,44.41531509,28.75888666,0,88.30984448,100,91.81689113,99.69315,95.09013468,Excellent,0,0
102.8545856,16.57844701,2922.414944,0.102815612,12.40018999,41.55213782,33.55855841,7,40,91.75783728,55.52735118,1.2520909,57.66797816,Critical,3,0
44.51298544,28.53534769,2751.172122,0.740805772,12.45124245,30.58121554,23.15696656,4,75,93.86375106,80.65912532,25.186867,79.1682254,Good,1,0
75.75926462,28.10180746,2546.61151,0.062738916,11.78486662,63.7179472,39.94106824,3,100,67,90.1,19.30874,81.46,Excellent,0,0
100.3802205,26.09222324,2610.202954,0.520883501,12.65790599,36.27506064,42.61248746,0,65.27443326,100,75.69210328,99.689606,85.41526197,Good,1,0
80.24069912,31.32825152,2861.537827,0.137848088,12.29583531,38.64103706,44.901612,9,80,87.45320673,82.23596202,13.129557,68.83221856,Good,1,0
63.00721026,32.37103886,2264.678052,0.21662602,12.58591154,39.23516881,41.66544893,7,80,99.41885122,85.82565537,19.352795,77.37916347,Good,1,0
68.59394407,31.93849955,2306.002566,0.245881404,12.49404548,30.30112968,33.71789863,2,100,95.62937605,98.68881281,20.8457,94.3391629,Excellent,0,0
100.4035862,28.10325077,3865.889611,0.044217272,12.47237463,14.97833335,50.51970645,6,65,75.96845158,68.29053547,10.334224,64.1680116,Warning,2,0
56.17743204,23.39026902,4612.341159,0.081870181,12.38171457,40.74120266,43.92308488,4,76.31425291,90.99572605,80.71869485,19.392086,78.63036212,Good,1,0
101.9348665,33.99499859,1536.506441,0.26727747,12.71463989,67.46670625,48.88546302,3,80,86.78942574,82.03682772,17.715132,80.57998178,Good,1,0
84.17346851,30.07508256,1492.423036,0.424259741,12.32044299,53.93959611,49.51286704,3,91.7160173,73.12452519,86.13856967,21.666563,80.30804684,Good,1,0
67.11407004,35.33014515,1734.277738,0.220001685,11.81792103,81.2115054,33.74400345,0,100,65.74025866,89.7220776,99.69827,86.98129829,Good,1,0
76.25327392,34.7404533,2417.369268,0.607007908,12.62758224,65.0191261,38.87879457,9,60,100,72,6.062019,65.2,Warning,2,0
69.74163488,21.46942759,3216.624409,0.1490039,12.07639779,60.47929621,42.74565183,9,65.87771034,78.40140884,69.63481989,9.128296,59.4611737,Warning,2,0
97.99337801,21.39466676,2973.002354,0.116421977,11.87029526,87.65298045,23.50858212,8,49.591911,57.27226185,51.89601625,1.7396748,46.59206212,Critical,3,0
95.98641715,25.46675569,2637.624909,0.438078329,11.99110267,48.0570881,23.73026828,3,78.82194379,74.88298499,77.64025615,24.714924,75.56075069,Good,1,0
59.21258299,23.66240755,2923.148438,0.010612455,12.51333295,51.26151347,22.00688354,9,74.6496302,96.42498426,81.18223642,19.783419,69.9943387,Good,1,0
78.94611822,34.53151066,1946.331075,0.421545697,12.36139248,49.77071157,33.91899911,2,91.89695353,90.15743975,91.3750994,24.402285,88.85654759,Excellent,0,0
72.05221506,32.10785806,2304.701783,0.073353263,11.54692679,80.87573462,31.66682941,8,80,65.55503787,75.66651136,14.256514,62.51091439,Good,1,0
104.4026495,36.59510396,2483.924361,0.241672517,12.24653762,50.05030633,20.64329372,1,80,85.41967694,81.62590308,20.351988,84.05947724,Good,1,0
64.74851323,32.3789209,1232.626929,0.004139089,12.86769249,37.03445252,36.49358228,3,100,100,100,20.138336,94,Excellent,0,0
109.0634366,31.25189749,1570.951836,0.098383833,12.21948173,61.75351076,34.04381083,5,70,84.30362143,74.29108643,17.09106,71.43537614,Warning,2,0
84.50057891,37.19837868,1602.747151,0.715997813,12.33380938,33.67480378,46.8224017,9,60,82.82347109,66.84704133,2.0484626,58.67291901,Warning,2,0
67.5709839,32.81836404,3111.286579,0.299252649,12.81719657,60.66943025,55.12979079,2,100,66,89.8,18.207146,83.08,Good,1,0
74.84088724,30.40860578,2696.283959,0.083532119,12.7181957,58.27681868,39.5645034,4,95,100,96.5,16.165585,89.9,Excellent,0,0
72.97571739,38.8827182,2988.84896,0.04957293,12.80870044,46.21194664,28.03369479,8,80,100,86,19.783419,75.6,Good,1,0
65.88072397,30.6910853,1028.276008,0.127865801,11.32769981,61.31623144,41.46724377,4,95,67,86.6,19.30874,77.36,Good,1,0
86.4224029,28.17395637,1313.146651,0.059451982,13.09340922,20.24420139,35.09302923,6,85,100,89.5,17.713797,81.7,Good,1,0
66.58126674,24.97306045,3030.572352,0.53888882,12.65456017,53.25924243,32.59874746,4,78.96632044,100,85.27642431,25.280869,83.16585458,Good,1,0
52.29450687,34.21815275,500,0.259292019,13.38459057,40.74469231,26.38398879,0,100,100,100,99.69838,100,Excellent,0,0
79.30485294,37.42230325,3479.703486,0.254433201,12.08706959,103.2034723,30.35779961,2,100,45.84162049,83.75248615,20.351988,75.41981579,Good,1,0
57.95715705,29.69647559,1041.346285,0.572299094,11.69461976,53.11650139,33.22208989,5,71.84672705,67,70.39270894,20.624887,65.63562536,Warning,2,0
73.71758698,37.84749374,3174.675914,0.248992674,12.40288738,38.072159,43.04096392,0,100,91.86910454,97.56073136,99.69315,96.91025972,Excellent,0,0
71.36345667,18.17990981,1789.1323,0.740805772,12.28985107,22.43396528,40.1102558,2,60,87.20635656,68.16190697,8.839691,74.33841549,Warning,2,0
71.93175892,29.66727975,3339.122972,0.110925858,12.66146559,76.10812394,53.25576143,9,80,71.93041114,77.57912334,12.050134,62.93355623,Good,1,0
115.0144465,29.75943053,4612.341159,0.236498156,12.82997134,42.99934561,41.74338074,0,57.75317682,100,70.42722377,99.45533,82.25633426,Warning,2,0
85.84617351,25.63803377,681.4578959,0.067598228,12.36508234,34.17295866,39.24294925,2,100,90.30964661,97.09289398,16.54427,92.31766571,Excellent,0,0
88.68056513,44.30316623,3056.301718,0.195879876,12.30371678,56.72598428,31.93769635,6,85,87.77831724,85.83349517,19.047188,77.05576055,Good,1,0
58.35402555,29.6028442,1053.469829,0.14118617,12.60908793,62.99437663,24.62537018,5,90,100,93,20.138336,85.8,Excellent,0,0
75.190553,27.55361537,2841.415138,0.049271832,12.29746853,62.67905866,29.30106558,2,100,87.52057702,96.2561731,19.657219,91.25781927,Excellent,0,0
88.22953945,30.15577268,2334.582269,0.078553052,12.26400716,50.39500846,28.00161337,0,100,86.14029534,95.8420886,99.68493,94.73331223,Excellent,0,0
69.63206631,17.98311757,2603.825858,0.110750411,12.81485398,53.18380274,10,8,60,100,72,6.465477,67.2,Warning,2,0
98.62094265,25.44079245,1770.650979,0.177920277,12.90391114,54.64074151,24.91368217,5,72.75811469,100,80.93068029,19.392086,78.55840817,Good,1,0
66.95955121,35.89943982,3124.432888,0.302228412,12.8335865,56.72792531,51.02209761,5,89.85143919,79.52486811,86.75346787,18.95005,77.95705434,Good,1,0
80.70450796,26.22632787,1341.31373,0.104449937,12.33270811,58.49770392,38.68600213,0,100,88.97420974,96.69226292,99.671844,95.8101997,Excellent,0,0
76.2092254,25.02674902,3493.30981,0.064213317,11.5440844,71.88905503,31.23476145,2,100,67,90.1,19.657219,83.46,Excellent,0,0
87.46480989,37.85715382,2172.599755,0.494687202,12.34071757,51.12829724,38.98479822,0,87.0208532,89.30459957,87.70597711,99.75105,90.48450618,Good,1,0
75.39264892,38.04152641,1377.847458,0.694874778,12.09680799,33.66393468,15.46595474,9,60,79.24332979,65.77299894,5.413449,57.31246532,Warning,2,0
80.93659559,33.10194283,3775.949459,0.151725155,12.34810999,47.11416594,37.82097716,7,80,89.60953719,82.88286116,19.047188,73.65162413,Good,1,0
81.45804862,27.269296,2446.125878,0.151250585,12.13156364,65.07561637,47.77492263,5,90,71.24226332,84.372679,16.77857,74.87206006,Good,1,0
73.98418364,28.56317361,4026.108776,0.015495346,12.39170406,14.26944083,33.78884053,6,84.47782447,91.40779238,86.55681485,19.047188,78.21564738,Good,1,0
92.27640803,25.17510023,3477.084903,0.079599553,11.98428975,14.38495609,17.28010474,1,95.44718395,74.60195212,89.1936144,19.30874,86.43655906,Good,1,0
88.57582562,24.03136129,1861.483436,0.071446275,11.88771303,68.36552243,30.86059465,9,76.12544514,70.61816229,74.47326029,9.547502,60.80758863,Warning,2,0
83.67079082,23.73350107,2432.008159,0.209462323,12.88907659,80.40245634,47.79261995,5,84.93400428,89.84103921,86.40611476,17.131138,79.8118767,Good,1,0
78.543125,26.29167356,2596.830352,0.034212194,12.01213695,24.6959993,37.58629657,5,90,75.75064938,85.72519481,19.657219,76.58524676,Good,1,0
96.94816046,23.79167406,3721.04256,0.100397434,12.40013265,52.00918542,20.81689905,9,61.27037531,91.75547182,70.41590426,13.46395,62.60063692,Warning,2,0
81.46248634,20.61776929,2850.014171,0.321787205,12.78180594,42.00909774,58.67629179,0,81.01859685,66,76.51301779,99.7271,79.10781068,Good,1,0
80.39954068,31.31641602,2641.034097,0.281160641,12.76572165,44.78339776,22.46191484,4,95,100,96.5,20.8457,89.9,Excellent,0,0
86.57035045,31.40757349,2340.09633,0.089093101,12.71793928,56.11062018,32.57075418,0,100,100,100,99.67958,100,Excellent,0,0
110.4488002,40.20475655,2459.554371,0.035664625,12.52114661,24.14259542,24.62613999,4,65,96.74729749,74.52418925,16.85328,76.06397305,Warning,2,0
64.89465688,25.98996979,3543.673669,0.096908749,12.68960132,27.85564999,24.63997985,2,100,100,100,20.138336,96,Excellent,0,0
96.5478534,31.77660354,2502.964281,0.177867089,12.94923525,43.97497654,30.47848884,4,81.90429321,100,87.33300525,16.85328,84.39980315,Good,1,0
56.60243258,31.87627548,2184.002183,0.193133443,12.57000904,47.09248804,41.3615016,7,80,98.7628728,85.62886184,20.138336,77.12989166,Good,1,0
88.25909737,28.47697463,2048.394268,0.024152486,11.66511906,27.48089789,47.90531445,2,100,57.12193086,87.13657926,17.09106,79.70633373,Good,1,0
108.6262424,34.46600153,2056.987877,0.116067956,12.18858672,65.7929535,31.13831828,0,80,83.0292021,80.90876063,99.692085,85.1510968,Good,1,0
92.33002787,34.65137512,1378.323203,0.465712509,12.67854803,41.64878054,24.89856446,1,84.29244364,100,89.00471055,24.402285,91.40282633,Good,1,0
87.55937618,31.96446657,1899.699753,0.724351767,12.14916163,41.56364788,39.78639317,7,60,81.40291709,66.42087513,3.189218,62.1331085,Warning,2,0
76.59325797,28.46616177,3698.736221,0.740805772,13.04804246,55.6531758,40.07963579,5,70,100,79,19.137293,77.4,Good,1,0
85.46570801,27.85481935,2334.720592,0.021515937,12.37472807,47.42183448,37.40376336,9,80,90.70753284,83.21225985,13.244349,70.06886248,Good,1,0
81.21905777,21.79347661,3063.529335,0.658162186,12.43409951,66.74953626,37.75739813,8,47.17390643,93.15660473,60.96871592,2.2724092,59.2125505,Warning,2,0
73.21035088,25.16449333,516.9947857,0.397635468,12.84989768,31.33154924,33.87433554,1,93.49096877,100,95.44367814,19.137293,95.26620688,Excellent,0,0
80.65186577,26.26795486,2954.649047,0.260475244,12.32686004,22.05226806,35.98150855,7,80,88.73297669,82.61989301,15.555536,73.31853114,Good,1,0
87.97571741,23.25616943,2370.917837,0.165050496,12.47051081,43.80424872,33.18348871,0,93.0246777,94.65857109,93.51484572,99.66449,95.04062165,Excellent,0,0
73.49174397,32.6395438,2114.847982,0.068927866,12.75964939,51.20472346,45.70243727,0,100,97.61171328,99.28351398,99.671844,99.09245105,Excellent,0,0
72.90577269,37.17976721,2644.767966,0.223123176,11.81109175,25.18488112,57.28459501,7,80,33.45753484,66.03726045,6.3518047,52.31386324,Warning,2,0
64.59634844,24.55162541,2103.339797,0.031365125,12.28588074,22.24492877,36.79653152,4,93.20650162,87.04258032,91.35732523,20.411087,84.2229112,Excellent,0,0
90.86087539,31.70064861,800.9000641,0.015775761,12.73166132,53.64595565,34.93427752,9,78.27824922,100,84.79477445,16.85328,72.87686467,Good,1,0
93.17984893,23.79533316,3237.798353,0.628931537,12.42624006,34.84438865,37.55861366,0,68.82163479,92.83240245,76.02486509,99.74547,84.18139954,Good,1,0
88.47490666,28.17046697,2694.414049,0.069851077,12.98693352,20.94976566,28.42078199,5,90,100,93,19.047188,85.8,Excellent,0,0
99.47755739,25.85802252,2248.846036,0.581700241,11.76963066,69.30682585,42.64978371,3,62.26486913,67,63.68540839,10.343731,65.61124504,Warning,2,0
86.31801456,33.61137389,1727.051702,0.044683906,11.72399929,37.36410654,39.41176409,9,80,67,76.1,6.121242,61.06,Good,1,0
90.88016406,25.92727096,1324.113987,0.075046961,12.70787461,72.99623208,30.79529792,6,83.23967188,100,88.26777032,13.631678,80.96066219,Good,1,0
89.55756138,36.06996248,2679.114166,0.051896453,12.74632289,50.56941582,44.02066819,7,80,100,86,16.85328,77.6,Good,1,0
83.62689971,28.52567536,3790.752768,0.13575813,12.3227,55.89517724,35.18989768,2,100,88.56137489,96.56841247,19.392086,91.65332246,Excellent,0,0
77.03767258,26.10237774,2662.533181,0.486159141,12.56015776,45.77000508,25.29943362,8,67.58939063,98.3565076,76.81952572,25.280869,69.76301695,Good,1,0
118.2122892,22.48016843,1393.790715,0.588381022,12.69808279,0,38.51604445,8,20.69527223,100,44.48669056,1.9827545,50.69201434,Critical,3,1
