Vehicle_ID,Engine_Health,Battery_Health,Vehicle_Health,ML_Health_Score,Trip_Readiness,Failure_Probability,Failure_Risk_Percentage,Urgency,Remaining_Useful_Life_Cycles,Remaining_Useful_Life_KM,Top_Risk_Sensor,Top_Risk_SHAP_Value,Affected_System,Recommended_Action,Reason,Book_Service_Within_Days,Maintenance_Priority,Prediction_Timestamp
Vehicle_0001,80.0,77.73092292025788,79.31927687607737,14.650763,65.137750709698,0.0004,0.0%,LOW,124,2480,temperature,-6.0787,Cooling system,Inspect coolant level and radiator,temperature signal is elevated (SHAP=-6.079),31,Low,2026-06-28 20:56:19
Vehicle_0002,80.0,100.0,86.0,19.137293,89.6,0.0002,0.0%,LOW,124,2480,temperature,-3.7461,Cooling system,Inspect coolant level and radiator,temperature signal is elevated (SHAP=-3.746),31,Low,2026-06-28 20:56:19
Vehicle_0003,87.4864641258063,100.0,91.2405248880644,14.506186,90.74431493283863,0.0003,0.0%,LOW,124,2480,temperature,-3.831,Cooling system,Inspect coolant level and radiator,temperature signal is elevated (SHAP=-3.831),31,Low,2026-06-28 20:56:19
Vehicle_0004,46.553139660643,100.0,62.587197762450096,2.3267925,59.55231865747005,0.0059,0.6%,LOW,124,2480,temperature,-6.493,Cooling system,Inspect coolant level and radiator,temperature signal is elevated (SHAP=-6.493),31,Low,2026-06-28 20:56:19
Vehicle_0005,66.28500285735214,100.0,76.3995020001465,24.863546,79.83970120008789,0.0002,0.0%,LOW,124,2480,temperature,-3.7461,Cooling system,Inspect coolant level and radiator,temperature signal is elevated (SHAP=-3.746),31,Low,2026-06-28 20:56:19
Vehicle_0006,70.83045690110129,78.99816133219389,73.28076823042906,25.600946,69.76809320469621,0.0002,0.0%,LOW,124,2480,temperature,-3.7627,Cooling system,Inspect coolant level and radiator,temperature signal is elevated (SHAP=-3.763),31,Low,2026-06-28 20:56:19
Vehicle_0007,75.0,100.0,82.5,21.381533,81.5,0.0002,0.0%,LOW,124,2480,temperature,-3.7763,Cooling system,Inspect coolant level and radiator,temperature signal is elevated (SHAP=-3.776),31,Low,2026-06-28 20:56:19
Vehicle_0008,93.33765371482272,67.5691566730481,85.60710460229032,19.30874,80.87809409598381,0.0002,0.0%,LOW,124,2480,temperature,-3.7912,Cooling system,Inspect coolant level and radiator,temperature signal is elevated (SHAP=-3.791),31,Low,2026-06-28 20:56:19
Vehicle_0009,90.0,100.0,93.0,12.938285,85.8,0.0003,0.0%,LOW,124,2480,temperature,-3.8394,Cooling system,Inspect coolant level and radiator,temperature signal is elevated (SHAP=-3.839),31,Low,2026-06-28 20:56:19
Vehicle_0010,80.0,81.33794808272485,80.40138442481745,13.831579,70.50842027143544,0.0003,0.0%,LOW,124,2480,temperature,-5.8089,Cooling system,Inspect coolant level and radiator,temperature signal is elevated (SHAP=-5.809),31,Low,2026-06-28 20:56:19
Vehicle_0011,73.2690529473652,76.4000476464513,74.20835135709103,99.580505,79.80502034354488,0.0002,0.0%,LOW,124,2480,temperature,-3.7882,Cooling system,Inspect coolant level and radiator,temperature signal is elevated (SHAP=-3.788),31,Low,2026-06-28 20:56:19
Vehicle_0012,66.66624193713156,100.0,76.66636935599209,16.85328,69.99982161359526,0.0005,0.1%,LOW,124,2480,temperature,-5.9391,Cooling system,Inspect coolant level and radiator,temperature signal is elevated (SHAP=-5.939),31,Low,2026-06-28 20:56:19
Vehicle_0013,100.0,100.0,100.0,19.392086,98.0,0.0003,0.0%,LOW,124,2480,temperature,-3.8394,Cooling system,Inspect coolant level and radiator,temperature signal is elevated (SHAP=-3.839),31,Low,2026-06-28 20:56:19
Vehicle_0014,60.0,66.0,61.8,1.3866603,52.28,0.0143,1.4%,LOW,123,2460,temperature,-6.553,Cooling system,Inspect coolant level and radiator,temperature signal is elevated (SHAP=-6.553),30,Low,2026-06-28 20:56:19
Vehicle_0015,57.366893097003015,95.29518816676412,68.74538161793134,5.7611647,62.30626660411163,0.0005,0.1%,LOW,124,2480,temperature,-6.0197,Cooling system,Inspect coolant level and radiator,temperature signal is elevated (SHAP=-6.020),31,Low,2026-06-28 20:56:19
Vehicle_0016,60.0,93.92729547193248,70.17818864157974,7.2017136,62.89237227933434,0.0004,0.0%,LOW,124,2480,temperature,-5.9665,Cooling system,Inspect coolant level and radiator,temperature signal is elevated (SHAP=-5.966),31,Low,2026-06-28 20:56:19
Vehicle_0017,83.93747647752502,100.0,88.75623353426752,13.435298,81.25374012056051,0.0002,0.0%,LOW,124,2480,temperature,-3.823,Cooling system,Inspect coolant level and radiator,temperature signal is elevated (SHAP=-3.823),31,Low,2026-06-28 20:56:19
Vehicle_0018,80.0,96.76210724603366,85.0286321738101,15.246505,72.36960075349279,0.0005,0.1%,LOW,124,2480,temperature,-5.8886,Cooling system,Inspect coolant level and radiator,temperature signal is elevated (SHAP=-5.889),31,Low,2026-06-28 20:56:19
Vehicle_0019,63.64649096078182,100.0,74.55254367254727,16.54427,68.73152620352836,0.0005,0.1%,LOW,124,2480,temperature,-6.0354,Cooling system,Inspect coolant level and radiator,temperature signal is elevated (SHAP=-6.035),31,Low,2026-06-28 20:56:19
Vehicle_0020,65.0,75.72142791058675,68.21642837317603,11.028129,64.07414260602297,0.0002,0.0%,LOW,124,2480,temperature,-3.8685,Cooling system,Inspect coolant level and radiator,temperature signal is elevated (SHAP=-3.869),31,Low,2026-06-28 20:56:19
Vehicle_0021,80.0,100.0,86.0,19.783419,75.6,0.0005,0.1%,LOW,124,2480,temperature,-5.9396,Cooling system,Inspect coolant level and radiator,temperature signal is elevated (SHAP=-5.940),31,Low,2026-06-28 20:56:19
Vehicle_0022,94.6424927608209,46.96384438571364,80.33889824828873,21.291887,71.59610782611597,0.0002,0.0%,LOW,124,2480,temperature,-3.7209,Cooling system,Inspect coolant level and radiator,temperature signal is elevated (SHAP=-3.721),31,Low,2026-06-28 20:56:19
Vehicle_0023,60.0,89.58398766107464,68.8751962983224,2.3858488,63.241915311208366,0.0084,0.8%,LOW,123,2460,temperature,-6.5682,Cooling system,Inspect coolant level and radiator,temperature signal is elevated (SHAP=-6.568),30,Low,2026-06-28 20:56:19
Vehicle_0024,80.0,60.5561306543389,74.16683919630167,6.121242,58.61132964864878,0.0004,0.0%,LOW,124,2480,temperature,-6.0458,Cooling system,Inspect coolant level and radiator,temperature signal is elevated (SHAP=-6.046),31,Low,2026-06-28 20:56:19
Vehicle_0025,72.51054715160383,96.31558329048062,79.65205799326687,22.15603,75.05435145405625,0.0002,0.0%,LOW,124,2480,temperature,-3.7957,Cooling system,Inspect coolant level and radiator,temperature signal is elevated (SHAP=-3.796),31,Low,2026-06-28 20:56:19
Vehicle_0026,80.52363021231761,100.0,86.36654114862233,24.402285,89.8199246891734,0.0002,0.0%,LOW,124,2480,temperature,-3.7557,Cooling system,Inspect coolant level and radiator,temperature signal is elevated (SHAP=-3.756),31,Low,2026-06-28 20:56:19
Vehicle_0027,94.03072443339954,83.92760109787507,90.9997874327422,17.961098,87.38539267922033,0.0002,0.0%,LOW,124,2480,temperature,-3.8183,Cooling system,Inspect coolant level and radiator,temperature signal is elevated (SHAP=-3.818),31,Low,2026-06-28 20:56:19
Vehicle_0028,69.03667806907765,92.54090909189688,76.08794737592342,17.470497,82.16095024393343,0.0002,0.0%,LOW,124,2480,temperature,-3.7843,Cooling system,Inspect coolant level and radiator,temperature signal is elevated (SHAP=-3.784),31,Low,2026-06-28 20:56:19
Vehicle_0029,87.61802165212035,100.0,91.33261515648424,17.470497,84.79956909389054,0.0002,0.0%,LOW,124,2480,temperature,-3.8272,Cooling system,Inspect coolant level and radiator,temperature signal is elevated (SHAP=-3.827),31,Low,2026-06-28 20:56:19
Vehicle_0030,92.07536990976352,45.838016890017485,78.20416400383971,17.09106,68.09010178030732,0.0002,0.0%,LOW,124,2480,temperature,-3.8637,Cooling system,Inspect coolant level and radiator,temperature signal is elevated (SHAP=-3.864),31,Low,2026-06-28 20:56:19
Vehicle_0031,30.0,83.13517704462089,45.940553113386265,2.0158052,48.19136727695594,0.9987,99.9%,CRITICAL,5,100,temperature,4.5965,Cooling system,Inspect coolant level and radiator,temperature signal is rapidly deteriorating (SHAP=4.596),1,Immediate,2026-06-28 20:56:19
Vehicle_0032,100.0,97.76450837800206,99.32935251340062,19.392086,95.15051318364078,0.0003,0.0%,LOW,124,2480,temperature,-3.8097,Cooling system,Inspect coolant level and radiator,temperature signal is elevated (SHAP=-3.810),31,Low,2026-06-28 20:56:19
Vehicle_0033,100.0,67.0,90.1,19.657219,85.46,0.0002,0.0%,LOW,124,2480,temperature,-3.8183,Cooling system,Inspect coolant level and radiator,temperature signal is elevated (SHAP=-3.818),31,Low,2026-06-28 20:56:19
Vehicle_0034,85.0,75.63265986426296,82.18979795927888,19.30874,72.44041074841992,0.0002,0.0%,LOW,124,2480,temperature,-3.8049,Cooling system,Inspect coolant level and radiator,temperature signal is elevated (SHAP=-3.805),31,Low,2026-06-28 20:56:19
Vehicle_0035,91.52061732273512,100.0,94.06443212591458,16.85328,94.43865927554874,0.0003,0.0%,LOW,124,2480,temperature,-3.8586,Cooling system,Inspect coolant level and radiator,temperature signal is elevated (SHAP=-3.859),31,Low,2026-06-28 20:56:20
Vehicle_0036,60.0,100.0,72.0,2.515155,65.19999999999999,0.0098,1.0%,LOW,123,2460,temperature,-6.5959,Cooling system,Inspect coolant level and radiator,temperature signal is elevated (SHAP=-6.596),30,Low,2026-06-28 20:56:20
Vehicle_0037,91.53759677748106,97.92625075160664,93.45419296971872,99.74526,95.65776593215256,0.0002,0.0%,LOW,124,2480,temperature,-3.7406,Cooling system,Inspect coolant level and radiator,temperature signal is elevated (SHAP=-3.741),31,Low,2026-06-28 20:56:20
Vehicle_0038,75.0,100.0,82.5,19.137293,81.5,0.0002,0.0%,LOW,124,2480,temperature,-3.757,Cooling system,Inspect coolant level and radiator,temperature signal is elevated (SHAP=-3.757),31,Low,2026-06-28 20:56:20
Vehicle_0039,60.31492732597059,61.29921986795418,60.61021508856567,1.8435776,50.62597302673024,0.007,0.7%,LOW,124,2480,temperature,-6.3898,Cooling system,Inspect coolant level and radiator,temperature signal is elevated (SHAP=-6.390),31,Low,2026-06-28 20:56:20
Vehicle_0040,80.48221636525898,78.03581888241527,79.74829712040585,13.129557,73.45614204872656,0.0002,0.0%,LOW,124,2480,temperature,-3.8394,Cooling system,Inspect coolant level and radiator,temperature signal is elevated (SHAP=-3.839),31,Low,2026-06-28 20:56:20
Vehicle_0041,66.66512369510463,86.5417138041299,72.62810072781221,16.134876,64.8852031975133,0.0004,0.0%,LOW,124,2480,temperature,-6.0912,Cooling system,Inspect coolant level and radiator,temperature signal is elevated (SHAP=-6.091),31,Low,2026-06-28 20:56:20
Vehicle_0042,88.70537195084415,93.66090926821455,90.19203314605528,16.54427,84.84740174127609,0.0002,0.0%,LOW,124,2480,temperature,-3.8296,Cooling system,Inspect coolant level and radiator,temperature signal is elevated (SHAP=-3.830),31,Low,2026-06-28 20:56:20
Vehicle_0043,80.0,81.31588862413892,80.39476658724168,17.475641,70.5000376771728,0.0003,0.0%,LOW,124,2480,temperature,-5.8089,Cooling system,Inspect coolant level and radiator,temperature signal is elevated (SHAP=-5.809),31,Low,2026-06-28 20:56:20
Vehicle_0044,80.0,100.0,86.0,17.713797,77.6,0.0004,0.0%,LOW,124,2480,temperature,-5.7998,Cooling system,Inspect coolant level and radiator,temperature signal is elevated (SHAP=-5.800),31,Low,2026-06-28 20:56:20
Vehicle_0045,76.9004179676339,100.0,83.83029257734373,19.392086,80.29817554640624,0.0003,0.0%,LOW,124,2480,temperature,-3.8233,Cooling system,Inspect coolant level and radiator,temperature signal is elevated (SHAP=-3.823),31,Low,2026-06-28 20:56:20
Vehicle_0046,96.13595739611712,100.0,97.295170177282,19.392086,96.3771021063692,0.0003,0.0%,LOW,124,2480,temperature,-3.8202,Cooling system,Inspect coolant level and radiator,temperature signal is elevated (SHAP=-3.820),31,Low,2026-06-28 20:56:20
Vehicle_0047,63.85713666155431,85.01620543231526,70.20485729278259,6.8177643,61.1261554621326,0.0004,0.0%,LOW,124,2480,temperature,-6.094,Cooling system,Inspect coolant level and radiator,temperature signal is elevated (SHAP=-6.094),31,Low,2026-06-28 20:56:20
Vehicle_0048,100.0,76.01272835047605,92.8038185051428,99.68493,90.8848367731809,0.0002,0.0%,LOW,124,2480,temperature,-3.8302,Cooling system,Inspect coolant level and radiator,temperature signal is elevated (SHAP=-3.830),31,Low,2026-06-28 20:56:20
Vehicle_0049,89.63259310784315,93.58458584528138,90.81819092907462,16.85328,87.20783172650104,0.0003,0.0%,LOW,124,2480,temperature,-3.8586,Cooling system,Inspect coolant level and radiator,temperature signal is elevated (SHAP=-3.859),31,Low,2026-06-28 20:56:20
Vehicle_0050,78.04903082142889,100.0,84.63432157500021,17.713797,78.78059294500014,0.0003,0.0%,LOW,124,2480,temperature,-3.8009,Cooling system,Inspect coolant level and radiator,temperature signal is elevated (SHAP=-3.801),31,Low,2026-06-28 20:56:20
Vehicle_0051,80.0,97.17164163514016,85.15149249054204,19.392086,76.52522382135325,0.0004,0.0%,LOW,124,2480,temperature,-5.8142,Cooling system,Inspect coolant level and radiator,temperature signal is elevated (SHAP=-5.814),31,Low,2026-06-28 20:56:20
Vehicle_0052,57.445636959335744,77.0671651108495,63.33209540478987,3.8787603,63.41269026504382,0.0002,0.0%,LOW,124,2480,temperature,-4.0526,Cooling system,Inspect coolant level and radiator,temperature signal is elevated (SHAP=-4.053),31,Low,2026-06-28 20:56:20
Vehicle_0053,95.0,98.77345290850666,96.132035872552,20.457024,89.43391210523254,0.0003,0.0%,LOW,124,2480,temperature,-3.8399,Cooling system,Inspect coolant level and radiator,temperature signal is elevated (SHAP=-3.840),31,Low,2026-06-28 20:56:20
Vehicle_0054,95.0,73.8429120155781,88.65287360467343,19.657219,79.96030656591968,0.0002,0.0%,LOW,124,2480,temperature,-3.8296,Cooling system,Inspect coolant level and radiator,temperature signal is elevated (SHAP=-3.830),31,Low,2026-06-28 20:56:20
Vehicle_0055,80.0,100.0,86.0,19.392086,73.6,0.0005,0.1%,LOW,124,2480,temperature,-5.9307,Cooling system,Inspect coolant level and radiator,temperature signal is elevated (SHAP=-5.931),31,Low,2026-06-28 20:56:20
Vehicle_0056,100.0,37.69592540912983,81.30877762273894,17.715132,70.32445165546933,0.0002,0.0%,LOW,124,2480,temperature,-3.8195,Cooling system,Inspect coolant level and radiator,temperature signal is elevated (SHAP=-3.820),31,Low,2026-06-28 20:56:20
Vehicle_0057,80.0,100.0,86.0,19.392086,75.6,0.0005,0.1%,LOW,124,2480,temperature,-5.9253,Cooling system,Inspect coolant level and radiator,temperature signal is elevated (SHAP=-5.925),31,Low,2026-06-28 20:56:20
Vehicle_0058,60.0,100.0,72.0,99.43082,83.19999999999999,0.0033,0.3%,LOW,124,2480,fault_count,-6.2295,ECU fault logs,Review and clear fault codes,fault_count signal is elevated (SHAP=-6.229),31,Low,2026-06-28 20:56:20
Vehicle_0059,75.5906964293566,68.94664443125149,73.59748082992506,21.44745,65.94781738420534,0.0002,0.0%,LOW,124,2480,temperature,-3.8911,Cooling system,Inspect coolant level and radiator,temperature signal is elevated (SHAP=-3.891),31,Low,2026-06-28 20:56:20
Vehicle_0060,59.72216357588559,95.0059471606094,70.30729865130273,3.5469651,69.18556862290352,0.0004,0.0%,LOW,124,2480,temperature,-4.0802,Cooling system,Inspect coolant level and radiator,temperature signal is elevated (SHAP=-4.080),31,Low,2026-06-28 20:56:20
Vehicle_0061,70.27189016603963,100.0,79.19032311622775,19.392086,75.51419386973664,0.0003,0.0%,LOW,124,2480,temperature,-3.8285,Cooling system,Inspect coolant level and radiator,temperature signal is elevated (SHAP=-3.829),31,Low,2026-06-28 20:56:20
Vehicle_0062,95.0,43.41790875770232,79.5253726273107,16.708267,68.39880532792688,0.0002,0.0%,LOW,124,2480,temperature,-3.8666,Cooling system,Inspect coolant level and radiator,temperature signal is elevated (SHAP=-3.867),31,Low,2026-06-28 20:56:20
Vehicle_0063,65.0,69.35314811243292,66.30594443372988,6.005245,61.654196282724506,0.0002,0.0%,LOW,124,2480,temperature,-3.8685,Cooling system,Inspect coolant level and radiator,temperature signal is elevated (SHAP=-3.869),31,Low,2026-06-28 20:56:20
Vehicle_0064,87.41333005922166,99.0962610378603,90.91820935281324,12.938285,86.37017781926002,0.0003,0.0%,LOW,124,2480,temperature,-3.8473,Cooling system,Inspect coolant level and radiator,temperature signal is elevated (SHAP=-3.847),31,Low,2026-06-28 20:56:20
Vehicle_0065,78.66320260621436,100.0,85.06424182435005,14.993679,81.03854509461003,0.0003,0.0%,LOW,124,2480,temperature,-3.8191,Cooling system,Inspect coolant level and radiator,temperature signal is elevated (SHAP=-3.819),31,Low,2026-06-28 20:56:20
Vehicle_0066,66.19958294400226,78.78306733418981,69.97462826105851,8.109415,61.74139042347307,0.0004,0.0%,LOW,124,2480,temperature,-6.1198,Cooling system,Inspect coolant level and radiator,temperature signal is elevated (SHAP=-6.120),31,Low,2026-06-28 20:56:20
Vehicle_0067,85.0,79.65765517672828,83.39729655301848,19.30874,73.96990896715674,0.0002,0.0%,LOW,124,2480,temperature,-3.8296,Cooling system,Inspect coolant level and radiator,temperature signal is elevated (SHAP=-3.830),31,Low,2026-06-28 20:56:20
Vehicle_0068,80.0,75.41902953527642,78.62570886058293,19.657219,68.25923122340504,0.0003,0.0%,LOW,124,2480,temperature,-5.9135,Cooling system,Inspect coolant level and radiator,temperature signal is elevated (SHAP=-5.913),31,Low,2026-06-28 20:56:20
Vehicle_0069,53.53461600088177,90.35106801267156,64.5795516044187,2.456969,58.81794456518553,0.0052,0.5%,LOW,124,2480,temperature,-6.4864,Cooling system,Inspect coolant level and radiator,temperature signal is elevated (SHAP=-6.486),31,Low,2026-06-28 20:56:20
Vehicle_0070,85.84848237716447,72.01800263351969,81.69933845407104,25.600946,79.42320359914656,0.0002,0.0%,LOW,124,2480,temperature,-3.741,Cooling system,Inspect coolant level and radiator,temperature signal is elevated (SHAP=-3.741),31,Low,2026-06-28 20:56:20
Vehicle_0071,90.0,88.50332818451066,89.5509984553532,20.138336,81.43126471011405,0.0002,0.0%,LOW,124,2480,temperature,-3.8049,Cooling system,Inspect coolant level and radiator,temperature signal is elevated (SHAP=-3.805),31,Low,2026-06-28 20:56:20
Vehicle_0072,71.23406002555531,90.66683200981704,77.06389162083383,20.138336,72.37170137446371,0.0003,0.0%,LOW,124,2480,temperature,-3.7995,Cooling system,Inspect coolant level and radiator,temperature signal is elevated (SHAP=-3.800),31,Low,2026-06-28 20:56:20
Vehicle_0073,65.0,100.0,75.5,19.392086,73.3,0.0003,0.0%,LOW,124,2480,temperature,-3.7979,Cooling system,Inspect coolant level and radiator,temperature signal is elevated (SHAP=-3.798),31,Low,2026-06-28 20:56:20
Vehicle_0074,95.08517767838708,100.0,96.55962437487096,17.86177,95.93577462492256,0.0002,0.0%,LOW,124,2480,temperature,-3.823,Cooling system,Inspect coolant level and radiator,temperature signal is elevated (SHAP=-3.823),31,Low,2026-06-28 20:56:20
Vehicle_0075,80.0,99.29157108391824,85.78747132517547,19.392086,77.33079701188893,0.0004,0.0%,LOW,124,2480,temperature,-5.8112,Cooling system,Inspect coolant level and radiator,temperature signal is elevated (SHAP=-5.811),31,Low,2026-06-28 20:56:20
Vehicle_0076,78.41831849695598,85.10989051462253,80.42579010225595,19.657219,83.27745216427807,0.0002,0.0%,LOW,124,2480,temperature,-3.8,Cooling system,Inspect coolant level and radiator,temperature signal is elevated (SHAP=-3.800),31,Low,2026-06-28 20:56:20
Vehicle_0077,95.0,100.0,96.5,19.392086,89.9,0.0003,0.0%,LOW,124,2480,temperature,-3.8482,Cooling system,Inspect coolant level and radiator,temperature signal is elevated (SHAP=-3.848),31,Low,2026-06-28 20:56:20
Vehicle_0078,80.0,100.0,86.0,17.233616,77.6,0.0004,0.0%,LOW,124,2480,temperature,-5.8379,Cooling system,Inspect coolant level and radiator,temperature signal is elevated (SHAP=-5.838),31,Low,2026-06-28 20:56:20
Vehicle_0079,71.23228818097991,100.0,79.86260172668594,17.713797,83.91756103601156,0.0003,0.0%,LOW,124,2480,temperature,-3.8009,Cooling system,Inspect coolant level and radiator,temperature signal is elevated (SHAP=-3.801),31,Low,2026-06-28 20:56:20
Vehicle_0080,92.93801724625958,93.3945914245228,93.07498949973854,24.402285,92.52391198474768,0.0002,0.0%,LOW,124,2480,temperature,-3.732,Cooling system,Inspect coolant level and radiator,temperature signal is elevated (SHAP=-3.732),31,Low,2026-06-28 20:56:20
Vehicle_0081,81.29674287327765,70.33526097862934,78.00829830488316,17.09106,68.87203117865576,0.0002,0.0%,LOW,124,2480,temperature,-3.926,Cooling system,Inspect coolant level and radiator,temperature signal is elevated (SHAP=-3.926),31,Low,2026-06-28 20:56:20
Vehicle_0082,100.0,67.95298346082915,90.38589503824876,17.09106,83.82213371511507,0.0002,0.0%,LOW,124,2480,temperature,-3.8296,Cooling system,Inspect coolant level and radiator,temperature signal is elevated (SHAP=-3.830),31,Low,2026-06-28 20:56:20
Vehicle_0083,72.31180200640574,88.2237811398695,77.08539574644487,19.701874,67.89599367584083,0.0004,0.0%,LOW,124,2480,temperature,-5.9797,Cooling system,Inspect coolant level and radiator,temperature signal is elevated (SHAP=-5.980),31,Low,2026-06-28 20:56:20
Vehicle_0084,78.72803378046105,82.92909603559231,79.98835245700042,21.639776,68.57883068131872,0.0004,0.0%,LOW,124,2480,temperature,-6.0301,Cooling system,Inspect coolant level and radiator,temperature signal is elevated (SHAP=-6.030),31,Low,2026-06-28 20:56:20
Vehicle_0085,100.0,58.484715730307016,87.54541471909211,19.657219,78.22419197751667,0.0002,0.0%,LOW,124,2480,temperature,-3.8072,Cooling system,Inspect coolant level and radiator,temperature signal is elevated (SHAP=-3.807),31,Low,2026-06-28 20:56:20
Vehicle_0086,75.39082557643255,100.0,82.77357790350278,19.392086,75.66414674210168,0.0004,0.0%,LOW,124,2480,temperature,-5.8384,Cooling system,Inspect coolant level and radiator,temperature signal is elevated (SHAP=-5.838),31,Low,2026-06-28 20:56:20
Vehicle_0087,100.0,100.0,100.0,19.392086,96.0,0.0003,0.0%,LOW,124,2480,temperature,-3.8586,Cooling system,Inspect coolant level and radiator,temperature signal is elevated (SHAP=-3.859),31,Low,2026-06-28 20:56:20
Vehicle_0088,80.0,89.1292601782738,82.73877805348214,19.392086,69.46911886774404,0.0004,0.0%,LOW,124,2480,temperature,-5.8941,Cooling system,Inspect coolant level and radiator,temperature signal is elevated (SHAP=-5.894),31,Low,2026-06-28 20:56:20
Vehicle_0089,95.57760023282272,71.81338091301326,88.44833443687989,19.657219,83.43167684473059,0.0002,0.0%,LOW,124,2480,temperature,-3.8,Cooling system,Inspect coolant level and radiator,temperature signal is elevated (SHAP=-3.800),31,Low,2026-06-28 20:56:21
Vehicle_0090,74.39871498678586,100.0,82.07910049075011,20.407671,73.24746029445006,0.0005,0.1%,LOW,124,2480,temperature,-5.8842,Cooling system,Inspect coolant level and radiator,temperature signal is elevated (SHAP=-5.884),31,Low,2026-06-28 20:56:21
Vehicle_0091,63.61382769812697,90.94060448788748,71.81186073505512,11.685449,67.27523733861057,0.0004,0.0%,LOW,124,2480,temperature,-5.9693,Cooling system,Inspect coolant level and radiator,temperature signal is elevated (SHAP=-5.969),31,Low,2026-06-28 20:56:21
Vehicle_0092,100.0,67.0,90.1,17.09106,81.46,0.0002,0.0%,LOW,124,2480,temperature,-3.8296,Cooling system,Inspect coolant level and radiator,temperature signal is elevated (SHAP=-3.830),31,Low,2026-06-28 20:56:21
Vehicle_0093,80.0,100.0,86.0,20.138336,75.6,0.0006,0.1%,LOW,124,2480,temperature,-5.9313,Cooling system,Inspect coolant level and radiator,temperature signal is elevated (SHAP=-5.931),31,Low,2026-06-28 20:56:21
Vehicle_0094,85.0,100.0,89.5,19.392086,81.69999999999999,0.0003,0.0%,LOW,124,2480,temperature,-3.8314,Cooling system,Inspect coolant level and radiator,temperature signal is elevated (SHAP=-3.831),31,Low,2026-06-28 20:56:21
Vehicle_0095,85.0,54.021041835702505,75.70631255071075,14.256514,64.22799589756696,0.0002,0.0%,LOW,124,2480,temperature,-3.9682,Cooling system,Inspect coolant level and radiator,temperature signal is elevated (SHAP=-3.968),31,Low,2026-06-28 20:56:21
Vehicle_0096,100.0,44.14484840480708,83.24345452144212,17.715132,72.77504239382668,0.0002,0.0%,LOW,124,2480,temperature,-3.7843,Cooling system,Inspect coolant level and radiator,temperature signal is elevated (SHAP=-3.784),31,Low,2026-06-28 20:56:21
Vehicle_0097,100.0,53.86987010046833,86.1609610301405,19.657219,78.47055063817797,0.0002,0.0%,LOW,124,2480,temperature,-3.8072,Cooling system,Inspect coolant level and radiator,temperature signal is elevated (SHAP=-3.807),31,Low,2026-06-28 20:56:21
Vehicle_0098,85.0,100.0,89.5,20.138336,81.69999999999999,0.0003,0.0%,LOW,124,2480,temperature,-3.8097,Cooling system,Inspect coolant level and radiator,temperature signal is elevated (SHAP=-3.810),31,Low,2026-06-28 20:56:21
Vehicle_0099,67.09889526163909,83.24018135370119,71.94128108925771,99.74884,79.81280492429487,0.0002,0.0%,LOW,124,2480,temperature,-3.732,Cooling system,Inspect coolant level and radiator,temperature signal is elevated (SHAP=-3.732),31,Low,2026-06-28 20:56:21
Vehicle_0100,83.77426607718226,78.01965861743004,82.04788383925658,25.600946,78.83266202703996,0.0002,0.0%,LOW,124,2480,temperature,-3.76,Cooling system,Inspect coolant level and radiator,temperature signal is elevated (SHAP=-3.760),31,Low,2026-06-28 20:56:21
Vehicle_0101,100.0,100.0,100.0,19.392086,98.0,0.0003,0.0%,LOW,124,2480,temperature,-3.8394,Cooling system,Inspect coolant level and radiator,temperature signal is elevated (SHAP=-3.839),31,Low,2026-06-28 20:56:21
Vehicle_0102,60.0,84.02268084031635,67.20680425209491,99.4761,77.12861871932022,0.0002,0.0%,LOW,124,2480,temperature,-3.7694,Cooling system,Inspect coolant level and radiator,temperature signal is elevated (SHAP=-3.769),31,Low,2026-06-28 20:56:21
Vehicle_0103,80.0,100.0,86.0,99.73955,91.6,0.0002,0.0%,LOW,124,2480,temperature,-3.7272,Cooling system,Inspect coolant level and radiator,temperature signal is elevated (SHAP=-3.727),31,Low,2026-06-28 20:56:21
Vehicle_0104,87.8745329459874,73.40999169291925,83.53517057006695,99.685196,84.80310068062401,0.0002,0.0%,LOW,124,2480,temperature,-3.8255,Cooling system,Inspect coolant level and radiator,temperature signal is elevated (SHAP=-3.825),31,Low,2026-06-28 20:56:21
Vehicle_0105,70.35517691142383,44.70918613966119,62.66137967989504,10.304541,48.53866503586926,0.0004,0.0%,LOW,124,2480,temperature,-5.9551,Cooling system,Inspect coolant level and radiator,temperature signal is elevated (SHAP=-5.955),31,Low,2026-06-28 20:56:21
Vehicle_0106,80.0,100.0,86.0,18.861294,77.6,0.0004,0.0%,LOW,124,2480,temperature,-5.7817,Cooling system,Inspect coolant level and radiator,temperature signal is elevated (SHAP=-5.782),31,Low,2026-06-28 20:56:21
Vehicle_0107,60.0,95.91657852023408,70.77497355607022,5.7611647,63.64829983768895,0.0004,0.0%,LOW,124,2480,temperature,-5.958,Cooling system,Inspect coolant level and radiator,temperature signal is elevated (SHAP=-5.958),31,Low,2026-06-28 20:56:21
Vehicle_0108,94.86510848678856,100.0,96.405575940752,99.67241,97.8433455644512,0.0003,0.0%,LOW,124,2480,temperature,-3.8092,Cooling system,Inspect coolant level and radiator,temperature signal is elevated (SHAP=-3.809),31,Low,2026-06-28 20:56:21
Vehicle_0109,60.27213640873694,82.96221548479622,67.07916013155472,1.8854082,58.83993917589207,0.0067,0.7%,LOW,124,2480,temperature,-6.4371,Cooling system,Inspect coolant level and radiator,temperature signal is elevated (SHAP=-6.437),31,Low,2026-06-28 20:56:21
Vehicle_0110,90.0,78.63076250908424,86.58922875272526,20.052576,77.67968975345201,0.0002,0.0%,LOW,124,2480,temperature,-3.8213,Cooling system,Inspect coolant level and radiator,temperature signal is elevated (SHAP=-3.821),31,Low,2026-06-28 20:56:21
Vehicle_0111,72.51614393271443,100.0,80.7613007529001,21.460415,74.45678045174006,0.0004,0.0%,LOW,124,2480,temperature,-5.7704,Cooling system,Inspect coolant level and radiator,temperature signal is elevated (SHAP=-5.770),31,Low,2026-06-28 20:56:21
Vehicle_0112,80.0,67.0,76.1,12.287563,63.06,0.0004,0.0%,LOW,124,2480,temperature,-6.1023,Cooling system,Inspect coolant level and radiator,temperature signal is elevated (SHAP=-6.102),31,Low,2026-06-28 20:56:21
Vehicle_0113,100.0,74.72921525443051,92.41876457632917,17.09106,86.39710179668359,0.0002,0.0%,LOW,124,2480,temperature,-3.8586,Cooling system,Inspect coolant level and radiator,temperature signal is elevated (SHAP=-3.859),31,Low,2026-06-28 20:56:21
Vehicle_0114,73.70997001128151,100.0,81.59697900789706,25.280869,74.95818740473823,0.0004,0.0%,LOW,124,2480,temperature,-5.7681,Cooling system,Inspect coolant level and radiator,temperature signal is elevated (SHAP=-5.768),31,Low,2026-06-28 20:56:21
Vehicle_0115,85.0,100.0,89.5,17.713797,81.69999999999999,0.0003,0.0%,LOW,124,2480,temperature,-3.828,Cooling system,Inspect coolant level and radiator,temperature signal is elevated (SHAP=-3.828),31,Low,2026-06-28 20:56:21
Vehicle_0116,87.16062707300249,80.40117596932761,85.13279174190002,24.714924,79.15991023900554,0.0002,0.0%,LOW,124,2480,temperature,-3.7443,Cooling system,Inspect coolant level and radiator,temperature signal is elevated (SHAP=-3.744),31,Low,2026-06-28 20:56:21
Vehicle_0117,95.0,78.27735669403155,89.98320700820946,17.961098,81.645395543732,0.0002,0.0%,LOW,124,2480,temperature,-3.8213,Cooling system,Inspect coolant level and radiator,temperature signal is elevated (SHAP=-3.821),31,Low,2026-06-28 20:56:21
Vehicle_0118,100.0,88.2840797455297,96.4852239236589,19.392086,91.54795030330128,0.0002,0.0%,LOW,124,2480,temperature,-3.8296,Cooling system,Inspect coolant level and radiator,temperature signal is elevated (SHAP=-3.830),31,Low,2026-06-28 20:56:21
Vehicle_0119,80.0,70.3818453322819,77.11455359968457,17.09106,78.34510122626712,0.0023,0.2%,LOW,124,2480,fault_count,-6.1575,ECU fault logs,Review and clear fault codes,fault_count signal is elevated (SHAP=-6.157),31,Low,2026-06-28 20:56:21
Vehicle_0120,80.0,75.88204902056565,78.7646147061697,14.256514,64.43517862781493,0.0004,0.0%,LOW,124,2480,temperature,-6.1023,Cooling system,Inspect coolant level and radiator,temperature signal is elevated (SHAP=-6.102),31,Low,2026-06-28 20:56:21
Vehicle_0121,80.0,100.0,86.0,19.392086,77.6,0.0004,0.0%,LOW,124,2480,temperature,-5.8186,Cooling system,Inspect coolant level and radiator,temperature signal is elevated (SHAP=-5.819),31,Low,2026-06-28 20:56:21
Vehicle_0122,90.0,100.0,93.0,19.392086,85.8,0.0003,0.0%,LOW,124,2480,temperature,-3.8316,Cooling system,Inspect coolant level and radiator,temperature signal is elevated (SHAP=-3.832),31,Low,2026-06-28 20:56:21
Vehicle_0123,85.0,74.43201536217322,81.82960460865196,17.09106,71.98416583762582,0.0002,0.0%,LOW,124,2480,temperature,-3.7916,Cooling system,Inspect coolant level and radiator,temperature signal is elevated (SHAP=-3.792),31,Low,2026-06-28 20:56:21
Vehicle_0124,75.0,100.0,82.5,16.85328,81.5,0.0025,0.2%,LOW,124,2480,fault_count,-6.1384,ECU fault logs,Review and clear fault codes,fault_count signal is elevated (SHAP=-6.138),31,Low,2026-06-28 20:56:21
Vehicle_0125,84.94666262256266,99.24600454470684,89.23646519920591,16.85328,89.39108002846491,0.0002,0.0%,LOW,124,2480,temperature,-3.831,Cooling system,Inspect coolant level and radiator,temperature signal is elevated (SHAP=-3.831),31,Low,2026-06-28 20:56:21
Vehicle_0126,79.29386822551473,100.0,85.5057077578603,20.138336,73.30342465471618,0.0006,0.1%,LOW,124,2480,temperature,-5.9506,Cooling system,Inspect coolant level and radiator,temperature signal is elevated (SHAP=-5.951),31,Low,2026-06-28 20:56:21
Vehicle_0127,60.0,100.0,72.0,2.515155,65.19999999999999,0.9994,99.9%,CRITICAL,5,100,temperature,4.8395,Cooling system,Inspect coolant level and radiator,temperature signal is rapidly deteriorating (SHAP=4.840),1,Immediate,2026-06-28 20:56:21
Vehicle_0128,84.04264963934482,100.0,88.82985474754136,24.402285,89.29791284852482,0.0002,0.0%,LOW,124,2480,temperature,-3.764,Cooling system,Inspect coolant level and radiator,temperature signal is elevated (SHAP=-3.764),31,Low,2026-06-28 20:56:21
Vehicle_0129,63.1823915636068,99.62178025034854,74.11420816962932,24.863546,68.3928809518473,0.0004,0.0%,LOW,124,2480,temperature,-5.9635,Cooling system,Inspect coolant level and radiator,temperature signal is elevated (SHAP=-5.963),31,Low,2026-06-28 20:56:21
Vehicle_0130,95.0,100.0,96.5,19.047188,89.9,0.0003,0.0%,LOW,124,2480,temperature,-3.8314,Cooling system,Inspect coolant level and radiator,temperature signal is elevated (SHAP=-3.831),31,Low,2026-06-28 20:56:21
Vehicle_0131,80.0,70.51256691663171,77.15377007498951,17.208237,66.39477542832005,0.0003,0.0%,LOW,124,2480,temperature,-5.9791,Cooling system,Inspect coolant level and radiator,temperature signal is elevated (SHAP=-5.979),31,Low,2026-06-28 20:56:21
Vehicle_0132,100.0,88.19735753663801,96.4592072609914,21.096188,93.51499586392244,0.0002,0.0%,LOW,124,2480,temperature,-3.8258,Cooling system,Inspect coolant level and radiator,temperature signal is elevated (SHAP=-3.826),31,Low,2026-06-28 20:56:21
Vehicle_0133,85.94547159556788,91.10678432424577,87.49386541417124,16.85328,82.7176761133519,0.0002,0.0%,LOW,124,2480,temperature,-3.8049,Cooling system,Inspect coolant level and radiator,temperature signal is elevated (SHAP=-3.805),31,Low,2026-06-28 20:56:21
Vehicle_0134,100.0,54.72812587556784,86.41843776267035,20.411087,80.79668783271578,0.0002,0.0%,LOW,124,2480,temperature,-3.8078,Cooling system,Inspect coolant level and radiator,temperature signal is elevated (SHAP=-3.808),31,Low,2026-06-28 20:56:21
Vehicle_0135,80.0,99.07412940022604,85.72223882006782,20.138336,75.2481691720859,0.0005,0.1%,LOW,124,2480,temperature,-5.8856,Cooling system,Inspect coolant level and radiator,temperature signal is elevated (SHAP=-5.886),31,Low,2026-06-28 20:56:21
Vehicle_0136,91.48796906283044,100.0,94.0415783439813,25.280869,90.42494700638878,0.0002,0.0%,LOW,124,2480,temperature,-3.7448,Cooling system,Inspect coolant level and radiator,temperature signal is elevated (SHAP=-3.745),31,Low,2026-06-28 20:56:21
Vehicle_0137,100.0,98.22224177167396,99.46667253150218,19.392086,95.3244518732361,0.0002,0.0%,LOW,124,2480,temperature,-3.8394,Cooling system,Inspect coolant level and radiator,temperature signal is elevated (SHAP=-3.839),31,Low,2026-06-28 20:56:21
Vehicle_0138,66.57114395298427,88.83042595984796,73.24892855504338,21.837223,69.71544232499562,0.0002,0.0%,LOW,124,2480,temperature,-3.7598,Cooling system,Inspect coolant level and radiator,temperature signal is elevated (SHAP=-3.760),31,Low,2026-06-28 20:56:21
Vehicle_0139,50.0,79.6104536825554,58.88313610476662,1.2731314,53.25197239937105,0.9995,100.0%,CRITICAL,5,100,temperature,4.6658,Cooling system,Inspect coolant level and radiator,temperature signal is rapidly deteriorating (SHAP=4.666),1,Immediate,2026-06-28 20:56:21
Vehicle_0140,56.99896568547796,100.0,69.89927597983457,6.278801,75.93956558790074,0.0023,0.2%,LOW,124,2480,fault_count,-6.2192,ECU fault logs,Review and clear fault codes,fault_count signal is elevated (SHAP=-6.219),31,Low,2026-06-28 20:56:21
Vehicle_0141,77.5677170017201,97.5205914741283,83.55357934344255,20.457024,75.63626590089119,0.0004,0.0%,LOW,124,2480,temperature,-5.8059,Cooling system,Inspect coolant level and radiator,temperature signal is elevated (SHAP=-5.806),31,Low,2026-06-28 20:56:21
Vehicle_0142,66.9037280037036,65.69256318938479,66.54037855940796,8.216119,61.06273977352173,0.0002,0.0%,LOW,124,2480,temperature,-3.8776,Cooling system,Inspect coolant level and radiator,temperature signal is elevated (SHAP=-3.878),31,Low,2026-06-28 20:56:21
Vehicle_0143,75.0,88.55415556278119,79.06624666883435,26.473278,77.15057911385685,0.0002,0.0%,LOW,124,2480,temperature,-3.743,Cooling system,Inspect coolant level and radiator,temperature signal is elevated (SHAP=-3.743),31,Low,2026-06-28 20:56:21
Vehicle_0144,80.0,67.0,76.1,14.256514,63.06,0.0004,0.0%,LOW,124,2480,temperature,-6.094,Cooling system,Inspect coolant level and radiator,temperature signal is elevated (SHAP=-6.094),31,Low,2026-06-28 20:56:21
Vehicle_0145,100.0,92.3336151367328,97.70008454101983,20.8457,95.08677375195846,0.0002,0.0%,LOW,124,2480,temperature,-3.7962,Cooling system,Inspect coolant level and radiator,temperature signal is elevated (SHAP=-3.796),31,Low,2026-06-28 20:56:22
Vehicle_0146,60.0,88.47673094712317,68.54301928413695,4.526937,62.8211577599068,0.0004,0.0%,LOW,124,2480,temperature,-5.9137,Cooling system,Inspect coolant level and radiator,temperature signal is elevated (SHAP=-5.914),31,Low,2026-06-28 20:56:22
Vehicle_0147,72.37568205124782,82.27129531913695,75.34436603161456,20.146257,73.66087868279612,0.0002,0.0%,LOW,124,2480,temperature,-3.7198,Cooling system,Inspect coolant level and radiator,temperature signal is elevated (SHAP=-3.720),31,Low,2026-06-28 20:56:22
Vehicle_0148,98.08914408510284,100.0,98.66240085957196,99.563484,99.19744051574318,0.0003,0.0%,LOW,124,2480,temperature,-3.8545,Cooling system,Inspect coolant level and radiator,temperature signal is elevated (SHAP=-3.854),31,Low,2026-06-28 20:56:22
Vehicle_0149,40.0,72.67345702755514,49.80203710826655,2.0158052,46.41591367047096,0.0072,0.7%,LOW,124,2480,temperature,-6.425,Cooling system,Inspect coolant level and radiator,temperature signal is elevated (SHAP=-6.425),31,Low,2026-06-28 20:56:22
Vehicle_0150,80.0,100.0,86.0,14.993679,77.6,0.0004,0.0%,LOW,124,2480,temperature,-5.8081,Cooling system,Inspect coolant level and radiator,temperature signal is elevated (SHAP=-5.808),31,Low,2026-06-28 20:56:22
Vehicle_0151,80.0,100.0,86.0,14.993679,75.6,0.0005,0.1%,LOW,124,2480,temperature,-5.9506,Cooling system,Inspect coolant level and radiator,temperature signal is elevated (SHAP=-5.951),31,Low,2026-06-28 20:56:22
Vehicle_0152,80.0,100.0,86.0,24.863546,89.6,0.0002,0.0%,LOW,124,2480,temperature,-3.7748,Cooling system,Inspect coolant level and radiator,temperature signal is elevated (SHAP=-3.775),31,Low,2026-06-28 20:56:22
Vehicle_0153,79.67814177078353,91.22961009538687,83.14358226816452,20.481514,74.13207137997608,0.0004,0.0%,LOW,124,2480,temperature,-5.7788,Cooling system,Inspect coolant level and radiator,temperature signal is elevated (SHAP=-5.779),31,Low,2026-06-28 20:56:22
Vehicle_0154,72.61443662346628,73.03786744951509,72.74146587128092,20.665247,66.25245301267157,0.0002,0.0%,LOW,124,2480,temperature,-3.888,Cooling system,Inspect coolant level and radiator,temperature signal is elevated (SHAP=-3.888),31,Low,2026-06-28 20:56:22
Vehicle_0155,80.0,69.27597408635647,76.78279222590695,14.256514,61.924870152815465,0.0004,0.0%,LOW,124,2480,temperature,-6.1034,Cooling system,Inspect coolant level and radiator,temperature signal is elevated (SHAP=-6.103),31,Low,2026-06-28 20:56:22
Vehicle_0156,65.60496186074468,84.95939703320087,71.41129241248153,18.53739,73.83865485412909,0.0017,0.2%,LOW,124,2480,fault_count,-6.1348,ECU fault logs,Review and clear fault codes,fault_count signal is elevated (SHAP=-6.135),31,Low,2026-06-28 20:56:22
Vehicle_0157,71.40752258047682,80.4144878904205,74.10961217345992,15.822512,62.54866488216005,0.0004,0.0%,LOW,124,2480,temperature,-6.0112,Cooling system,Inspect coolant level and radiator,temperature signal is elevated (SHAP=-6.011),31,Low,2026-06-28 20:56:22
Vehicle_0158,60.51781466930828,79.8774760021908,66.32571306917303,12.315691,61.77092304194198,0.0003,0.0%,LOW,124,2480,temperature,-5.9528,Cooling system,Inspect coolant level and radiator,temperature signal is elevated (SHAP=-5.953),31,Low,2026-06-28 20:56:22
Vehicle_0159,100.0,86.36582798472446,95.90974839541734,19.657219,90.8190146341953,0.0002,0.0%,LOW,124,2480,temperature,-3.8296,Cooling system,Inspect coolant level and radiator,temperature signal is elevated (SHAP=-3.830),31,Low,2026-06-28 20:56:22
Vehicle_0160,100.0,90.06292296738617,97.01887689021584,20.138336,92.22391072760676,0.0002,0.0%,LOW,124,2480,temperature,-3.8,Cooling system,Inspect coolant level and radiator,temperature signal is elevated (SHAP=-3.800),31,Low,2026-06-28 20:56:22
Vehicle_0161,67.4804957561803,99.7559971361474,77.16314617017042,25.280869,68.24908712933173,0.0004,0.0%,LOW,124,2480,temperature,-5.9295,Cooling system,Inspect coolant level and radiator,temperature signal is elevated (SHAP=-5.929),31,Low,2026-06-28 20:56:22
Vehicle_0162,82.34511540667195,71.32636237886993,79.03948949833133,20.351988,69.68896617477279,0.0002,0.0%,LOW,124,2480,temperature,-3.7877,Cooling system,Inspect coolant level and radiator,temperature signal is elevated (SHAP=-3.788),31,Low,2026-06-28 20:56:22
Vehicle_0163,70.0,80.49297736380467,73.1478932091414,17.09106,77.98733139824577,0.0022,0.2%,LOW,124,2480,fault_count,-6.1555,ECU fault logs,Review and clear fault codes,fault_count signal is elevated (SHAP=-6.155),31,Low,2026-06-28 20:56:22
Vehicle_0164,80.0,89.11541063342906,82.73462319002871,24.863546,85.46385604070304,0.0002,0.0%,LOW,124,2480,temperature,-3.7435,Cooling system,Inspect coolant level and radiator,temperature signal is elevated (SHAP=-3.744),31,Low,2026-06-28 20:56:22
Vehicle_0165,64.84532388790964,77.49886577813649,68.64138645497769,6.9537106,60.68460502861392,0.0004,0.0%,LOW,124,2480,temperature,-6.094,Cooling system,Inspect coolant level and radiator,temperature signal is elevated (SHAP=-6.094),31,Low,2026-06-28 20:56:22
Vehicle_0166,100.0,100.0,100.0,19.047188,98.0,0.0003,0.0%,LOW,124,2480,temperature,-3.8586,Cooling system,Inspect coolant level and radiator,temperature signal is elevated (SHAP=-3.859),31,Low,2026-06-28 20:56:22
Vehicle_0167,82.05280961377267,95.5820687799437,86.11158736362397,19.725693,86.78336617416312,0.0003,0.0%,LOW,124,2480,temperature,-3.827,Cooling system,Inspect coolant level and radiator,temperature signal is elevated (SHAP=-3.827),31,Low,2026-06-28 20:56:22
Vehicle_0168,63.45147101682412,67.0,64.51602971177688,7.8868628,60.10961782706613,0.0002,0.0%,LOW,124,2480,temperature,-3.9593,Cooling system,Inspect coolant level and radiator,temperature signal is elevated (SHAP=-3.959),31,Low,2026-06-28 20:56:22
Vehicle_0169,80.0,98.64999246618164,85.59499773985449,16.85328,75.08699713714903,0.0005,0.1%,LOW,124,2480,temperature,-5.8906,Cooling system,Inspect coolant level and radiator,temperature signal is elevated (SHAP=-5.891),31,Low,2026-06-28 20:56:22
Vehicle_0170,90.84737990289194,100.0,93.59316593202436,24.402285,90.15589955921462,0.0002,0.0%,LOW,124,2480,temperature,-3.7448,Cooling system,Inspect coolant level and radiator,temperature signal is elevated (SHAP=-3.745),31,Low,2026-06-28 20:56:22
Vehicle_0171,84.58032906281537,72.66584962589332,81.00598523173875,17.09106,71.1367610642219,0.0002,0.0%,LOW,124,2480,temperature,-3.7995,Cooling system,Inspect coolant level and radiator,temperature signal is elevated (SHAP=-3.800),31,Low,2026-06-28 20:56:22
Vehicle_0172,50.75583601304848,71.72895487224817,57.04777167080838,1.9097686,54.57445397693466,0.0018,0.2%,LOW,124,2480,temperature,-6.2778,Cooling system,Inspect coolant level and radiator,temperature signal is elevated (SHAP=-6.278),31,Low,2026-06-28 20:56:22
Vehicle_0173,85.0,100.0,89.5,14.993679,81.69999999999999,0.0003,0.0%,LOW,124,2480,temperature,-3.8378,Cooling system,Inspect coolant level and radiator,temperature signal is elevated (SHAP=-3.838),31,Low,2026-06-28 20:56:22
Vehicle_0174,62.27332044494474,74.09691542590924,65.8203989392341,12.650842,62.311622448722304,0.0002,0.0%,LOW,124,2480,temperature,-3.8982,Cooling system,Inspect coolant level and radiator,temperature signal is elevated (SHAP=-3.898),31,Low,2026-06-28 20:56:22
Vehicle_0175,85.92986548677558,100.0,90.1509058407429,19.137293,90.09054350444572,0.0002,0.0%,LOW,124,2480,temperature,-3.7654,Cooling system,Inspect coolant level and radiator,temperature signal is elevated (SHAP=-3.765),31,Low,2026-06-28 20:56:22
Vehicle_0176,85.0,95.05083372955492,88.01525011886648,19.725693,79.81931681723087,0.0002,0.0%,LOW,124,2480,temperature,-3.8263,Cooling system,Inspect coolant level and radiator,temperature signal is elevated (SHAP=-3.826),31,Low,2026-06-28 20:56:22
Vehicle_0177,80.0,89.62168586405765,82.8865057592173,99.68686,87.6562406283419,0.0027,0.3%,LOW,124,2480,fault_count,-6.1623,ECU fault logs,Review and clear fault codes,fault_count signal is elevated (SHAP=-6.162),31,Low,2026-06-28 20:56:22
Vehicle_0178,80.0,67.0,76.1,12.287563,65.06,0.0004,0.0%,LOW,124,2480,temperature,-6.0064,Cooling system,Inspect coolant level and radiator,temperature signal is elevated (SHAP=-6.006),31,Low,2026-06-28 20:56:22
Vehicle_0179,80.0,100.0,86.0,19.392086,77.6,0.0005,0.1%,LOW,124,2480,temperature,-5.8086,Cooling system,Inspect coolant level and radiator,temperature signal is elevated (SHAP=-5.809),31,Low,2026-06-28 20:56:22
Vehicle_0180,77.17927911244264,82.53204025378172,78.78510745484436,21.666563,69.77747252366296,0.0003,0.0%,LOW,124,2480,temperature,-5.7143,Cooling system,Inspect coolant level and radiator,temperature signal is elevated (SHAP=-5.714),31,Low,2026-06-28 20:56:22
Vehicle_0181,60.0,66.0,61.8,99.63037,70.28,0.0002,0.0%,LOW,124,2480,temperature,-3.7327,Cooling system,Inspect coolant level and radiator,temperature signal is elevated (SHAP=-3.733),31,Low,2026-06-28 20:56:22
Vehicle_0182,80.0,81.33685907427204,80.4010577222816,15.069902,66.50800644822337,0.0004,0.0%,LOW,124,2480,temperature,-6.0901,Cooling system,Inspect coolant level and radiator,temperature signal is elevated (SHAP=-6.090),31,Low,2026-06-28 20:56:22
Vehicle_0183,75.0,94.44870718802191,80.83461215640658,18.355572,79.39050873144832,0.0002,0.0%,LOW,124,2480,temperature,-3.7794,Cooling system,Inspect coolant level and radiator,temperature signal is elevated (SHAP=-3.779),31,Low,2026-06-28 20:56:22
Vehicle_0184,64.8363273622544,70.41412046773948,66.50966529389991,99.74884,73.98862326988785,0.0002,0.0%,LOW,124,2480,temperature,-3.7278,Cooling system,Inspect coolant level and radiator,temperature signal is elevated (SHAP=-3.728),31,Low,2026-06-28 20:56:22
Vehicle_0185,67.1373068461516,74.7008597489436,69.4063727169892,11.860716,66.58399557998223,0.0002,0.0%,LOW,124,2480,temperature,-3.9724,Cooling system,Inspect coolant level and radiator,temperature signal is elevated (SHAP=-3.972),31,Low,2026-06-28 20:56:22
Vehicle_0186,70.0,92.59788006219708,76.77936401865912,17.233616,74.5871944236349,0.0027,0.3%,LOW,124,2480,fault_count,-6.1369,ECU fault logs,Review and clear fault codes,fault_count signal is elevated (SHAP=-6.137),31,Low,2026-06-28 20:56:22
Vehicle_0187,79.34067386902446,97.8234306915844,84.88550091579243,21.837223,82.49598668779234,0.0002,0.0%,LOW,124,2480,temperature,-3.7669,Cooling system,Inspect coolant level and radiator,temperature signal is elevated (SHAP=-3.767),31,Low,2026-06-28 20:56:22
Vehicle_0188,60.0,67.0,62.1,5.504346,56.66,0.0003,0.0%,LOW,124,2480,temperature,-5.823,Cooling system,Inspect coolant level and radiator,temperature signal is elevated (SHAP=-5.823),31,Low,2026-06-28 20:56:22
Vehicle_0189,83.83202748450024,72.78931715928952,80.51921438693702,22.040886,72.86939206402012,0.0002,0.0%,LOW,124,2480,temperature,-3.7718,Cooling system,Inspect coolant level and radiator,temperature signal is elevated (SHAP=-3.772),31,Low,2026-06-28 20:56:22
Vehicle_0190,76.05320023894495,78.2294218861281,76.70606673309989,13.831579,77.66952441708555,0.0025,0.2%,LOW,124,2480,fault_count,-6.1433,ECU fault logs,Review and clear fault codes,fault_count signal is elevated (SHAP=-6.143),31,Low,2026-06-28 20:56:22
Vehicle_0191,55.0,91.24324683571044,65.87297405071314,2.5773346,65.77243379756997,0.0436,4.4%,LOW,119,2380,fault_count,-7.2024,ECU fault logs,Review and clear fault codes,fault_count signal is elevated (SHAP=-7.202),29,Low,2026-06-28 20:56:22
Vehicle_0192,97.65423628938952,76.14660151814044,91.2019458580148,17.393625,85.95048781843697,0.0002,0.0%,LOW,124,2480,temperature,-3.7957,Cooling system,Inspect coolant level and radiator,temperature signal is elevated (SHAP=-3.796),31,Low,2026-06-28 20:56:22
Vehicle_0193,96.0205226080557,73.21023255242525,89.17743559136656,19.657219,86.14850786530499,0.0002,0.0%,LOW,124,2480,temperature,-3.7995,Cooling system,Inspect coolant level and radiator,temperature signal is elevated (SHAP=-3.800),31,Low,2026-06-28 20:56:22
Vehicle_0194,80.0,88.3508605250153,82.50525815750458,17.470497,83.1733269995058,0.0024,0.2%,LOW,124,2480,fault_count,-6.1395,ECU fault logs,Review and clear fault codes,fault_count signal is elevated (SHAP=-6.139),31,Low,2026-06-28 20:56:22
Vehicle_0195,60.0,76.632122482201,64.9896367446603,5.504346,56.32020654323638,0.0004,0.0%,LOW,124,2480,temperature,-5.979,Cooling system,Inspect coolant level and radiator,temperature signal is elevated (SHAP=-5.979),31,Low,2026-06-28 20:56:22
Vehicle_0196,70.0,100.0,79.0,19.783419,77.4,0.0003,0.0%,LOW,124,2480,temperature,-3.829,Cooling system,Inspect coolant level and radiator,temperature signal is elevated (SHAP=-3.829),31,Low,2026-06-28 20:56:22
Vehicle_0197,90.70019615932868,91.75874842429616,91.01776183881891,19.047188,86.96240678815059,0.0003,0.0%,LOW,124,2480,temperature,-3.8177,Cooling system,Inspect coolant level and radiator,temperature signal is elevated (SHAP=-3.818),31,Low,2026-06-28 20:56:22
Vehicle_0198,100.0,89.24733571896078,96.77420071568824,19.725693,89.91398757320509,0.0002,0.0%,LOW,124,2480,temperature,-3.8153,Cooling system,Inspect coolant level and radiator,temperature signal is elevated (SHAP=-3.815),31,Low,2026-06-28 20:56:22
Vehicle_0199,80.0,100.0,86.0,19.047188,75.6,0.0006,0.1%,LOW,124,2480,temperature,-5.9166,Cooling system,Inspect coolant level and radiator,temperature signal is elevated (SHAP=-5.917),31,Low,2026-06-28 20:56:22
Vehicle_0200,75.87769827677158,75.16836725319513,75.66489896969864,24.714924,68.4326128324582,0.0002,0.0%,LOW,124,2480,temperature,-3.8343,Cooling system,Inspect coolant level and radiator,temperature signal is elevated (SHAP=-3.834),31,Low,2026-06-28 20:56:22
Vehicle_0201,79.87276353603198,70.47896468707954,77.05462388134625,16.257309,66.32856726622364,0.0003,0.0%,LOW,124,2480,temperature,-5.9499,Cooling system,Inspect coolant level and radiator,temperature signal is elevated (SHAP=-5.950),31,Low,2026-06-28 20:56:23
Vehicle_0202,65.0,98.487801060787,75.0463403182361,17.470497,72.72536440309906,0.0027,0.3%,LOW,124,2480,fault_count,-6.1355,ECU fault logs,Review and clear fault codes,fault_count signal is elevated (SHAP=-6.136),31,Low,2026-06-28 20:56:23
Vehicle_0203,75.4581897410324,73.60543331785465,74.90236281407907,18.240112,61.66250435201837,0.0004,0.0%,LOW,124,2480,temperature,-6.0112,Cooling system,Inspect coolant level and radiator,temperature signal is elevated (SHAP=-6.011),31,Low,2026-06-28 20:56:23
Vehicle_0204,71.76054386488164,73.59983246313394,72.31233044435731,11.860716,66.10736475924118,0.0002,0.0%,LOW,124,2480,temperature,-3.9984,Cooling system,Inspect coolant level and radiator,temperature signal is elevated (SHAP=-3.998),31,Low,2026-06-28 20:56:23
Vehicle_0205,95.0,100.0,96.5,21.156872,89.9,0.0003,0.0%,LOW,124,2480,temperature,-3.831,Cooling system,Inspect coolant level and radiator,temperature signal is elevated (SHAP=-3.831),31,Low,2026-06-28 20:56:23
Vehicle_0206,100.0,100.0,100.0,19.392086,96.0,0.0002,0.0%,LOW,124,2480,temperature,-3.8191,Cooling system,Inspect coolant level and radiator,temperature signal is elevated (SHAP=-3.819),31,Low,2026-06-28 20:56:23
Vehicle_0207,100.0,55.43100304149261,86.62930091244777,99.68493,83.06378115576719,0.0002,0.0%,LOW,124,2480,temperature,-3.7825,Cooling system,Inspect coolant level and radiator,temperature signal is elevated (SHAP=-3.783),31,Low,2026-06-28 20:56:23
Vehicle_0208,80.0,79.23982593847118,79.77194778154136,19.657219,69.71113385661906,0.0003,0.0%,LOW,124,2480,temperature,-5.8089,Cooling system,Inspect coolant level and radiator,temperature signal is elevated (SHAP=-5.809),31,Low,2026-06-28 20:56:23
Vehicle_0209,80.0,76.83842932688574,79.05152879806572,14.256514,64.79860314421657,0.0004,0.0%,LOW,124,2480,temperature,-6.1023,Cooling system,Inspect coolant level and radiator,temperature signal is elevated (SHAP=-6.102),31,Low,2026-06-28 20:56:23
Vehicle_0210,85.0,100.0,89.5,20.079834,81.69999999999999,0.0002,0.0%,LOW,124,2480,temperature,-3.83,Cooling system,Inspect coolant level and radiator,temperature signal is elevated (SHAP=-3.830),31,Low,2026-06-28 20:56:23
Vehicle_0211,77.52292372931961,100.0,84.26604661052373,16.85328,82.55962796631424,0.0003,0.0%,LOW,124,2480,temperature,-3.8394,Cooling system,Inspect coolant level and radiator,temperature signal is elevated (SHAP=-3.839),31,Low,2026-06-28 20:56:23
Vehicle_0212,84.78696696231091,84.80606004091301,84.79269488589154,25.600946,85.83682893971752,0.0002,0.0%,LOW,124,2480,temperature,-3.7625,Cooling system,Inspect coolant level and radiator,temperature signal is elevated (SHAP=-3.763),31,Low,2026-06-28 20:56:23
Vehicle_0213,85.0,100.0,89.5,19.392086,81.69999999999999,0.0003,0.0%,LOW,124,2480,temperature,-3.8394,Cooling system,Inspect coolant level and radiator,temperature signal is elevated (SHAP=-3.839),31,Low,2026-06-28 20:56:23
Vehicle_0214,100.0,69.3729279321413,90.8118783796424,19.657219,84.3617126142137,0.0002,0.0%,LOW,124,2480,temperature,-3.8296,Cooling system,Inspect coolant level and radiator,temperature signal is elevated (SHAP=-3.830),31,Low,2026-06-28 20:56:23
Vehicle_0215,84.20601267217347,80.65133850537336,83.13961042213344,19.657219,74.01403395435474,0.0002,0.0%,LOW,124,2480,temperature,-3.8,Cooling system,Inspect coolant level and radiator,temperature signal is elevated (SHAP=-3.800),31,Low,2026-06-28 20:56:23
Vehicle_0216,60.02211060486224,93.48024388804116,70.05955058981591,6.149334,74.73177913149779,0.0002,0.0%,LOW,124,2480,temperature,-3.7477,Cooling system,Inspect coolant level and radiator,temperature signal is elevated (SHAP=-3.748),31,Low,2026-06-28 20:56:23
Vehicle_0217,73.85653688988222,99.2118073609076,81.46311803118984,17.233616,72.72023229089542,0.0005,0.1%,LOW,124,2480,temperature,-5.9277,Cooling system,Inspect coolant level and radiator,temperature signal is elevated (SHAP=-5.928),31,Low,2026-06-28 20:56:23
Vehicle_0218,60.0,90.1419244290282,69.04257732870846,1.5617073,61.45393128303071,0.9858,98.6%,CRITICAL,5,100,ml_health_score,1.4904,Vehicle system,Inspect flagged sensor,ml_health_score signal is rapidly deteriorating (SHAP=1.490),1,Immediate,2026-06-28 20:56:23
Vehicle_0219,100.0,92.7121687562616,97.81365062687848,16.85328,93.2306241273794,0.0002,0.0%,LOW,124,2480,temperature,-3.7917,Cooling system,Inspect coolant level and radiator,temperature signal is elevated (SHAP=-3.792),31,Low,2026-06-28 20:56:23
Vehicle_0220,73.85377851338949,93.0425515892266,79.61041043614061,24.863546,80.37475657952969,0.0002,0.0%,LOW,124,2480,temperature,-3.7323,Cooling system,Inspect coolant level and radiator,temperature signal is elevated (SHAP=-3.732),31,Low,2026-06-28 20:56:23
Vehicle_0221,63.88968979699544,89.05097286663178,71.43807471788634,17.270697,62.67303940405816,0.0004,0.0%,LOW,124,2480,temperature,-6.0047,Cooling system,Inspect coolant level and radiator,temperature signal is elevated (SHAP=-6.005),31,Low,2026-06-28 20:56:23
Vehicle_0222,100.0,86.86359772885028,96.05907931865508,99.67787,95.0081671369631,0.0002,0.0%,LOW,124,2480,temperature,-3.7995,Cooling system,Inspect coolant level and radiator,temperature signal is elevated (SHAP=-3.800),31,Low,2026-06-28 20:56:23
Vehicle_0223,77.75317681612378,84.71662960081657,79.84221265153163,16.77857,74.84865351108229,0.0002,0.0%,LOW,124,2480,temperature,-3.8171,Cooling system,Inspect coolant level and radiator,temperature signal is elevated (SHAP=-3.817),31,Low,2026-06-28 20:56:23
Vehicle_0224,100.0,95.57696889237177,98.67309066771152,19.047188,96.31924817910128,0.0002,0.0%,LOW,124,2480,temperature,-3.785,Cooling system,Inspect coolant level and radiator,temperature signal is elevated (SHAP=-3.785),31,Low,2026-06-28 20:56:23
Vehicle_0225,68.6081996997358,98.52845722179104,77.58427695635237,17.0012,78.25625761816963,0.0002,0.0%,LOW,124,2480,temperature,-3.7245,Cooling system,Inspect coolant level and radiator,temperature signal is elevated (SHAP=-3.724),31,Low,2026-06-28 20:56:23
Vehicle_0226,100.0,95.02292626076076,98.50687787822824,99.573395,98.1087119790891,0.0002,0.0%,LOW,124,2480,temperature,-3.8213,Cooling system,Inspect coolant level and radiator,temperature signal is elevated (SHAP=-3.821),31,Low,2026-06-28 20:56:23
Vehicle_0227,67.27768536121823,72.3031486749825,68.78532435534751,14.298463,73.73182434820501,0.0017,0.2%,LOW,124,2480,fault_count,-6.1323,ECU fault logs,Review and clear fault codes,fault_count signal is elevated (SHAP=-6.132),31,Low,2026-06-28 20:56:23
Vehicle_0228,57.65203386932442,62.89554692809948,59.22508778695693,1.8118441,60.11416205779405,0.0237,2.4%,LOW,122,2440,fault_count,-7.12,ECU fault logs,Review and clear fault codes,fault_count signal is elevated (SHAP=-7.120),30,Low,2026-06-28 20:56:23
Vehicle_0229,80.0,98.33154979814312,85.49946493944293,99.73955,90.96598892329438,0.0002,0.0%,LOW,124,2480,temperature,-3.757,Cooling system,Inspect coolant level and radiator,temperature signal is elevated (SHAP=-3.757),31,Low,2026-06-28 20:56:23
Vehicle_0230,80.0,100.0,86.0,19.047188,77.6,0.0004,0.0%,LOW,124,2480,temperature,-5.8384,Cooling system,Inspect coolant level and radiator,temperature signal is elevated (SHAP=-5.838),31,Low,2026-06-28 20:56:23
Vehicle_0231,90.0,94.26485511571951,91.27945653471583,19.783419,83.62064494397342,0.0002,0.0%,LOW,124,2480,temperature,-3.8183,Cooling system,Inspect coolant level and radiator,temperature signal is elevated (SHAP=-3.818),31,Low,2026-06-28 20:56:23
Vehicle_0232,89.13852810718419,77.07190817106193,85.51854212634751,16.77857,78.7255069100209,0.0002,0.0%,LOW,124,2480,temperature,-3.7995,Cooling system,Inspect coolant level and radiator,temperature signal is elevated (SHAP=-3.800),31,Low,2026-06-28 20:56:23
Vehicle_0233,84.114221427127,95.45161751480585,87.51544025343065,19.725693,83.59958765501956,0.0002,0.0%,LOW,124,2480,temperature,-3.799,Cooling system,Inspect coolant level and radiator,temperature signal is elevated (SHAP=-3.799),31,Low,2026-06-28 20:56:23
Vehicle_0234,60.0,72.9924465285284,63.89773395855852,1.5287995,56.93712968084079,0.0127,1.3%,LOW,123,2460,temperature,-6.5911,Cooling system,Inspect coolant level and radiator,temperature signal is elevated (SHAP=-6.591),30,Low,2026-06-28 20:56:23
Vehicle_0235,77.83648528160072,100.0,84.4855396971205,20.138336,74.69132381827231,0.0005,0.1%,LOW,124,2480,temperature,-5.9212,Cooling system,Inspect coolant level and radiator,temperature signal is elevated (SHAP=-5.921),31,Low,2026-06-28 20:56:23
Vehicle_0236,94.9453422847526,94.82880338438252,94.91038061464155,99.69315,95.91198904566144,0.0002,0.0%,LOW,124,2480,temperature,-3.7878,Cooling system,Inspect coolant level and radiator,temperature signal is elevated (SHAP=-3.788),31,Low,2026-06-28 20:56:23
Vehicle_0237,85.0,80.70395598202595,83.71118679460778,20.411087,74.36750327316986,0.0002,0.0%,LOW,124,2480,temperature,-3.8296,Cooling system,Inspect coolant level and radiator,temperature signal is elevated (SHAP=-3.830),31,Low,2026-06-28 20:56:23
Vehicle_0238,95.0,88.99787480946758,93.19936244284028,19.392086,85.71919242759768,0.0002,0.0%,LOW,124,2480,temperature,-3.8302,Cooling system,Inspect coolant level and radiator,temperature signal is elevated (SHAP=-3.830),31,Low,2026-06-28 20:56:23
Vehicle_0239,78.339843845361,71.54409921506686,76.30112045627276,16.857136,66.08949211677702,0.0003,0.0%,LOW,124,2480,temperature,-5.9302,Cooling system,Inspect coolant level and radiator,temperature signal is elevated (SHAP=-5.930),31,Low,2026-06-28 20:56:23
Vehicle_0240,80.0,100.0,86.0,19.392086,77.6,0.0004,0.0%,LOW,124,2480,temperature,-5.8171,Cooling system,Inspect coolant level and radiator,temperature signal is elevated (SHAP=-5.817),31,Low,2026-06-28 20:56:23
Vehicle_0241,80.0,88.41303852412351,82.52391155723706,20.138336,73.19695463916693,0.0003,0.0%,LOW,124,2480,temperature,-5.8011,Cooling system,Inspect coolant level and radiator,temperature signal is elevated (SHAP=-5.801),31,Low,2026-06-28 20:56:23
Vehicle_0242,84.7463727147082,94.3135348109073,87.61652134356792,20.987064,79.43261976832221,0.0002,0.0%,LOW,124,2480,temperature,-3.7821,Cooling system,Inspect coolant level and radiator,temperature signal is elevated (SHAP=-3.782),31,Low,2026-06-28 20:56:23
Vehicle_0243,66.55186037521187,100.0,76.5863022626483,21.333897,81.95178135758897,0.0002,0.0%,LOW,124,2480,temperature,-3.7204,Cooling system,Inspect coolant level and radiator,temperature signal is elevated (SHAP=-3.720),31,Low,2026-06-28 20:56:23
Vehicle_0244,80.0,63.04790128067171,74.9143703842015,8.11851,61.55820248665525,0.0004,0.0%,LOW,124,2480,temperature,-6.0465,Cooling system,Inspect coolant level and radiator,temperature signal is elevated (SHAP=-6.046),31,Low,2026-06-28 20:56:23
Vehicle_0245,50.0,64.76106586274588,54.42831975882376,1.2455165,51.60920502784344,0.999,99.9%,CRITICAL,5,100,temperature,4.5916,Cooling system,Inspect coolant level and radiator,temperature signal is rapidly deteriorating (SHAP=4.592),1,Immediate,2026-06-28 20:56:23
Vehicle_0246,95.4378005204754,96.27818689500452,95.68991643283414,25.280869,92.66958723870138,0.0002,0.0%,LOW,124,2480,temperature,-3.7421,Cooling system,Inspect coolant level and radiator,temperature signal is elevated (SHAP=-3.742),31,Low,2026-06-28 20:56:23
Vehicle_0247,62.02799161295397,67.0,63.51959412906777,21.029503,67.51175647744066,0.0002,0.0%,LOW,124,2480,temperature,-3.8002,Cooling system,Inspect coolant level and radiator,temperature signal is elevated (SHAP=-3.800),31,Low,2026-06-28 20:56:23
Vehicle_0248,60.0,95.9194920648306,70.77584761944918,3.47175,71.64940698463563,0.0071,0.7%,LOW,124,2480,fault_count,-6.7684,ECU fault logs,Review and clear fault codes,fault_count signal is elevated (SHAP=-6.768),31,Low,2026-06-28 20:56:23
Vehicle_0249,70.0,90.99492592843824,76.29847777853148,16.54427,77.97807185280654,0.0022,0.2%,LOW,124,2480,fault_count,-6.1654,ECU fault logs,Review and clear fault codes,fault_count signal is elevated (SHAP=-6.165),31,Low,2026-06-28 20:56:23
Vehicle_0250,85.0,93.89444381991392,87.66833314597417,15.603429,79.37988865156728,0.0002,0.0%,LOW,124,2480,temperature,-3.8255,Cooling system,Inspect coolant level and radiator,temperature signal is elevated (SHAP=-3.825),31,Low,2026-06-28 20:56:23
Vehicle_0251,90.12203260312825,92.3378902725944,90.78678990396809,14.993679,84.93965199689971,0.0002,0.0%,LOW,124,2480,temperature,-3.7917,Cooling system,Inspect coolant level and radiator,temperature signal is elevated (SHAP=-3.792),31,Low,2026-06-28 20:56:23
Vehicle_0252,99.75333347178471,96.02630290367637,98.6352243013522,16.85328,96.3863951615466,0.0002,0.0%,LOW,124,2480,temperature,-3.8344,Cooling system,Inspect coolant level and radiator,temperature signal is elevated (SHAP=-3.834),31,Low,2026-06-28 20:56:23
Vehicle_0253,50.327293266994246,100.0,65.22910528689597,5.063617,73.13746317213759,0.0023,0.2%,LOW,124,2480,fault_count,-6.2557,ECU fault logs,Review and clear fault codes,fault_count signal is elevated (SHAP=-6.256),31,Low,2026-06-28 20:56:24
Vehicle_0254,40.0,72.28812770059568,49.6864383101787,3.461486,48.269488526226354,0.0009,0.1%,LOW,124,2480,temperature,-6.1114,Cooling system,Inspect coolant level and radiator,temperature signal is elevated (SHAP=-6.111),31,Low,2026-06-28 20:56:24
Vehicle_0255,80.0,85.6225955478009,81.68677866434027,13.129557,70.13658630816434,0.0004,0.0%,LOW,124,2480,temperature,-5.9293,Cooling system,Inspect coolant level and radiator,temperature signal is elevated (SHAP=-5.929),31,Low,2026-06-28 20:56:24
Vehicle_0256,58.3010589851932,100.0,70.81074128963523,4.8449874,76.48644477378113,0.0002,0.0%,LOW,124,2480,temperature,-3.7245,Cooling system,Inspect coolant level and radiator,temperature signal is elevated (SHAP=-3.724),31,Low,2026-06-28 20:56:24
Vehicle_0257,76.95701776600143,99.68527681751058,83.77549548145417,13.244349,76.20235265237463,0.0004,0.0%,LOW,124,2480,temperature,-5.8081,Cooling system,Inspect coolant level and radiator,temperature signal is elevated (SHAP=-5.808),31,Low,2026-06-28 20:56:24
Vehicle_0258,100.0,87.76826672877026,96.33048001863108,99.573395,95.3519413569327,0.0002,0.0%,LOW,124,2480,temperature,-3.8394,Cooling system,Inspect coolant level and radiator,temperature signal is elevated (SHAP=-3.839),31,Low,2026-06-28 20:56:24
Vehicle_0259,60.0,100.0,72.0,7.174623,65.19999999999999,0.0005,0.1%,LOW,124,2480,temperature,-6.0169,Cooling system,Inspect coolant level and radiator,temperature signal is elevated (SHAP=-6.017),31,Low,2026-06-28 20:56:24
Vehicle_0260,80.0,90.724092673211,83.2172278019633,14.993679,74.07515521582019,0.0004,0.0%,LOW,124,2480,temperature,-5.8073,Cooling system,Inspect coolant level and radiator,temperature signal is elevated (SHAP=-5.807),31,Low,2026-06-28 20:56:24
Vehicle_0261,69.6831793287548,100.0,78.77822553012837,99.73955,87.26693531807702,0.0002,0.0%,LOW,124,2480,temperature,-3.7636,Cooling system,Inspect coolant level and radiator,temperature signal is elevated (SHAP=-3.764),31,Low,2026-06-28 20:56:24
Vehicle_0262,80.0,86.68331102893364,82.0049933086801,19.30874,72.53965819099479,0.0003,0.0%,LOW,124,2480,temperature,-5.7674,Cooling system,Inspect coolant level and radiator,temperature signal is elevated (SHAP=-5.767),31,Low,2026-06-28 20:56:24
Vehicle_0263,95.0,66.01194511452843,86.30358353435852,19.30874,76.9845391435208,0.0002,0.0%,LOW,124,2480,temperature,-3.8183,Cooling system,Inspect coolant level and radiator,temperature signal is elevated (SHAP=-3.818),31,Low,2026-06-28 20:56:24
Vehicle_0264,80.0,86.56376241764508,81.96912872529353,20.73297,70.49422971870513,0.0005,0.1%,LOW,124,2480,temperature,-5.9174,Cooling system,Inspect coolant level and radiator,temperature signal is elevated (SHAP=-5.917),31,Low,2026-06-28 20:56:24
Vehicle_0265,95.85384432364584,89.3278581170732,93.89604846167404,16.474747,90.20320070041906,0.0003,0.0%,LOW,124,2480,temperature,-3.8394,Cooling system,Inspect coolant level and radiator,temperature signal is elevated (SHAP=-3.839),31,Low,2026-06-28 20:56:24
Vehicle_0266,55.37274136253849,69.35129631324176,59.56630784774947,1.8517852,53.61004397129803,0.0079,0.8%,LOW,124,2480,temperature,-6.4941,Cooling system,Inspect coolant level and radiator,temperature signal is elevated (SHAP=-6.494),31,Low,2026-06-28 20:56:24
Vehicle_0267,70.69549557217141,98.40364761488156,79.00794118498445,24.402285,71.08549423396698,0.0004,0.0%,LOW,124,2480,temperature,-5.8649,Cooling system,Inspect coolant level and radiator,temperature signal is elevated (SHAP=-5.865),31,Low,2026-06-28 20:56:24
Vehicle_0268,99.44730774802387,88.21331761784741,96.07711070897092,16.85328,91.28892994895205,0.0002,0.0%,LOW,124,2480,temperature,-3.8172,Cooling system,Inspect coolant level and radiator,temperature signal is elevated (SHAP=-3.817),31,Low,2026-06-28 20:56:24
Vehicle_0269,71.90223935500941,85.58225678958588,76.00624458538235,22.705729,74.7201981091466,0.0002,0.0%,LOW,124,2480,temperature,-3.732,Cooling system,Inspect coolant level and radiator,temperature signal is elevated (SHAP=-3.732),31,Low,2026-06-28 20:56:24
Vehicle_0270,84.63091878127196,63.9451229991638,78.42518004663951,18.540318,67.84413262781646,0.0002,0.0%,LOW,124,2480,temperature,-3.9057,Cooling system,Inspect coolant level and radiator,temperature signal is elevated (SHAP=-3.906),31,Low,2026-06-28 20:56:24
Vehicle_0271,80.0,100.0,86.0,24.863546,87.6,0.0002,0.0%,LOW,124,2480,temperature,-3.749,Cooling system,Inspect coolant level and radiator,temperature signal is elevated (SHAP=-3.749),31,Low,2026-06-28 20:56:24
Vehicle_0272,73.82926593878854,100.0,81.68048615715198,13.975954,71.00829169429119,0.0005,0.1%,LOW,124,2480,temperature,-5.8856,Cooling system,Inspect coolant level and radiator,temperature signal is elevated (SHAP=-5.886),31,Low,2026-06-28 20:56:24
Vehicle_0273,100.0,75.14701278042472,92.5441038341274,15.452546,88.55586485656139,0.0002,0.0%,LOW,124,2480,temperature,-3.8183,Cooling system,Inspect coolant level and radiator,temperature signal is elevated (SHAP=-3.818),31,Low,2026-06-28 20:56:24
Vehicle_0274,70.0,100.0,79.0,14.993679,83.4,0.0029,0.3%,LOW,124,2480,fault_count,-6.1481,ECU fault logs,Review and clear fault codes,fault_count signal is elevated (SHAP=-6.148),31,Low,2026-06-28 20:56:24
Vehicle_0275,70.0,81.01309969252225,73.30392990775667,13.129557,70.18497788315845,0.0027,0.3%,LOW,124,2480,fault_count,-6.1316,ECU fault logs,Review and clear fault codes,fault_count signal is elevated (SHAP=-6.132),31,Low,2026-06-28 20:56:24
Vehicle_0276,63.42460342330497,70.65354836441857,65.59328690563905,10.670149,65.48668181626714,0.0002,0.0%,LOW,124,2480,temperature,-3.9821,Cooling system,Inspect coolant level and radiator,temperature signal is elevated (SHAP=-3.982),31,Low,2026-06-28 20:56:24
Vehicle_0277,89.32587929491672,88.58256524936897,89.1028850812524,99.67958,91.17824409862524,0.0002,0.0%,LOW,124,2480,temperature,-3.7912,Cooling system,Inspect coolant level and radiator,temperature signal is elevated (SHAP=-3.791),31,Low,2026-06-28 20:56:24
Vehicle_0278,74.70585148550735,100.0,82.29409603985513,24.402285,71.37645762391307,0.0005,0.1%,LOW,124,2480,temperature,-5.8819,Cooling system,Inspect coolant level and radiator,temperature signal is elevated (SHAP=-5.882),31,Low,2026-06-28 20:56:24
Vehicle_0279,79.88693322593582,78.09691392165666,79.34992743465207,18.540318,79.22933924512259,0.0002,0.0%,LOW,124,2480,temperature,-3.7927,Cooling system,Inspect coolant level and radiator,temperature signal is elevated (SHAP=-3.793),31,Low,2026-06-28 20:56:24
Vehicle_0280,80.0,94.69709537476392,84.40912861242919,17.233616,87.5848962424103,0.0002,0.0%,LOW,124,2480,temperature,-3.7943,Cooling system,Inspect coolant level and radiator,temperature signal is elevated (SHAP=-3.794),31,Low,2026-06-28 20:56:24
Vehicle_0281,65.59569789825167,100.0,75.91698852877616,21.010471,75.55019311726569,0.0002,0.0%,LOW,124,2480,temperature,-3.7547,Cooling system,Inspect coolant level and radiator,temperature signal is elevated (SHAP=-3.755),31,Low,2026-06-28 20:56:24
Vehicle_0282,60.0,77.32967897297245,65.19890369189173,5.6004944,56.58527800972952,0.0004,0.0%,LOW,124,2480,temperature,-5.9611,Cooling system,Inspect coolant level and radiator,temperature signal is elevated (SHAP=-5.961),31,Low,2026-06-28 20:56:24
Vehicle_0283,82.17684555325457,90.54785858545544,84.68814946291482,99.54081,88.92246139483998,0.0002,0.0%,LOW,124,2480,temperature,-3.8296,Cooling system,Inspect coolant level and radiator,temperature signal is elevated (SHAP=-3.830),31,Low,2026-06-28 20:56:24
Vehicle_0284,71.36738985356911,87.35134940371827,76.16257771861386,16.860182,75.16781651191197,0.0002,0.0%,LOW,124,2480,temperature,-3.7472,Cooling system,Inspect coolant level and radiator,temperature signal is elevated (SHAP=-3.747),31,Low,2026-06-28 20:56:24
Vehicle_0285,80.0,83.27207752380144,80.98162325714043,12.460017,67.24338945904455,0.0004,0.0%,LOW,124,2480,temperature,-6.1023,Cooling system,Inspect coolant level and radiator,temperature signal is elevated (SHAP=-6.102),31,Low,2026-06-28 20:56:24
Vehicle_0286,71.83594236377094,84.49457047552653,75.63353079729761,16.288668,66.27903257348387,0.0004,0.0%,LOW,124,2480,temperature,-6.007,Cooling system,Inspect coolant level and radiator,temperature signal is elevated (SHAP=-6.007),31,Low,2026-06-28 20:56:24
Vehicle_0287,90.22965940317869,100.0,93.16076158222506,21.381533,93.89645694933505,0.0002,0.0%,LOW,124,2480,temperature,-3.7888,Cooling system,Inspect coolant level and radiator,temperature signal is elevated (SHAP=-3.789),31,Low,2026-06-28 20:56:24
Vehicle_0288,85.0,47.87391287645448,73.86217386293634,12.050134,61.8920868930527,0.0002,0.0%,LOW,124,2480,temperature,-3.9111,Cooling system,Inspect coolant level and radiator,temperature signal is elevated (SHAP=-3.911),31,Low,2026-06-28 20:56:24
Vehicle_0289,80.0,100.0,86.0,20.079834,75.6,0.0005,0.1%,LOW,124,2480,temperature,-5.9352,Cooling system,Inspect coolant level and radiator,temperature signal is elevated (SHAP=-5.935),31,Low,2026-06-28 20:56:24
Vehicle_0290,67.07185637170716,76.35687607197936,69.85736228178881,10.633463,65.18579258346915,0.0002,0.0%,LOW,124,2480,temperature,-3.9772,Cooling system,Inspect coolant level and radiator,temperature signal is elevated (SHAP=-3.977),31,Low,2026-06-28 20:56:24
Vehicle_0291,80.63061744086993,68.69982808970957,77.05138063552181,24.714924,67.970793999255,0.0002,0.0%,LOW,124,2480,temperature,-3.8667,Cooling system,Inspect coolant level and radiator,temperature signal is elevated (SHAP=-3.867),31,Low,2026-06-28 20:56:24
Vehicle_0292,80.0,76.39723486425287,78.91917045927586,17.09106,68.63094924841609,0.0004,0.0%,LOW,124,2480,temperature,-5.8991,Cooling system,Inspect coolant level and radiator,temperature signal is elevated (SHAP=-5.899),31,Low,2026-06-28 20:56:24
Vehicle_0293,75.0,68.42703203899805,73.02810961169942,17.09106,69.50227217481927,0.0027,0.3%,LOW,124,2480,fault_count,-6.1285,ECU fault logs,Review and clear fault codes,fault_count signal is elevated (SHAP=-6.128),31,Low,2026-06-28 20:56:24
Vehicle_0294,90.0374705229515,100.0,93.02622936606603,99.74526,95.81573761963963,0.0002,0.0%,LOW,124,2480,temperature,-3.7471,Cooling system,Inspect coolant level and radiator,temperature signal is elevated (SHAP=-3.747),31,Low,2026-06-28 20:56:24
Vehicle_0295,80.51391966758314,83.38133788834101,81.3741451338105,24.714924,73.5007546579545,0.0002,0.0%,LOW,124,2480,temperature,-3.7621,Cooling system,Inspect coolant level and radiator,temperature signal is elevated (SHAP=-3.762),31,Low,2026-06-28 20:56:24
Vehicle_0296,76.2236214074235,91.88805967873152,80.9229528888159,21.381533,74.93138366903584,0.0002,0.0%,LOW,124,2480,temperature,-3.7598,Cooling system,Inspect coolant level and radiator,temperature signal is elevated (SHAP=-3.760),31,Low,2026-06-28 20:56:24
Vehicle_0297,78.18341079996631,62.83358790051706,73.57846393013153,9.7211895,60.713795938182336,0.0004,0.0%,LOW,124,2480,temperature,-6.0316,Cooling system,Inspect coolant level and radiator,temperature signal is elevated (SHAP=-6.032),31,Low,2026-06-28 20:56:24
Vehicle_0298,71.04872218990783,93.76930833947948,77.86489803477932,24.402285,67.47280048876348,0.0004,0.0%,LOW,124,2480,temperature,-5.9226,Cooling system,Inspect coolant level and radiator,temperature signal is elevated (SHAP=-5.923),31,Low,2026-06-28 20:56:24
Vehicle_0299,100.0,92.50698853908412,97.75209656172524,19.392086,91.15265564485196,0.0003,0.0%,LOW,124,2480,temperature,-3.8104,Cooling system,Inspect coolant level and radiator,temperature signal is elevated (SHAP=-3.810),31,Low,2026-06-28 20:56:24
Vehicle_0300,74.58810318540755,78.43507043762679,75.74219336107332,18.240112,63.13233010416936,0.0004,0.0%,LOW,124,2480,temperature,-5.9871,Cooling system,Inspect coolant level and radiator,temperature signal is elevated (SHAP=-5.987),31,Low,2026-06-28 20:56:24
Vehicle_0301,70.0,81.73174307862382,73.51952292358715,99.692085,80.45806236987704,0.002,0.2%,LOW,124,2480,fault_count,-6.1515,ECU fault logs,Review and clear fault codes,fault_count signal is elevated (SHAP=-6.152),31,Low,2026-06-28 20:56:24
Vehicle_0302,78.63950200567353,99.2512468888636,84.82302547063055,20.8457,72.74406466015105,0.0004,0.0%,LOW,124,2480,temperature,-5.898,Cooling system,Inspect coolant level and radiator,temperature signal is elevated (SHAP=-5.898),31,Low,2026-06-28 20:56:25
Vehicle_0303,54.08515958905434,99.66370234017454,67.7587224143904,3.6985457,78.58797391666914,0.0003,0.0%,LOW,124,2480,temperature,-3.9701,Cooling system,Inspect coolant level and radiator,temperature signal is elevated (SHAP=-3.970),31,Low,2026-06-28 20:56:25
Vehicle_0304,85.0,67.0,79.6,19.657219,69.16,0.0002,0.0%,LOW,124,2480,temperature,-3.9095,Cooling system,Inspect coolant level and radiator,temperature signal is elevated (SHAP=-3.909),31,Low,2026-06-28 20:56:25
Vehicle_0305,85.0,100.0,89.5,20.079834,81.69999999999999,0.0002,0.0%,LOW,124,2480,temperature,-3.847,Cooling system,Inspect coolant level and radiator,temperature signal is elevated (SHAP=-3.847),31,Low,2026-06-28 20:56:25
Vehicle_0306,79.72204468855607,93.2458459450358,83.77918506549997,22.410948,76.91668022830714,0.0002,0.0%,LOW,124,2480,temperature,-3.7448,Cooling system,Inspect coolant level and radiator,temperature signal is elevated (SHAP=-3.745),31,Low,2026-06-28 20:56:25
Vehicle_0307,80.0,100.0,86.0,19.392086,73.6,0.0006,0.1%,LOW,124,2480,temperature,-5.9391,Cooling system,Inspect coolant level and radiator,temperature signal is elevated (SHAP=-5.939),31,Low,2026-06-28 20:56:25
Vehicle_0308,66.5332945696722,74.8949264748455,69.04178414122418,11.860716,66.40405577970361,0.0002,0.0%,LOW,124,2480,temperature,-3.9677,Cooling system,Inspect coolant level and radiator,temperature signal is elevated (SHAP=-3.968),31,Low,2026-06-28 20:56:25
Vehicle_0309,92.5203427403688,67.0,84.86423991825815,17.09106,82.31854395095489,0.0002,0.0%,LOW,124,2480,temperature,-3.8213,Cooling system,Inspect coolant level and radiator,temperature signal is elevated (SHAP=-3.821),31,Low,2026-06-28 20:56:25
Vehicle_0310,48.70049148672664,100.0,64.09034404070864,3.0341506,66.4542064244252,0.0079,0.8%,LOW,124,2480,fault_count,-6.7139,ECU fault logs,Review and clear fault codes,fault_count signal is elevated (SHAP=-6.714),31,Low,2026-06-28 20:56:25
Vehicle_0311,80.0,82.4243975341904,80.72731926025712,17.09106,80.92127106299235,0.0002,0.0%,LOW,124,2480,temperature,-3.8183,Cooling system,Inspect coolant level and radiator,temperature signal is elevated (SHAP=-3.818),31,Low,2026-06-28 20:56:25
Vehicle_0312,81.8273996321127,100.0,87.27917974247889,19.392086,80.36750784548732,0.0003,0.0%,LOW,124,2480,temperature,-3.8399,Cooling system,Inspect coolant level and radiator,temperature signal is elevated (SHAP=-3.840),31,Low,2026-06-28 20:56:25
Vehicle_0313,50.0,88.13978234066495,61.44193470219949,5.0822973,68.49311728945268,0.0023,0.2%,LOW,124,2480,fault_count,-6.2848,ECU fault logs,Review and clear fault codes,fault_count signal is elevated (SHAP=-6.285),31,Low,2026-06-28 20:56:25
Vehicle_0314,96.83020523785105,64.11432964353864,87.01544255955731,99.692085,85.03213146444212,0.0002,0.0%,LOW,124,2480,temperature,-3.8216,Cooling system,Inspect coolant level and radiator,temperature signal is elevated (SHAP=-3.822),31,Low,2026-06-28 20:56:25
Vehicle_0315,50.16035469608824,78.96255970674746,58.801016199286,1.7541707,59.07312166092109,0.0006,0.1%,LOW,124,2480,temperature,-4.2112,Cooling system,Inspect coolant level and radiator,temperature signal is elevated (SHAP=-4.211),31,Low,2026-06-28 20:56:25
Vehicle_0316,99.57744887505078,100.0,99.70421421253552,99.716255,99.82252852752131,0.0002,0.0%,LOW,124,2480,temperature,-3.8355,Cooling system,Inspect coolant level and radiator,temperature signal is elevated (SHAP=-3.836),31,Low,2026-06-28 20:56:25
Vehicle_0317,84.09688036659797,72.1417458489484,80.5103400113031,21.291887,76.73455317657155,0.0002,0.0%,LOW,124,2480,temperature,-3.7473,Cooling system,Inspect coolant level and radiator,temperature signal is elevated (SHAP=-3.747),31,Low,2026-06-28 20:56:25
Vehicle_0318,85.0,100.0,89.5,19.047188,81.69999999999999,0.0003,0.0%,LOW,124,2480,temperature,-3.8503,Cooling system,Inspect coolant level and radiator,temperature signal is elevated (SHAP=-3.850),31,Low,2026-06-28 20:56:25
Vehicle_0319,49.71024948767072,100.0,64.79717464136951,3.5109758,62.8783047848217,0.0016,0.2%,LOW,124,2480,temperature,-6.2306,Cooling system,Inspect coolant level and radiator,temperature signal is elevated (SHAP=-6.231),31,Low,2026-06-28 20:56:25
Vehicle_0320,87.75317681612378,100.0,91.42722377128663,19.392086,88.85633426277198,0.0003,0.0%,LOW,124,2480,temperature,-3.8336,Cooling system,Inspect coolant level and radiator,temperature signal is elevated (SHAP=-3.834),31,Low,2026-06-28 20:56:25
Vehicle_0321,86.52948972747015,100.0,90.5706428092291,16.85328,90.34238568553748,0.0003,0.0%,LOW,124,2480,temperature,-3.8503,Cooling system,Inspect coolant level and radiator,temperature signal is elevated (SHAP=-3.850),31,Low,2026-06-28 20:56:25
Vehicle_0322,97.1631004438085,90.35495208914492,95.12065593740942,25.280869,89.14338398027463,0.0002,0.0%,LOW,124,2480,temperature,-3.7648,Cooling system,Inspect coolant level and radiator,temperature signal is elevated (SHAP=-3.765),31,Low,2026-06-28 20:56:25
Vehicle_0323,70.0,100.0,79.0,16.85328,77.4,0.0003,0.0%,LOW,124,2480,temperature,-3.8482,Cooling system,Inspect coolant level and radiator,temperature signal is elevated (SHAP=-3.848),31,Low,2026-06-28 20:56:25
Vehicle_0324,87.47393033806219,90.16308777844394,88.2806775701767,16.85328,89.00102409779481,0.0002,0.0%,LOW,124,2480,temperature,-3.8213,Cooling system,Inspect coolant level and radiator,temperature signal is elevated (SHAP=-3.821),31,Low,2026-06-28 20:56:25
Vehicle_0325,39.97216249061156,67.0,48.080513743428085,1.4038026,52.24830824605685,0.0335,3.4%,LOW,120,2400,fault_count,-7.0941,ECU fault logs,Review and clear fault codes,fault_count signal is elevated (SHAP=-7.094),30,Low,2026-06-28 20:56:25
Vehicle_0326,48.07675926584065,89.93721111302851,60.634894819997,2.2883356,58.3683791146039,0.003,0.3%,LOW,124,2480,temperature,-6.4628,Cooling system,Inspect coolant level and radiator,temperature signal is elevated (SHAP=-6.463),31,Low,2026-06-28 20:56:25
Vehicle_0327,80.0,100.0,86.0,99.563484,91.6,0.0003,0.0%,LOW,124,2480,temperature,-3.8202,Cooling system,Inspect coolant level and radiator,temperature signal is elevated (SHAP=-3.820),31,Low,2026-06-28 20:56:25
Vehicle_0328,68.05993219603992,91.23290472368537,75.01182395433355,20.79624,65.2536753173372,0.0004,0.0%,LOW,124,2480,temperature,-6.0214,Cooling system,Inspect coolant level and radiator,temperature signal is elevated (SHAP=-6.021),31,Low,2026-06-28 20:56:25
Vehicle_0329,90.0,68.49451137040582,83.54835341112174,19.30874,73.8279143207542,0.0002,0.0%,LOW,124,2480,temperature,-3.8183,Cooling system,Inspect coolant level and radiator,temperature signal is elevated (SHAP=-3.818),31,Low,2026-06-28 20:56:25
Vehicle_0330,65.0,82.07768883644694,70.12330665093408,16.002369,66.48952175784984,0.0002,0.0%,LOW,124,2480,temperature,-3.8703,Cooling system,Inspect coolant level and radiator,temperature signal is elevated (SHAP=-3.870),31,Low,2026-06-28 20:56:25
Vehicle_0331,45.07312617494863,67.0,51.65118832246404,3.0581057,52.39071299347842,0.0085,0.9%,LOW,123,2460,fault_count,-6.6225,ECU fault logs,Review and clear fault codes,fault_count signal is elevated (SHAP=-6.622),30,Low,2026-06-28 20:56:25
Vehicle_0332,53.61380631386781,100.0,67.52966441970747,2.3371696,62.517798651824485,0.005,0.5%,LOW,124,2480,temperature,-6.5407,Cooling system,Inspect coolant level and radiator,temperature signal is elevated (SHAP=-6.541),31,Low,2026-06-28 20:56:25
Vehicle_0333,77.89175083301174,67.0,74.62422558310821,20.665247,66.17453534986493,0.0002,0.0%,LOW,124,2480,temperature,-3.9139,Cooling system,Inspect coolant level and radiator,temperature signal is elevated (SHAP=-3.914),31,Low,2026-06-28 20:56:25
Vehicle_0334,80.0,96.48270935742016,84.94481280722604,16.165585,74.26342955581966,0.0005,0.1%,LOW,124,2480,temperature,-5.9341,Cooling system,Inspect coolant level and radiator,temperature signal is elevated (SHAP=-5.934),31,Low,2026-06-28 20:56:25
Vehicle_0335,85.62055809159638,68.90032866341473,80.60448926314187,24.714924,78.14275929056807,0.0002,0.0%,LOW,124,2480,temperature,-3.7321,Cooling system,Inspect coolant level and radiator,temperature signal is elevated (SHAP=-3.732),31,Low,2026-06-28 20:56:25
Vehicle_0336,100.0,68.20939315750864,90.4628179472526,20.411087,83.91956939985329,0.0002,0.0%,LOW,124,2480,temperature,-3.8166,Cooling system,Inspect coolant level and radiator,temperature signal is elevated (SHAP=-3.817),31,Low,2026-06-28 20:56:25
Vehicle_0337,79.44431421843002,95.68285903909648,84.31587766462995,25.280869,77.72609840659726,0.0002,0.0%,LOW,124,2480,temperature,-3.7695,Cooling system,Inspect coolant level and radiator,temperature signal is elevated (SHAP=-3.769),31,Low,2026-06-28 20:56:25
Vehicle_0338,100.0,86.24231014235151,95.87269304270544,18.609816,92.77207785409357,0.0002,0.0%,LOW,124,2480,temperature,-3.8296,Cooling system,Inspect coolant level and radiator,temperature signal is elevated (SHAP=-3.830),31,Low,2026-06-28 20:56:25
Vehicle_0339,80.0,100.0,86.0,17.713797,89.6,0.0003,0.0%,LOW,124,2480,temperature,-3.8399,Cooling system,Inspect coolant level and radiator,temperature signal is elevated (SHAP=-3.840),31,Low,2026-06-28 20:56:25
Vehicle_0340,71.7371558332668,70.83451306597634,71.46636300307966,18.20426,73.04672041504307,0.0002,0.0%,LOW,124,2480,temperature,-3.7472,Cooling system,Inspect coolant level and radiator,temperature signal is elevated (SHAP=-3.747),31,Low,2026-06-28 20:56:25
Vehicle_0341,100.0,79.25430834968195,93.7762925049046,21.067917,88.11663717287914,0.0002,0.0%,LOW,124,2480,temperature,-3.8191,Cooling system,Inspect coolant level and radiator,temperature signal is elevated (SHAP=-3.819),31,Low,2026-06-28 20:56:25
Vehicle_0342,100.0,67.0,90.1,99.685196,87.46,0.0002,0.0%,LOW,124,2480,temperature,-3.8172,Cooling system,Inspect coolant level and radiator,temperature signal is elevated (SHAP=-3.817),31,Low,2026-06-28 20:56:25
Vehicle_0343,60.0,67.0,62.1,1.3930798,56.66,0.006,0.6%,LOW,124,2480,temperature,-6.4163,Cooling system,Inspect coolant level and radiator,temperature signal is elevated (SHAP=-6.416),31,Low,2026-06-28 20:56:25
Vehicle_0344,87.5832914388192,100.0,91.30830400717343,16.54427,84.78498240430406,0.0003,0.0%,LOW,124,2480,temperature,-3.8462,Cooling system,Inspect coolant level and radiator,temperature signal is elevated (SHAP=-3.846),31,Low,2026-06-28 20:56:25
Vehicle_0345,80.0,100.0,86.0,17.470497,87.6,0.0032,0.3%,LOW,124,2480,fault_count,-6.1623,ECU fault logs,Review and clear fault codes,fault_count signal is elevated (SHAP=-6.162),31,Low,2026-06-28 20:56:25
Vehicle_0346,96.72479051723823,89.22622122317681,94.4752197290198,20.8457,90.53037608204724,0.0002,0.0%,LOW,124,2480,temperature,-3.7882,Cooling system,Inspect coolant level and radiator,temperature signal is elevated (SHAP=-3.788),31,Low,2026-06-28 20:56:25
Vehicle_0347,80.0,78.15682536254256,79.44704760876277,16.527294,65.29959363776618,0.0005,0.1%,LOW,124,2480,temperature,-6.0846,Cooling system,Inspect coolant level and radiator,temperature signal is elevated (SHAP=-6.085),31,Low,2026-06-28 20:56:25
Vehicle_0348,72.27281031619935,86.82559272941322,76.63864504016351,14.59012,65.34830556998075,0.0004,0.0%,LOW,124,2480,temperature,-6.0391,Cooling system,Inspect coolant level and radiator,temperature signal is elevated (SHAP=-6.039),31,Low,2026-06-28 20:56:25
Vehicle_0349,100.0,100.0,100.0,20.138336,98.0,0.0003,0.0%,LOW,124,2480,temperature,-3.8399,Cooling system,Inspect coolant level and radiator,temperature signal is elevated (SHAP=-3.840),31,Low,2026-06-28 20:56:25
Vehicle_0350,45.0,83.26258117293625,56.47877435188087,2.3263693,58.53978084571577,0.0158,1.6%,LOW,123,2460,fault_count,-6.8105,ECU fault logs,Review and clear fault codes,fault_count signal is elevated (SHAP=-6.811),30,Low,2026-06-28 20:56:25
Vehicle_0351,98.94930161898026,95.67095880618788,97.96579877514256,16.54427,91.9136710263231,0.0002,0.0%,LOW,124,2480,temperature,-3.8344,Cooling system,Inspect coolant level and radiator,temperature signal is elevated (SHAP=-3.834),31,Low,2026-06-28 20:56:25
Vehicle_0352,64.60248042469789,85.52483795907891,70.87918768501218,14.298463,73.63248020282309,0.0002,0.0%,LOW,124,2480,temperature,-3.7366,Cooling system,Inspect coolant level and radiator,temperature signal is elevated (SHAP=-3.737),31,Low,2026-06-28 20:56:25
Vehicle_0353,90.0,82.36459094363283,87.70937728308985,15.826941,79.09854455858047,0.0002,0.0%,LOW,124,2480,temperature,-3.8302,Cooling system,Inspect coolant level and radiator,temperature signal is elevated (SHAP=-3.830),31,Low,2026-06-28 20:56:25
Vehicle_0354,65.58708930101369,83.06781969113416,70.83130841804983,5.091256,61.11234898905673,0.0004,0.0%,LOW,124,2480,temperature,-6.088,Cooling system,Inspect coolant level and radiator,temperature signal is elevated (SHAP=-6.088),31,Low,2026-06-28 20:56:26
Vehicle_0355,61.55557006722438,93.53024116797924,71.14797139745083,14.764089,71.39483107206634,0.0003,0.0%,LOW,124,2480,temperature,-3.7855,Cooling system,Inspect coolant level and radiator,temperature signal is elevated (SHAP=-3.785),31,Low,2026-06-28 20:56:26
Vehicle_0356,60.0,75.6313457496072,64.68940372488217,1.3566136,55.93991138485074,0.0054,0.5%,LOW,124,2480,temperature,-6.5585,Cooling system,Inspect coolant level and radiator,temperature signal is elevated (SHAP=-6.559),31,Low,2026-06-28 20:56:26
Vehicle_0357,80.0,99.20353420278802,85.7610602608364,19.392086,75.29734299705945,0.0005,0.1%,LOW,124,2480,temperature,-5.9313,Cooling system,Inspect coolant level and radiator,temperature signal is elevated (SHAP=-5.931),31,Low,2026-06-28 20:56:26
Vehicle_0358,80.0,83.9689471657885,81.19068414973655,19.657219,71.50819992299964,0.0003,0.0%,LOW,124,2480,temperature,-5.8094,Cooling system,Inspect coolant level and radiator,temperature signal is elevated (SHAP=-5.809),31,Low,2026-06-28 20:56:26
Vehicle_0359,78.90465325956474,93.85156052669583,83.38872543970406,21.355003,74.8035473691616,0.0003,0.0%,LOW,124,2480,temperature,-5.8051,Cooling system,Inspect coolant level and radiator,temperature signal is elevated (SHAP=-5.805),31,Low,2026-06-28 20:56:26
Vehicle_0360,78.72491975342005,100.0,85.10744382739404,19.392086,77.06446629643642,0.0004,0.0%,LOW,124,2480,temperature,-5.8337,Cooling system,Inspect coolant level and radiator,temperature signal is elevated (SHAP=-5.834),31,Low,2026-06-28 20:56:26
Vehicle_0361,100.0,66.3046285685761,89.89138857057283,19.657219,83.19575885605892,0.0002,0.0%,LOW,124,2480,temperature,-3.8189,Cooling system,Inspect coolant level and radiator,temperature signal is elevated (SHAP=-3.819),31,Low,2026-06-28 20:56:26
Vehicle_0362,74.54561783034207,100.0,82.18193248123944,16.85328,71.30915948874366,0.0005,0.1%,LOW,124,2480,temperature,-5.8935,Cooling system,Inspect coolant level and radiator,temperature signal is elevated (SHAP=-5.894),31,Low,2026-06-28 20:56:26
Vehicle_0363,40.00527259269117,67.0,48.10369081488382,2.088052,44.26221448893029,0.0029,0.3%,LOW,124,2480,temperature,-6.4334,Cooling system,Inspect coolant level and radiator,temperature signal is elevated (SHAP=-6.433),31,Low,2026-06-28 20:56:26
Vehicle_0364,85.0,83.98901027493022,84.69670308247906,19.30874,75.61582390447349,0.0002,0.0%,LOW,124,2480,temperature,-3.8296,Cooling system,Inspect coolant level and radiator,temperature signal is elevated (SHAP=-3.830),31,Low,2026-06-28 20:56:26
Vehicle_0365,80.0,92.2068622477552,83.66205867432656,16.54427,74.63860765414697,0.0004,0.0%,LOW,124,2480,temperature,-5.7901,Cooling system,Inspect coolant level and radiator,temperature signal is elevated (SHAP=-5.790),31,Low,2026-06-28 20:56:26
Vehicle_0366,60.0,100.0,72.0,2.8941512,67.19999999999999,0.9992,99.9%,CRITICAL,5,100,temperature,4.8035,Cooling system,Inspect coolant level and radiator,temperature signal is rapidly deteriorating (SHAP=4.803),1,Immediate,2026-06-28 20:56:26
Vehicle_0367,100.0,67.0,90.1,19.30874,85.46,0.0002,0.0%,LOW,124,2480,temperature,-3.8296,Cooling system,Inspect coolant level and radiator,temperature signal is elevated (SHAP=-3.830),31,Low,2026-06-28 20:56:26
Vehicle_0368,100.0,90.16253727876918,97.04876118363076,99.67958,96.26176416593228,0.0002,0.0%,LOW,124,2480,temperature,-3.8049,Cooling system,Inspect coolant level and radiator,temperature signal is elevated (SHAP=-3.805),31,Low,2026-06-28 20:56:26
Vehicle_0369,78.80320885227701,85.00179990527224,80.66278616817557,17.715132,67.3980316819598,0.0005,0.1%,LOW,124,2480,temperature,-6.0082,Cooling system,Inspect coolant level and radiator,temperature signal is elevated (SHAP=-6.008),31,Low,2026-06-28 20:56:26
Vehicle_0370,74.66844428544039,65.66665364414042,71.9679070930504,11.860716,66.31407498465833,0.0002,0.0%,LOW,124,2480,temperature,-3.985,Cooling system,Inspect coolant level and radiator,temperature signal is elevated (SHAP=-3.985),31,Low,2026-06-28 20:56:26
Vehicle_0371,73.58412965837536,88.23815962797649,77.98033864925569,19.392086,70.4358351151487,0.0003,0.0%,LOW,124,2480,temperature,-5.7683,Cooling system,Inspect coolant level and radiator,temperature signal is elevated (SHAP=-5.768),31,Low,2026-06-28 20:56:26
Vehicle_0372,70.0,97.22369325341644,78.16710797602494,17.131138,76.34500343629824,0.001,0.1%,LOW,124,2480,fault_count,-5.0757,ECU fault logs,Review and clear fault codes,fault_count signal is elevated (SHAP=-5.076),31,Low,2026-06-28 20:56:26
Vehicle_0373,74.29618052300418,88.52005678893698,78.56334340278401,16.85328,74.8420173994578,0.0002,0.0%,LOW,124,2480,temperature,-3.8217,Cooling system,Inspect coolant level and radiator,temperature signal is elevated (SHAP=-3.822),31,Low,2026-06-28 20:56:26
Vehicle_0374,82.66952816890021,100.0,87.86866971823014,99.735985,92.72120183093809,0.0002,0.0%,LOW,124,2480,temperature,-3.7869,Cooling system,Inspect coolant level and radiator,temperature signal is elevated (SHAP=-3.787),31,Low,2026-06-28 20:56:26
Vehicle_0375,93.3765049602772,72.14307844796107,87.00647700658236,17.09106,82.63250189354163,0.0002,0.0%,LOW,124,2480,temperature,-3.8063,Cooling system,Inspect coolant level and radiator,temperature signal is elevated (SHAP=-3.806),31,Low,2026-06-28 20:56:26
Vehicle_0376,50.0,100.0,65.0,99.346176,79.0,0.003,0.3%,LOW,124,2480,fault_count,-6.2102,ECU fault logs,Review and clear fault codes,fault_count signal is elevated (SHAP=-6.210),31,Low,2026-06-28 20:56:26
Vehicle_0377,95.0,85.80986210438648,92.24295863131594,20.411087,84.50774759966686,0.0002,0.0%,LOW,124,2480,temperature,-3.8113,Cooling system,Inspect coolant level and radiator,temperature signal is elevated (SHAP=-3.811),31,Low,2026-06-28 20:56:26
Vehicle_0378,100.0,79.5313307143701,93.85939921431104,99.68493,92.22190567146065,0.0002,0.0%,LOW,124,2480,temperature,-3.7995,Cooling system,Inspect coolant level and radiator,temperature signal is elevated (SHAP=-3.800),31,Low,2026-06-28 20:56:26
Vehicle_0379,43.883725103437015,88.02556731517606,57.12627776695872,2.026391,55.880880123210446,0.9994,99.9%,CRITICAL,5,100,temperature,4.7083,Cooling system,Inspect coolant level and radiator,temperature signal is rapidly deteriorating (SHAP=4.708),1,Immediate,2026-06-28 20:56:26
Vehicle_0380,100.0,72.62479895943457,91.78743968783036,19.657219,85.59742360458515,0.0002,0.0%,LOW,124,2480,temperature,-3.8217,Cooling system,Inspect coolant level and radiator,temperature signal is elevated (SHAP=-3.822),31,Low,2026-06-28 20:56:26
Vehicle_0381,78.88380419759217,99.7279429874666,85.1370458345545,20.138336,77.02781609822603,0.0004,0.0%,LOW,124,2480,temperature,-5.7941,Cooling system,Inspect coolant level and radiator,temperature signal is elevated (SHAP=-5.794),31,Low,2026-06-28 20:56:26
Vehicle_0382,73.83161883608501,85.38301113953844,77.29703652712104,99.7552,83.45482414418031,0.0002,0.0%,LOW,124,2480,temperature,-3.7341,Cooling system,Inspect coolant level and radiator,temperature signal is elevated (SHAP=-3.734),31,Low,2026-06-28 20:56:26
Vehicle_0383,83.21124291953502,80.66548315037164,82.447514988786,99.68493,85.60160562334593,0.0002,0.0%,LOW,124,2480,temperature,-3.7917,Cooling system,Inspect coolant level and radiator,temperature signal is elevated (SHAP=-3.792),31,Low,2026-06-28 20:56:26
Vehicle_0384,95.0,99.97786375874654,96.49335912762396,20.8457,89.89158822832368,0.0002,0.0%,LOW,124,2480,temperature,-3.8024,Cooling system,Inspect coolant level and radiator,temperature signal is elevated (SHAP=-3.802),31,Low,2026-06-28 20:56:26
Vehicle_0385,80.0,72.87868966342424,77.86360689902727,20.411087,67.29390207210122,0.0003,0.0%,LOW,124,2480,temperature,-5.9135,Cooling system,Inspect coolant level and radiator,temperature signal is elevated (SHAP=-5.913),31,Low,2026-06-28 20:56:26
Vehicle_0386,80.0,100.0,86.0,19.392086,75.6,0.0005,0.1%,LOW,124,2480,temperature,-5.906,Cooling system,Inspect coolant level and radiator,temperature signal is elevated (SHAP=-5.906),31,Low,2026-06-28 20:56:26
Vehicle_0387,68.19954079701088,75.70685230181664,70.45173424845261,15.04702,67.41241100943489,0.0002,0.0%,LOW,124,2480,temperature,-3.9003,Cooling system,Inspect coolant level and radiator,temperature signal is elevated (SHAP=-3.900),31,Low,2026-06-28 20:56:26
Vehicle_0388,79.27436471561688,100.0,85.49205530093181,16.85328,79.29523318055908,0.0003,0.0%,LOW,124,2480,temperature,-3.8586,Cooling system,Inspect coolant level and radiator,temperature signal is elevated (SHAP=-3.859),31,Low,2026-06-28 20:56:26
Vehicle_0389,85.0,85.26982995921219,85.08094898776365,20.411087,76.10253538450063,0.0002,0.0%,LOW,124,2480,temperature,-3.8197,Cooling system,Inspect coolant level and radiator,temperature signal is elevated (SHAP=-3.820),31,Low,2026-06-28 20:56:26
Vehicle_0390,65.0,100.0,75.5,23.994816,73.3,0.0002,0.0%,LOW,124,2480,temperature,-3.7528,Cooling system,Inspect coolant level and radiator,temperature signal is elevated (SHAP=-3.753),31,Low,2026-06-28 20:56:26
Vehicle_0391,60.0,94.71277916725296,70.41383375017588,4.8235655,67.19085608355613,0.0004,0.0%,LOW,124,2480,temperature,-5.9517,Cooling system,Inspect coolant level and radiator,temperature signal is elevated (SHAP=-5.952),31,Low,2026-06-28 20:56:26
Vehicle_0392,90.69397543798314,100.0,93.4857828065882,99.65288,96.09146968395292,0.0002,0.0%,LOW,124,2480,temperature,-3.7718,Cooling system,Inspect coolant level and radiator,temperature signal is elevated (SHAP=-3.772),31,Low,2026-06-28 20:56:26
Vehicle_0393,75.16269084592749,93.56412372043587,80.68312070828,14.993679,79.12269716905517,0.0002,0.0%,LOW,124,2480,temperature,-3.7802,Cooling system,Inspect coolant level and radiator,temperature signal is elevated (SHAP=-3.780),31,Low,2026-06-28 20:56:26
Vehicle_0394,60.86945662746277,67.0,62.708619639223926,5.902582,55.025171783534354,0.0004,0.0%,LOW,124,2480,temperature,-6.006,Cooling system,Inspect coolant level and radiator,temperature signal is elevated (SHAP=-6.006),31,Low,2026-06-28 20:56:26
Vehicle_0395,82.64225941955006,100.0,87.84958159368503,17.392307,84.70974895621102,0.0003,0.0%,LOW,124,2480,temperature,-3.7929,Cooling system,Inspect coolant level and radiator,temperature signal is elevated (SHAP=-3.793),31,Low,2026-06-28 20:56:26
Vehicle_0396,92.16385714159284,90.30323177944456,91.60566953294835,19.392086,91.02404807565792,0.0002,0.0%,LOW,124,2480,temperature,-3.7912,Cooling system,Inspect coolant level and radiator,temperature signal is elevated (SHAP=-3.791),31,Low,2026-06-28 20:56:26
Vehicle_0397,72.1960074387244,93.74606978767764,78.66102614341037,17.470497,73.94582964358176,0.0003,0.0%,LOW,124,2480,temperature,-3.8146,Cooling system,Inspect coolant level and radiator,temperature signal is elevated (SHAP=-3.815),31,Low,2026-06-28 20:56:26
Vehicle_0398,80.0,100.0,86.0,19.137293,85.6,0.0002,0.0%,LOW,124,2480,temperature,-3.7422,Cooling system,Inspect coolant level and radiator,temperature signal is elevated (SHAP=-3.742),31,Low,2026-06-28 20:56:26
Vehicle_0399,84.098058831956,78.99060806331283,82.56582360136305,15.452546,75.3376157734804,0.0002,0.0%,LOW,124,2480,temperature,-3.7838,Cooling system,Inspect coolant level and radiator,temperature signal is elevated (SHAP=-3.784),31,Low,2026-06-28 20:56:26
Vehicle_0400,85.9920190740734,76.65587581460763,83.19117609623366,24.303907,75.24588082066171,0.0002,0.0%,LOW,124,2480,temperature,-3.7504,Cooling system,Inspect coolant level and radiator,temperature signal is elevated (SHAP=-3.750),31,Low,2026-06-28 20:56:26
Vehicle_0401,85.0,100.0,89.5,19.783419,81.69999999999999,0.0003,0.0%,LOW,124,2480,temperature,-3.8151,Cooling system,Inspect coolant level and radiator,temperature signal is elevated (SHAP=-3.815),31,Low,2026-06-28 20:56:26
Vehicle_0402,72.78592760547802,86.74639101472651,76.97406662825257,21.075558,65.53371817989685,0.0004,0.0%,LOW,124,2480,temperature,-6.0214,Cooling system,Inspect coolant level and radiator,temperature signal is elevated (SHAP=-6.021),31,Low,2026-06-28 20:56:26
Vehicle_0403,70.38414573747744,100.0,79.26890201623421,17.470497,75.56134120974053,0.0003,0.0%,LOW,124,2480,temperature,-3.8355,Cooling system,Inspect coolant level and radiator,temperature signal is elevated (SHAP=-3.836),31,Low,2026-06-28 20:56:26
Vehicle_0404,80.0,73.55654036758675,78.06696211027602,12.287563,63.55148533968296,0.0004,0.0%,LOW,124,2480,temperature,-6.0609,Cooling system,Inspect coolant level and radiator,temperature signal is elevated (SHAP=-6.061),31,Low,2026-06-28 20:56:26
Vehicle_0405,93.58242511606176,100.0,95.50769758124324,99.68686,97.30461854874594,0.0003,0.0%,LOW,124,2480,temperature,-3.8092,Cooling system,Inspect coolant level and radiator,temperature signal is elevated (SHAP=-3.809),31,Low,2026-06-28 20:56:27
Vehicle_0406,60.46008882286148,88.99607662013484,69.02088516204348,15.373463,65.21174642125305,0.0004,0.0%,LOW,124,2480,temperature,-5.9438,Cooling system,Inspect coolant level and radiator,temperature signal is elevated (SHAP=-5.944),31,Low,2026-06-28 20:56:27
Vehicle_0407,95.0,96.50158739628348,95.45047621888504,20.138336,88.57060321058772,0.0002,0.0%,LOW,124,2480,temperature,-3.8266,Cooling system,Inspect coolant level and radiator,temperature signal is elevated (SHAP=-3.827),31,Low,2026-06-28 20:56:27
Vehicle_0408,65.1144287392778,85.57881522078546,71.25374468373009,12.0682125,65.86800985439515,0.0004,0.0%,LOW,124,2480,temperature,-5.9571,Cooling system,Inspect coolant level and radiator,temperature signal is elevated (SHAP=-5.957),31,Low,2026-06-28 20:56:27
Vehicle_0409,80.0,95.58505563201504,84.6755166896045,99.67958,89.9223211401657,0.0002,0.0%,LOW,124,2480,temperature,-3.8043,Cooling system,Inspect coolant level and radiator,temperature signal is elevated (SHAP=-3.804),31,Low,2026-06-28 20:56:27
Vehicle_0410,70.0,100.0,79.0,24.863546,77.4,0.0002,0.0%,LOW,124,2480,temperature,-3.7402,Cooling system,Inspect coolant level and radiator,temperature signal is elevated (SHAP=-3.740),31,Low,2026-06-28 20:56:27
Vehicle_0411,98.37518329788116,90.85544493205526,96.1192617881334,99.67241,95.84264605929108,0.0002,0.0%,LOW,124,2480,temperature,-3.7995,Cooling system,Inspect coolant level and radiator,temperature signal is elevated (SHAP=-3.800),31,Low,2026-06-28 20:56:27
Vehicle_0412,85.0,100.0,89.5,20.788681,81.69999999999999,0.0003,0.0%,LOW,124,2480,temperature,-3.8394,Cooling system,Inspect coolant level and radiator,temperature signal is elevated (SHAP=-3.839),31,Low,2026-06-28 20:56:27
Vehicle_0413,80.0,92.51494125812016,83.75448237743605,19.783419,84.75567767808566,0.0002,0.0%,LOW,124,2480,temperature,-3.8,Cooling system,Inspect coolant level and radiator,temperature signal is elevated (SHAP=-3.800),31,Low,2026-06-28 20:56:27
Vehicle_0414,72.9245638145505,93.80596670529948,79.18898468177518,16.85328,84.27458415012501,0.0002,0.0%,LOW,124,2480,temperature,-3.7912,Cooling system,Inspect coolant level and radiator,temperature signal is elevated (SHAP=-3.791),31,Low,2026-06-28 20:56:27
Vehicle_0415,100.0,93.29739563407674,97.98921869022304,99.68686,97.45301034094916,0.0003,0.0%,LOW,124,2480,temperature,-3.8503,Cooling system,Inspect coolant level and radiator,temperature signal is elevated (SHAP=-3.850),31,Low,2026-06-28 20:56:27
Vehicle_0416,100.0,100.0,100.0,20.079834,96.0,0.0002,0.0%,LOW,124,2480,temperature,-3.8382,Cooling system,Inspect coolant level and radiator,temperature signal is elevated (SHAP=-3.838),31,Low,2026-06-28 20:56:27
Vehicle_0417,46.744250083388366,93.0601629507294,60.63902394359067,2.257824,56.995446956300285,0.0075,0.8%,LOW,124,2480,temperature,-6.4594,Cooling system,Inspect coolant level and radiator,temperature signal is elevated (SHAP=-6.459),31,Low,2026-06-28 20:56:27
Vehicle_0418,56.82392995321023,95.28849245094456,68.36329870253053,3.2443643,62.07567771170723,0.478,47.8%,MEDIUM,65,1300,ml_health_score,-1.0389,Vehicle system,Inspect flagged sensor,ml_health_score signal is elevated (SHAP=-1.039),16,Medium,2026-06-28 20:56:27
Vehicle_0419,100.0,80.16913669140904,94.05074100742272,99.692085,92.46427194273544,0.0002,0.0%,LOW,124,2480,temperature,-3.8213,Cooling system,Inspect coolant level and radiator,temperature signal is elevated (SHAP=-3.821),31,Low,2026-06-28 20:56:27
Vehicle_0420,22.753601498815712,88.89596948662829,42.59631189515948,2.0804882,45.33698103442134,0.931,93.1%,CRITICAL,8,160,ml_health_score,1.0987,Vehicle system,Inspect flagged sensor,ml_health_score signal is rapidly deteriorating (SHAP=1.099),2,Immediate,2026-06-28 20:56:27
Vehicle_0421,69.27399317725927,96.85506349455218,77.54831427244714,18.618567,75.90000126237872,0.0002,0.0%,LOW,124,2480,temperature,-3.8004,Cooling system,Inspect coolant level and radiator,temperature signal is elevated (SHAP=-3.800),31,Low,2026-06-28 20:56:27
Vehicle_0422,83.79912322570851,100.0,88.65938625799595,25.280869,87.19563175479757,0.0002,0.0%,LOW,124,2480,temperature,-3.7573,Cooling system,Inspect coolant level and radiator,temperature signal is elevated (SHAP=-3.757),31,Low,2026-06-28 20:56:27
Vehicle_0423,80.0,100.0,86.0,19.047188,73.6,0.0005,0.1%,LOW,124,2480,temperature,-5.9311,Cooling system,Inspect coolant level and radiator,temperature signal is elevated (SHAP=-5.931),31,Low,2026-06-28 20:56:27
Vehicle_0424,82.8914843741425,73.44722557757558,80.05820673517242,25.600946,78.72436915661856,0.0002,0.0%,LOW,124,2480,temperature,-3.7353,Cooling system,Inspect coolant level and radiator,temperature signal is elevated (SHAP=-3.735),31,Low,2026-06-28 20:56:27
Vehicle_0425,100.0,100.0,100.0,20.138336,98.0,0.0003,0.0%,LOW,124,2480,temperature,-3.8314,Cooling system,Inspect coolant level and radiator,temperature signal is elevated (SHAP=-3.831),31,Low,2026-06-28 20:56:27
Vehicle_0426,92.96710876570668,72.50000713827876,86.8269782774783,21.291887,82.59618839414273,0.0002,0.0%,LOW,124,2480,temperature,-3.7621,Cooling system,Inspect coolant level and radiator,temperature signal is elevated (SHAP=-3.762),31,Low,2026-06-28 20:56:27
Vehicle_0427,85.89244941864195,75.46464263132063,82.76410738244554,19.657219,82.75139295573145,0.0002,0.0%,LOW,124,2480,temperature,-3.8218,Cooling system,Inspect coolant level and radiator,temperature signal is elevated (SHAP=-3.822),31,Low,2026-06-28 20:56:27
Vehicle_0428,65.0,92.89651561213516,73.36895468364054,16.54427,74.60067593261135,0.0026,0.3%,LOW,124,2480,fault_count,-6.161,ECU fault logs,Review and clear fault codes,fault_count signal is elevated (SHAP=-6.161),31,Low,2026-06-28 20:56:27
Vehicle_0429,80.0,75.13497002867625,78.54049100860287,21.746206,80.15128861089697,0.0002,0.0%,LOW,124,2480,temperature,-3.7763,Cooling system,Inspect coolant level and radiator,temperature signal is elevated (SHAP=-3.776),31,Low,2026-06-28 20:56:27
Vehicle_0430,80.11268809132265,96.10182520862097,84.90942922651215,21.010471,86.16602257763148,0.0002,0.0%,LOW,124,2480,temperature,-3.7558,Cooling system,Inspect coolant level and radiator,temperature signal is elevated (SHAP=-3.756),31,Low,2026-06-28 20:56:27
Vehicle_0431,83.46721739540573,100.0,88.427052176784,15.603429,87.0562313060704,0.0003,0.0%,LOW,124,2480,temperature,-3.8097,Cooling system,Inspect coolant level and radiator,temperature signal is elevated (SHAP=-3.810),31,Low,2026-06-28 20:56:27
Vehicle_0432,80.75908734610394,100.0,86.53136114227274,14.993679,79.91881668536365,0.0003,0.0%,LOW,124,2480,temperature,-3.8211,Cooling system,Inspect coolant level and radiator,temperature signal is elevated (SHAP=-3.821),31,Low,2026-06-28 20:56:27
Vehicle_0433,71.52255078099239,100.0,80.06578554669467,23.994816,72.0394713280168,0.0005,0.1%,LOW,124,2480,temperature,-5.847,Cooling system,Inspect coolant level and radiator,temperature signal is elevated (SHAP=-5.847),31,Low,2026-06-28 20:56:27
Vehicle_0434,96.1823779867828,100.0,97.32766459074796,99.74526,98.39659875444876,0.0002,0.0%,LOW,124,2480,temperature,-3.7718,Cooling system,Inspect coolant level and radiator,temperature signal is elevated (SHAP=-3.772),31,Low,2026-06-28 20:56:27
Vehicle_0435,64.75844829490087,69.84314342226358,66.28385683310968,11.021513,61.738942784318525,0.0002,0.0%,LOW,124,2480,temperature,-3.9472,Cooling system,Inspect coolant level and radiator,temperature signal is elevated (SHAP=-3.947),31,Low,2026-06-28 20:56:27
Vehicle_0436,97.0077215831705,100.0,97.90540510821934,20.138336,96.7432430649316,0.0003,0.0%,LOW,124,2480,temperature,-3.8207,Cooling system,Inspect coolant level and radiator,temperature signal is elevated (SHAP=-3.821),31,Low,2026-06-28 20:56:27
Vehicle_0437,76.4055537362014,100.0,83.48388761534098,20.138336,72.09033256920458,0.0005,0.1%,LOW,124,2480,temperature,-5.9217,Cooling system,Inspect coolant level and radiator,temperature signal is elevated (SHAP=-5.922),31,Low,2026-06-28 20:56:27
Vehicle_0438,100.0,83.34285061299936,95.0028551838998,20.411087,89.67028323293975,0.0002,0.0%,LOW,124,2480,temperature,-3.8302,Cooling system,Inspect coolant level and radiator,temperature signal is elevated (SHAP=-3.830),31,Low,2026-06-28 20:56:27
Vehicle_0439,80.0,74.76118630610277,78.42835589183083,16.257309,66.00925079631905,0.0004,0.0%,LOW,124,2480,temperature,-6.0797,Cooling system,Inspect coolant level and radiator,temperature signal is elevated (SHAP=-6.080),31,Low,2026-06-28 20:56:27
Vehicle_0440,77.16328677915249,66.52035445210346,73.97040708103778,12.287563,63.68631513904336,0.0004,0.0%,LOW,124,2480,temperature,-5.9468,Cooling system,Inspect coolant level and radiator,temperature signal is elevated (SHAP=-5.947),31,Low,2026-06-28 20:56:27
Vehicle_0441,100.0,87.15870936693499,96.14761281008047,19.657219,89.12030955943528,0.0002,0.0%,LOW,124,2480,temperature,-3.8302,Cooling system,Inspect coolant level and radiator,temperature signal is elevated (SHAP=-3.830),31,Low,2026-06-28 20:56:27
Vehicle_0442,100.0,97.19492334098284,99.15847700229484,20.079834,92.93407086957347,0.0003,0.0%,LOW,124,2480,temperature,-3.8244,Cooling system,Inspect coolant level and radiator,temperature signal is elevated (SHAP=-3.824),31,Low,2026-06-28 20:56:27
Vehicle_0443,95.82349382982366,100.0,97.07644568087656,19.392086,92.24586740852592,0.0003,0.0%,LOW,124,2480,temperature,-3.8014,Cooling system,Inspect coolant level and radiator,temperature signal is elevated (SHAP=-3.801),31,Low,2026-06-28 20:56:27
Vehicle_0444,73.52820278266029,82.40370884805291,76.19085460227807,18.875605,74.19525453097742,0.0002,0.0%,LOW,124,2480,temperature,-3.7789,Cooling system,Inspect coolant level and radiator,temperature signal is elevated (SHAP=-3.779),31,Low,2026-06-28 20:56:27
Vehicle_0445,95.0,73.3342181207084,88.50026543621252,19.657219,79.76700288586919,0.0002,0.0%,LOW,124,2480,temperature,-3.8183,Cooling system,Inspect coolant level and radiator,temperature signal is elevated (SHAP=-3.818),31,Low,2026-06-28 20:56:27
Vehicle_0446,65.0,98.11600471988768,74.9348014159663,26.043135,72.58408179355732,0.0002,0.0%,LOW,124,2480,temperature,-3.7468,Cooling system,Inspect coolant level and radiator,temperature signal is elevated (SHAP=-3.747),31,Low,2026-06-28 20:56:27
Vehicle_0447,75.0,82.94910038792997,77.38473011637899,16.77857,75.02065814741339,0.0002,0.0%,LOW,124,2480,temperature,-3.7966,Cooling system,Inspect coolant level and radiator,temperature signal is elevated (SHAP=-3.797),31,Low,2026-06-28 20:56:27
Vehicle_0448,80.0,94.16058046458456,84.24817413937537,19.047188,75.38102057654213,0.0003,0.0%,LOW,124,2480,temperature,-5.7847,Cooling system,Inspect coolant level and radiator,temperature signal is elevated (SHAP=-5.785),31,Low,2026-06-28 20:56:27
Vehicle_0449,75.0,69.58511379012259,73.37553413703678,16.77857,69.94234324024659,0.0002,0.0%,LOW,124,2480,temperature,-3.8183,Cooling system,Inspect coolant level and radiator,temperature signal is elevated (SHAP=-3.818),31,Low,2026-06-28 20:56:27
Vehicle_0450,95.59728953135148,53.58898504616848,82.99479818579657,21.291887,74.51467592071164,0.0002,0.0%,LOW,124,2480,temperature,-3.7359,Cooling system,Inspect coolant level and radiator,temperature signal is elevated (SHAP=-3.736),31,Low,2026-06-28 20:56:27
Vehicle_0451,100.0,67.0,90.1,17.09106,81.46,0.0003,0.0%,LOW,124,2480,temperature,-3.8033,Cooling system,Inspect coolant level and radiator,temperature signal is elevated (SHAP=-3.803),31,Low,2026-06-28 20:56:27
Vehicle_0452,59.53672317861114,100.0,71.6757062250278,4.9705267,69.00542373501668,0.0004,0.0%,LOW,124,2480,temperature,-5.7922,Cooling system,Inspect coolant level and radiator,temperature signal is elevated (SHAP=-5.792),31,Low,2026-06-28 20:56:27
Vehicle_0453,70.0,78.74209348059105,72.62262804417732,13.129557,77.3219955226246,0.0021,0.2%,LOW,124,2480,fault_count,-6.1555,ECU fault logs,Review and clear fault codes,fault_count signal is elevated (SHAP=-6.155),31,Low,2026-06-28 20:56:27
Vehicle_0454,57.987525947179805,72.47363790625215,62.333359534901504,5.4887476,67.89474330219133,0.0024,0.2%,LOW,124,2480,fault_count,-6.2347,ECU fault logs,Review and clear fault codes,fault_count signal is elevated (SHAP=-6.235),31,Low,2026-06-28 20:56:27
Vehicle_0455,100.0,92.0101008809046,97.60303026427138,12.938285,90.96383833474376,0.0002,0.0%,LOW,124,2480,temperature,-3.8049,Cooling system,Inspect coolant level and radiator,temperature signal is elevated (SHAP=-3.805),31,Low,2026-06-28 20:56:27
Vehicle_0456,75.49286341291491,100.0,82.84500438904044,13.435298,77.70700263342425,0.0003,0.0%,LOW,124,2480,temperature,-3.8352,Cooling system,Inspect coolant level and radiator,temperature signal is elevated (SHAP=-3.835),31,Low,2026-06-28 20:56:27
Vehicle_0457,80.0,98.43538981317712,85.53061694395313,16.85328,89.0054481290073,0.0002,0.0%,LOW,124,2480,temperature,-3.831,Cooling system,Inspect coolant level and radiator,temperature signal is elevated (SHAP=-3.831),31,Low,2026-06-28 20:56:28
Vehicle_0458,95.0,76.0460071479894,89.31380214439682,17.475641,80.79748271623596,0.0002,0.0%,LOW,124,2480,temperature,-3.7966,Cooling system,Inspect coolant level and radiator,temperature signal is elevated (SHAP=-3.797),31,Low,2026-06-28 20:56:28
Vehicle_0459,65.0,96.664103301029,74.4992309903087,16.85328,72.03235925439103,0.0002,0.0%,LOW,124,2480,temperature,-3.7929,Cooling system,Inspect coolant level and radiator,temperature signal is elevated (SHAP=-3.793),31,Low,2026-06-28 20:56:28
Vehicle_0460,60.0,100.0,72.0,2.6238322,65.19999999999999,0.0052,0.5%,LOW,124,2480,temperature,-6.5563,Cooling system,Inspect coolant level and radiator,temperature signal is elevated (SHAP=-6.556),31,Low,2026-06-28 20:56:28
Vehicle_0461,84.7740863990528,95.134887340599,87.88232668151666,16.85328,83.7563734770298,0.0002,0.0%,LOW,124,2480,temperature,-3.7995,Cooling system,Inspect coolant level and radiator,temperature signal is elevated (SHAP=-3.800),31,Low,2026-06-28 20:56:28
Vehicle_0462,68.4839747632015,67.0,68.03878233424105,9.128296,56.22326940054462,0.0004,0.0%,LOW,124,2480,temperature,-6.0651,Cooling system,Inspect coolant level and radiator,temperature signal is elevated (SHAP=-6.065),31,Low,2026-06-28 20:56:28
Vehicle_0463,85.0,95.10280557866064,88.03084167359819,20.138336,79.83906611989104,0.0002,0.0%,LOW,124,2480,temperature,-3.8302,Cooling system,Inspect coolant level and radiator,temperature signal is elevated (SHAP=-3.830),31,Low,2026-06-28 20:56:28
Vehicle_0464,71.46687631365748,94.6799431621138,78.43079636819436,20.138336,71.99446645333937,0.0004,0.0%,LOW,124,2480,temperature,-5.7964,Cooling system,Inspect coolant level and radiator,temperature signal is elevated (SHAP=-5.796),31,Low,2026-06-28 20:56:28
Vehicle_0465,100.0,70.50805158359265,91.1524154750778,19.657219,84.79305960176521,0.0002,0.0%,LOW,124,2480,temperature,-3.7995,Cooling system,Inspect coolant level and radiator,temperature signal is elevated (SHAP=-3.800),31,Low,2026-06-28 20:56:28
Vehicle_0466,71.12789210577998,92.24045692017889,77.46166155009965,20.389969,66.92508831409558,0.0004,0.0%,LOW,124,2480,temperature,-5.9717,Cooling system,Inspect coolant level and radiator,temperature signal is elevated (SHAP=-5.972),31,Low,2026-06-28 20:56:28
Vehicle_0467,100.0,88.01546535496979,96.40463960649092,17.713797,91.44587683488852,0.0002,0.0%,LOW,124,2480,temperature,-3.7966,Cooling system,Inspect coolant level and radiator,temperature signal is elevated (SHAP=-3.797),31,Low,2026-06-28 20:56:28
Vehicle_0468,67.91142313764155,93.3320688280386,75.53761684476066,20.407671,81.98898387246412,0.0017,0.2%,LOW,124,2480,fault_count,-6.1381,ECU fault logs,Review and clear fault codes,fault_count signal is elevated (SHAP=-6.138),31,Low,2026-06-28 20:56:28
Vehicle_0469,66.98543190994673,94.95516052703724,75.37635049507388,99.75105,84.21684240245177,0.0002,0.0%,LOW,124,2480,temperature,-3.7579,Cooling system,Inspect coolant level and radiator,temperature signal is elevated (SHAP=-3.758),31,Low,2026-06-28 20:56:28
Vehicle_0470,85.0,100.0,89.5,19.392086,81.69999999999999,0.0003,0.0%,LOW,124,2480,temperature,-3.8586,Cooling system,Inspect coolant level and radiator,temperature signal is elevated (SHAP=-3.859),31,Low,2026-06-28 20:56:28
Vehicle_0471,64.56874642647128,93.1489242256134,73.14279976621391,23.994816,70.51546470485103,0.0002,0.0%,LOW,124,2480,temperature,-3.7252,Cooling system,Inspect coolant level and radiator,temperature signal is elevated (SHAP=-3.725),31,Low,2026-06-28 20:56:28
Vehicle_0472,100.0,92.46064216943708,97.73819265083112,19.047188,95.13504402438608,0.0003,0.0%,LOW,124,2480,temperature,-3.8226,Cooling system,Inspect coolant level and radiator,temperature signal is elevated (SHAP=-3.823),31,Low,2026-06-28 20:56:28
Vehicle_0473,73.87536904821341,89.80868163002303,78.65536282275629,21.010471,69.15495401965838,0.0004,0.0%,LOW,124,2480,temperature,-5.9533,Cooling system,Inspect coolant level and radiator,temperature signal is elevated (SHAP=-5.953),31,Low,2026-06-28 20:56:28
Vehicle_0474,100.0,85.97274322941858,95.79182296882556,19.30874,90.66964242717906,0.0002,0.0%,LOW,124,2480,temperature,-3.8189,Cooling system,Inspect coolant level and radiator,temperature signal is elevated (SHAP=-3.819),31,Low,2026-06-28 20:56:28
Vehicle_0475,74.64204634432379,80.70848077986301,76.46197667498555,19.30874,70.01888216096393,0.0002,0.0%,LOW,124,2480,temperature,-3.7887,Cooling system,Inspect coolant level and radiator,temperature signal is elevated (SHAP=-3.789),31,Low,2026-06-28 20:56:28
Vehicle_0476,86.15958641108759,67.0,80.41171048776131,24.714924,71.64702629265679,0.0002,0.0%,LOW,124,2480,temperature,-3.7621,Cooling system,Inspect coolant level and radiator,temperature signal is elevated (SHAP=-3.762),31,Low,2026-06-28 20:56:28
Vehicle_0477,30.0,62.30039329677638,39.69011798903291,2.060163,46.27414945277502,0.0006,0.1%,LOW,124,2480,temperature,-4.1568,Cooling system,Inspect coolant level and radiator,temperature signal is elevated (SHAP=-4.157),31,Low,2026-06-28 20:56:28
Vehicle_0478,80.0,100.0,86.0,20.138336,77.6,0.0004,0.0%,LOW,124,2480,temperature,-5.8379,Cooling system,Inspect coolant level and radiator,temperature signal is elevated (SHAP=-5.838),31,Low,2026-06-28 20:56:28
Vehicle_0479,80.0,99.31088537521671,85.79326561256501,16.54427,73.33813644258235,0.0005,0.1%,LOW,124,2480,temperature,-5.9391,Cooling system,Inspect coolant level and radiator,temperature signal is elevated (SHAP=-5.939),31,Low,2026-06-28 20:56:28
Vehicle_0480,50.0,100.0,65.0,1.9160271,65.0,0.9992,99.9%,CRITICAL,5,100,temperature,4.5966,Cooling system,Inspect coolant level and radiator,temperature signal is rapidly deteriorating (SHAP=4.597),1,Immediate,2026-06-28 20:56:28
Vehicle_0481,80.0,84.93498313726151,81.48049494117845,19.30874,67.87529359215937,0.0004,0.0%,LOW,124,2480,temperature,-6.0257,Cooling system,Inspect coolant level and radiator,temperature signal is elevated (SHAP=-6.026),31,Low,2026-06-28 20:56:28
Vehicle_0482,58.85027726153479,87.71849904398442,67.51074379626968,2.2400975,62.05014608655869,0.9993,99.9%,CRITICAL,5,100,temperature,4.6483,Cooling system,Inspect coolant level and radiator,temperature signal is rapidly deteriorating (SHAP=4.648),1,Immediate,2026-06-28 20:56:28
Vehicle_0483,100.0,100.0,100.0,19.392086,94.0,0.0003,0.0%,LOW,124,2480,temperature,-3.8394,Cooling system,Inspect coolant level and radiator,temperature signal is elevated (SHAP=-3.839),31,Low,2026-06-28 20:56:28
Vehicle_0484,82.57668714010609,100.0,87.80368099807426,17.233616,82.68220859884455,0.0003,0.0%,LOW,124,2480,temperature,-3.8586,Cooling system,Inspect coolant level and radiator,temperature signal is elevated (SHAP=-3.859),31,Low,2026-06-28 20:56:28
Vehicle_0485,100.0,79.81953206676658,93.94585962002998,20.411087,90.33142218537132,0.0002,0.0%,LOW,124,2480,temperature,-3.8479,Cooling system,Inspect coolant level and radiator,temperature signal is elevated (SHAP=-3.848),31,Low,2026-06-28 20:56:28
Vehicle_0486,80.0,100.0,86.0,19.392086,73.6,0.0005,0.1%,LOW,124,2480,temperature,-5.9391,Cooling system,Inspect coolant level and radiator,temperature signal is elevated (SHAP=-5.939),31,Low,2026-06-28 20:56:28
Vehicle_0487,79.86763439728756,92.32998455994344,83.60633944608432,19.203627,70.62980057963928,0.0004,0.0%,LOW,124,2480,temperature,-5.913,Cooling system,Inspect coolant level and radiator,temperature signal is elevated (SHAP=-5.913),31,Low,2026-06-28 20:56:28
Vehicle_0488,77.09095923127342,95.21036208541084,82.52678008751464,16.85328,72.55814046959095,0.0004,0.0%,LOW,124,2480,temperature,-5.9214,Cooling system,Inspect coolant level and radiator,temperature signal is elevated (SHAP=-5.921),31,Low,2026-06-28 20:56:28
Vehicle_0489,60.0,76.23986536147123,64.87195960844137,2.5919378,60.17114883735907,0.0011,0.1%,LOW,124,2480,temperature,-6.2987,Cooling system,Inspect coolant level and radiator,temperature signal is elevated (SHAP=-6.299),31,Low,2026-06-28 20:56:28
Vehicle_0490,50.032442910597126,67.85523589850615,55.37928080696983,1.7541707,50.798615663883126,0.0028,0.3%,LOW,124,2480,temperature,-6.4497,Cooling system,Inspect coolant level and radiator,temperature signal is elevated (SHAP=-6.450),31,Low,2026-06-28 20:56:28
Vehicle_0491,58.24940136953856,73.15782709696096,62.72192908776528,1.5285432,58.26472287205135,0.0079,0.8%,LOW,124,2480,temperature,-6.4214,Cooling system,Inspect coolant level and radiator,temperature signal is elevated (SHAP=-6.421),31,Low,2026-06-28 20:56:28
Vehicle_0492,99.00405778288312,92.571700569612,97.07435061890178,19.352795,92.75895048526344,0.0002,0.0%,LOW,124,2480,temperature,-3.7859,Cooling system,Inspect coolant level and radiator,temperature signal is elevated (SHAP=-3.786),31,Low,2026-06-28 20:56:28
Vehicle_0493,100.0,86.93212768645981,96.07963830593796,16.39558,91.03420852085472,0.0002,0.0%,LOW,124,2480,temperature,-3.8213,Cooling system,Inspect coolant level and radiator,temperature signal is elevated (SHAP=-3.821),31,Low,2026-06-28 20:56:28
Vehicle_0494,86.38103262073912,67.50421187212518,80.71798639615493,19.30874,71.931634212118,0.0002,0.0%,LOW,124,2480,temperature,-3.7835,Cooling system,Inspect coolant level and radiator,temperature signal is elevated (SHAP=-3.784),31,Low,2026-06-28 20:56:28
Vehicle_0495,95.0,91.13416424567936,93.84024927370382,19.701874,86.53098241335817,0.0002,0.0%,LOW,124,2480,temperature,-3.8183,Cooling system,Inspect coolant level and radiator,temperature signal is elevated (SHAP=-3.818),31,Low,2026-06-28 20:56:28
Vehicle_0496,46.150486472185946,86.4958996463119,58.25411042442373,2.295369,58.25164618391661,0.0035,0.4%,LOW,124,2480,temperature,-6.323,Cooling system,Inspect coolant level and radiator,temperature signal is elevated (SHAP=-6.323),31,Low,2026-06-28 20:56:28
Vehicle_0497,80.0,48.07367656263871,70.42210296879162,9.494913,57.86799709380272,0.0003,0.0%,LOW,124,2480,temperature,-5.9437,Cooling system,Inspect coolant level and radiator,temperature signal is elevated (SHAP=-5.944),31,Low,2026-06-28 20:56:28
Vehicle_0498,60.0,85.64204632476887,67.69261389743066,1.5469193,59.74397760341217,0.0057,0.6%,LOW,124,2480,temperature,-6.5152,Cooling system,Inspect coolant level and radiator,temperature signal is elevated (SHAP=-6.515),31,Low,2026-06-28 20:56:28
Vehicle_0499,80.0,86.4542754881803,81.93628264645409,20.411087,72.45262468550851,0.0003,0.0%,LOW,124,2480,temperature,-5.7764,Cooling system,Inspect coolant level and radiator,temperature signal is elevated (SHAP=-5.776),31,Low,2026-06-28 20:56:28
Vehicle_0500,80.0,81.5754871912463,80.47264615737389,99.7439,84.5986851326736,0.0002,0.0%,LOW,124,2480,temperature,-3.7499,Cooling system,Inspect coolant level and radiator,temperature signal is elevated (SHAP=-3.750),31,Low,2026-06-28 20:56:28
Vehicle_0501,80.0,100.0,86.0,16.54427,85.6,0.0026,0.3%,LOW,124,2480,fault_count,-6.1365,ECU fault logs,Review and clear fault codes,fault_count signal is elevated (SHAP=-6.136),31,Low,2026-06-28 20:56:28
Vehicle_0502,80.19479502614959,67.0,76.2363565183047,18.146824,73.14181391098282,0.0002,0.0%,LOW,124,2480,temperature,-3.7621,Cooling system,Inspect coolant level and radiator,temperature signal is elevated (SHAP=-3.762),31,Low,2026-06-28 20:56:28
Vehicle_0503,85.0,67.0,79.6,15.210032,69.16,0.0002,0.0%,LOW,124,2480,temperature,-3.9264,Cooling system,Inspect coolant level and radiator,temperature signal is elevated (SHAP=-3.926),31,Low,2026-06-28 20:56:28
Vehicle_0504,100.0,91.80421544341,97.541264633023,14.993679,90.8856018684958,0.0002,0.0%,LOW,124,2480,temperature,-3.8213,Cooling system,Inspect coolant level and radiator,temperature signal is elevated (SHAP=-3.821),31,Low,2026-06-28 20:56:28
Vehicle_0505,62.057575778502496,93.33609862497306,71.44113263244367,18.549675,63.53189930446081,0.0004,0.0%,LOW,124,2480,temperature,-6.0048,Cooling system,Inspect coolant level and radiator,temperature signal is elevated (SHAP=-6.005),31,Low,2026-06-28 20:56:28
Vehicle_0506,100.0,98.41954974431307,99.52586492329392,17.713797,95.39942890283896,0.0003,0.0%,LOW,124,2480,temperature,-3.8238,Cooling system,Inspect coolant level and radiator,temperature signal is elevated (SHAP=-3.824),31,Low,2026-06-28 20:56:28
Vehicle_0507,65.0,82.85693711339493,70.35708113401847,14.500374,70.78563610309007,0.0023,0.2%,LOW,124,2480,fault_count,-6.1502,ECU fault logs,Review and clear fault codes,fault_count signal is elevated (SHAP=-6.150),31,Low,2026-06-28 20:56:28
Vehicle_0508,76.95347185609057,56.062065131009085,70.68604983856612,6.8177643,57.624042929341485,0.0004,0.0%,LOW,124,2480,temperature,-6.0361,Cooling system,Inspect coolant level and radiator,temperature signal is elevated (SHAP=-6.036),31,Low,2026-06-28 20:56:28
Vehicle_0509,100.0,91.62928381053338,97.48878514316002,20.138336,90.81912784800268,0.0002,0.0%,LOW,124,2480,temperature,-3.8166,Cooling system,Inspect coolant level and radiator,temperature signal is elevated (SHAP=-3.817),31,Low,2026-06-28 20:56:28
Vehicle_0510,96.04759371499082,84.46396076675805,92.572503830521,99.692085,92.4362944516642,0.0002,0.0%,LOW,124,2480,temperature,-3.8172,Cooling system,Inspect coolant level and radiator,temperature signal is elevated (SHAP=-3.817),31,Low,2026-06-28 20:56:28
Vehicle_0511,100.0,100.0,100.0,20.138336,94.0,0.0003,0.0%,LOW,124,2480,temperature,-3.8256,Cooling system,Inspect coolant level and radiator,temperature signal is elevated (SHAP=-3.826),31,Low,2026-06-28 20:56:28
Vehicle_0512,100.0,86.40025037623433,95.9200751128703,19.657219,88.83209514296904,0.0002,0.0%,LOW,124,2480,temperature,-3.8213,Cooling system,Inspect coolant level and radiator,temperature signal is elevated (SHAP=-3.821),31,Low,2026-06-28 20:56:29
Vehicle_0513,79.31912898579397,90.8724449966682,82.78512378905623,24.402285,75.84556327276738,0.0002,0.0%,LOW,124,2480,temperature,-3.7621,Cooling system,Inspect coolant level and radiator,temperature signal is elevated (SHAP=-3.762),31,Low,2026-06-28 20:56:29
Vehicle_0514,80.0,100.0,86.0,17.233616,77.6,0.0004,0.0%,LOW,124,2480,temperature,-5.8379,Cooling system,Inspect coolant level and radiator,temperature signal is elevated (SHAP=-5.838),31,Low,2026-06-28 20:56:29
Vehicle_0515,76.27581634929757,88.53645625894366,79.95400832219138,16.85328,75.67969624510357,0.0002,0.0%,LOW,124,2480,temperature,-3.8296,Cooling system,Inspect coolant level and radiator,temperature signal is elevated (SHAP=-3.830),31,Low,2026-06-28 20:56:29
Vehicle_0516,74.66064321291842,98.01570859801568,81.66716282844759,21.010471,80.60343941667169,0.0002,0.0%,LOW,124,2480,temperature,-3.7322,Cooling system,Inspect coolant level and radiator,temperature signal is elevated (SHAP=-3.732),31,Low,2026-06-28 20:56:29
Vehicle_0517,79.9502194567601,86.12973799168914,81.8040750172388,13.129557,76.3083926086811,0.0003,0.0%,LOW,124,2480,temperature,-3.828,Cooling system,Inspect coolant level and radiator,temperature signal is elevated (SHAP=-3.828),31,Low,2026-06-28 20:56:29
Vehicle_0518,100.0,100.0,100.0,14.993679,98.0,0.0003,0.0%,LOW,124,2480,temperature,-3.8394,Cooling system,Inspect coolant level and radiator,temperature signal is elevated (SHAP=-3.839),31,Low,2026-06-28 20:56:29
Vehicle_0519,83.06553774768355,64.8497792332845,77.60081019336383,13.129557,77.5304419626752,0.0002,0.0%,LOW,124,2480,temperature,-3.8231,Cooling system,Inspect coolant level and radiator,temperature signal is elevated (SHAP=-3.823),31,Low,2026-06-28 20:56:29
Vehicle_0520,30.8751007297505,94.94837310777346,50.09708244315739,1.4937878,57.04792408744913,0.0324,3.2%,LOW,120,2400,fault_count,-7.2617,ECU fault logs,Review and clear fault codes,fault_count signal is elevated (SHAP=-7.262),30,Low,2026-06-28 20:56:29
Vehicle_0521,74.0155284831541,90.772543465713,79.04263297792177,24.402285,69.58008847989566,0.0004,0.0%,LOW,124,2480,temperature,-5.834,Cooling system,Inspect coolant level and radiator,temperature signal is elevated (SHAP=-5.834),31,Low,2026-06-28 20:56:29
Vehicle_0522,74.20263894294943,82.24610061314274,76.61567744400742,24.714924,72.418626589033,0.0002,0.0%,LOW,124,2480,temperature,-3.7568,Cooling system,Inspect coolant level and radiator,temperature signal is elevated (SHAP=-3.757),31,Low,2026-06-28 20:56:29
Vehicle_0523,80.0,97.12106024684796,85.13631807405439,99.68686,90.50600289380222,0.0009,0.1%,LOW,124,2480,fault_count,-5.0737,ECU fault logs,Review and clear fault codes,fault_count signal is elevated (SHAP=-5.074),31,Low,2026-06-28 20:56:29
Vehicle_0524,60.0,100.0,72.0,3.4210622,65.19999999999999,0.0017,0.2%,LOW,124,2480,temperature,-6.3064,Cooling system,Inspect coolant level and radiator,temperature signal is elevated (SHAP=-6.306),31,Low,2026-06-28 20:56:29
Vehicle_0525,60.0,100.0,72.0,6.278801,77.19999999999999,0.0024,0.2%,LOW,124,2480,fault_count,-6.2026,ECU fault logs,Review and clear fault codes,fault_count signal is elevated (SHAP=-6.203),31,Low,2026-06-28 20:56:29
Vehicle_0526,69.711428554918,96.76464736670655,77.82739419845456,23.994816,72.04936599241404,0.0003,0.0%,LOW,124,2480,temperature,-5.7397,Cooling system,Inspect coolant level and radiator,temperature signal is elevated (SHAP=-5.740),31,Low,2026-06-28 20:56:29
Vehicle_0527,60.0,100.0,72.0,2.8351605,67.19999999999999,0.9995,100.0%,CRITICAL,5,100,temperature,4.8395,Cooling system,Inspect coolant level and radiator,temperature signal is rapidly deteriorating (SHAP=4.840),1,Immediate,2026-06-28 20:56:29
Vehicle_0528,80.0,77.40859750594423,79.22257925178327,12.050134,65.01526705225882,0.0004,0.0%,LOW,124,2480,temperature,-6.0775,Cooling system,Inspect coolant level and radiator,temperature signal is elevated (SHAP=-6.077),31,Low,2026-06-28 20:56:29
Vehicle_0529,100.0,87.45154945570465,96.2354648367114,17.783546,93.23158879316776,0.0002,0.0%,LOW,124,2480,temperature,-3.8296,Cooling system,Inspect coolant level and radiator,temperature signal is elevated (SHAP=-3.830),31,Low,2026-06-28 20:56:29
Vehicle_0530,80.0,100.0,86.0,19.392086,89.6,0.0033,0.3%,LOW,124,2480,fault_count,-6.1311,ECU fault logs,Review and clear fault codes,fault_count signal is elevated (SHAP=-6.131),31,Low,2026-06-28 20:56:29
Vehicle_0531,77.2467816325179,76.9388148492254,77.15439159753014,21.666563,69.68039792836316,0.0002,0.0%,LOW,124,2480,temperature,-3.7911,Cooling system,Inspect coolant level and radiator,temperature signal is elevated (SHAP=-3.791),31,Low,2026-06-28 20:56:29
Vehicle_0532,60.0,79.03070816042629,65.70921244812789,5.413449,61.23166910096199,0.0003,0.0%,LOW,124,2480,temperature,-5.855,Cooling system,Inspect coolant level and radiator,temperature signal is elevated (SHAP=-5.855),31,Low,2026-06-28 20:56:29
Vehicle_0533,77.20734330159125,83.77079289451791,79.17637817946925,25.180113,68.25998548658514,0.0004,0.0%,LOW,124,2480,temperature,-5.956,Cooling system,Inspect coolant level and radiator,temperature signal is elevated (SHAP=-5.956),31,Low,2026-06-28 20:56:29
Vehicle_0534,86.42998148070583,100.0,90.50098703649408,19.047188,84.30059222189644,0.0003,0.0%,LOW,124,2480,temperature,-3.8403,Cooling system,Inspect coolant level and radiator,temperature signal is elevated (SHAP=-3.840),31,Low,2026-06-28 20:56:29
Vehicle_0535,100.0,93.33831062118806,98.0014931863564,20.138336,95.46855803605146,0.0002,0.0%,LOW,124,2480,temperature,-3.8172,Cooling system,Inspect coolant level and radiator,temperature signal is elevated (SHAP=-3.817),31,Low,2026-06-28 20:56:29
Vehicle_0536,70.87587292046635,100.0,79.61311104432644,17.713797,73.76786662659586,0.0005,0.1%,LOW,124,2480,temperature,-5.8379,Cooling system,Inspect coolant level and radiator,temperature signal is elevated (SHAP=-5.838),31,Low,2026-06-28 20:56:29
Vehicle_0537,84.23177202955598,95.1631457350506,87.51118414120437,20.138336,79.53933963173274,0.0002,0.0%,LOW,124,2480,temperature,-3.7943,Cooling system,Inspect coolant level and radiator,temperature signal is elevated (SHAP=-3.794),31,Low,2026-06-28 20:56:29
Vehicle_0538,41.82745726578168,95.81197465836972,58.02281248355809,3.6646366,65.9760824218088,0.0003,0.0%,LOW,124,2480,temperature,-4.0574,Cooling system,Inspect coolant level and radiator,temperature signal is elevated (SHAP=-4.057),31,Low,2026-06-28 20:56:29
Vehicle_0539,85.0,86.70940035361168,85.5128201060835,21.43972,76.64957213437243,0.0002,0.0%,LOW,124,2480,temperature,-3.8134,Cooling system,Inspect coolant level and radiator,temperature signal is elevated (SHAP=-3.813),31,Low,2026-06-28 20:56:29
Vehicle_0540,87.745038418685,66.0,81.2215268930795,21.666563,77.9329161358477,0.0002,0.0%,LOW,124,2480,temperature,-3.7567,Cooling system,Inspect coolant level and radiator,temperature signal is elevated (SHAP=-3.757),31,Low,2026-06-28 20:56:29
Vehicle_0541,80.0,100.0,86.0,19.392086,75.6,0.0006,0.1%,LOW,124,2480,temperature,-5.9584,Cooling system,Inspect coolant level and radiator,temperature signal is elevated (SHAP=-5.958),31,Low,2026-06-28 20:56:29
Vehicle_0542,100.0,70.50412492102029,91.15123747630608,99.677315,88.79156746998771,0.0002,0.0%,LOW,124,2480,temperature,-3.8296,Cooling system,Inspect coolant level and radiator,temperature signal is elevated (SHAP=-3.830),31,Low,2026-06-28 20:56:29
Vehicle_0543,63.81603440649236,85.93456588836283,70.4515938510535,17.513138,63.45786948830467,0.0004,0.0%,LOW,124,2480,temperature,-5.9622,Cooling system,Inspect coolant level and radiator,temperature signal is elevated (SHAP=-5.962),31,Low,2026-06-28 20:56:29
Vehicle_0544,80.0,100.0,86.0,19.392086,75.6,0.0006,0.1%,LOW,124,2480,temperature,-5.9338,Cooling system,Inspect coolant level and radiator,temperature signal is elevated (SHAP=-5.934),31,Low,2026-06-28 20:56:29
Vehicle_0545,85.0,89.61244747655859,86.38373424296756,17.713797,77.75273004109225,0.0002,0.0%,LOW,124,2480,temperature,-3.8213,Cooling system,Inspect coolant level and radiator,temperature signal is elevated (SHAP=-3.821),31,Low,2026-06-28 20:56:29
Vehicle_0546,63.81665237815496,83.60913976920205,69.75439859546907,17.194534,62.57446711112185,0.0004,0.0%,LOW,124,2480,temperature,-5.98,Cooling system,Inspect coolant level and radiator,temperature signal is elevated (SHAP=-5.980),31,Low,2026-06-28 20:56:29
Vehicle_0547,75.07510448735125,100.0,82.55257314114587,24.402285,71.53154388468752,0.0005,0.1%,LOW,124,2480,temperature,-5.8434,Cooling system,Inspect coolant level and radiator,temperature signal is elevated (SHAP=-5.843),31,Low,2026-06-28 20:56:29
Vehicle_0548,100.0,100.0,100.0,19.392086,98.0,0.0003,0.0%,LOW,124,2480,temperature,-3.8503,Cooling system,Inspect coolant level and radiator,temperature signal is elevated (SHAP=-3.850),31,Low,2026-06-28 20:56:29
Vehicle_0549,58.79451077302849,81.26095183050602,65.53444309027174,2.5664806,65.57285622026424,0.0006,0.1%,LOW,124,2480,temperature,-4.328,Cooling system,Inspect coolant level and radiator,temperature signal is elevated (SHAP=-4.328),31,Low,2026-06-28 20:56:29
Vehicle_0550,55.12002088843548,95.25404771180114,67.16022893544516,5.4963293,67.34694690362733,0.0002,0.0%,LOW,124,2480,temperature,-3.8328,Cooling system,Inspect coolant level and radiator,temperature signal is elevated (SHAP=-3.833),31,Low,2026-06-28 20:56:29
Vehicle_0551,58.44886187031696,71.81016586758015,62.45725306949591,1.8940032,53.83638501521358,0.0094,0.9%,LOW,123,2460,temperature,-6.5597,Cooling system,Inspect coolant level and radiator,temperature signal is elevated (SHAP=-6.560),30,Low,2026-06-28 20:56:29
Vehicle_0552,73.3039967174621,76.97456497710147,74.4051671953539,14.297014,66.03801331263263,0.0004,0.0%,LOW,124,2480,temperature,-5.9818,Cooling system,Inspect coolant level and radiator,temperature signal is elevated (SHAP=-5.982),31,Low,2026-06-28 20:56:29
Vehicle_0553,83.41555969133952,93.7987263302008,86.5305096829979,24.402285,80.6780510758389,0.0002,0.0%,LOW,124,2480,temperature,-3.74,Cooling system,Inspect coolant level and radiator,temperature signal is elevated (SHAP=-3.740),31,Low,2026-06-28 20:56:29
Vehicle_0554,40.0,84.26438198476801,53.27931459543041,1.2731314,58.820465154211846,0.0455,4.5%,LOW,119,2380,fault_count,-7.2146,ECU fault logs,Review and clear fault codes,fault_count signal is elevated (SHAP=-7.215),29,Low,2026-06-28 20:56:29
Vehicle_0555,87.10460555354928,75.79654448644456,83.71218723341785,22.126616,83.38662123733963,0.0002,0.0%,LOW,124,2480,temperature,-3.7579,Cooling system,Inspect coolant level and radiator,temperature signal is elevated (SHAP=-3.758),31,Low,2026-06-28 20:56:29
Vehicle_0556,99.9530465061502,79.93643024202798,93.94806162691351,21.26825,86.35612302455371,0.0002,0.0%,LOW,124,2480,temperature,-3.7885,Cooling system,Inspect coolant level and radiator,temperature signal is elevated (SHAP=-3.788),31,Low,2026-06-28 20:56:29
Vehicle_0557,75.0,74.17676789573326,74.75303036871998,19.657219,71.68717180037865,0.0002,0.0%,LOW,124,2480,temperature,-3.7882,Cooling system,Inspect coolant level and radiator,temperature signal is elevated (SHAP=-3.788),31,Low,2026-06-28 20:56:29
Vehicle_0558,80.0,99.25848763906798,85.7775462917204,19.392086,75.31822530284583,0.0005,0.1%,LOW,124,2480,temperature,-5.9391,Cooling system,Inspect coolant level and radiator,temperature signal is elevated (SHAP=-5.939),31,Low,2026-06-28 20:56:29
Vehicle_0559,68.93944810425589,67.0,68.35761367297911,11.877453,58.41456820378747,0.0004,0.0%,LOW,124,2480,temperature,-6.0112,Cooling system,Inspect coolant level and radiator,temperature signal is elevated (SHAP=-6.011),31,Low,2026-06-28 20:56:29
Vehicle_0560,82.2049678157558,75.05897571225675,80.06117018470607,25.600946,71.04849725327499,0.0002,0.0%,LOW,124,2480,temperature,-3.7561,Cooling system,Inspect coolant level and radiator,temperature signal is elevated (SHAP=-3.756),31,Low,2026-06-28 20:56:29
Vehicle_0561,100.0,67.0,90.1,19.657219,85.46,0.0002,0.0%,LOW,124,2480,temperature,-3.8296,Cooling system,Inspect coolant level and radiator,temperature signal is elevated (SHAP=-3.830),31,Low,2026-06-28 20:56:29
Vehicle_0562,79.97114614506856,98.6638399636567,85.578954290645,16.85328,77.08014056711835,0.0004,0.0%,LOW,124,2480,temperature,-5.8186,Cooling system,Inspect coolant level and radiator,temperature signal is elevated (SHAP=-5.819),31,Low,2026-06-28 20:56:29
Vehicle_0563,95.0,47.323799775596,80.6971399326788,17.09106,69.88304391472647,0.0002,0.0%,LOW,124,2480,temperature,-3.8072,Cooling system,Inspect coolant level and radiator,temperature signal is elevated (SHAP=-3.807),31,Low,2026-06-28 20:56:29
Vehicle_0564,85.0,92.27353177583642,87.18205953275091,20.079834,78.76394207481783,0.0002,0.0%,LOW,124,2480,temperature,-3.8213,Cooling system,Inspect coolant level and radiator,temperature signal is elevated (SHAP=-3.821),31,Low,2026-06-28 20:56:29
Vehicle_0565,77.9944630794011,100.0,84.59612415558077,16.85328,82.75767449334846,0.0003,0.0%,LOW,124,2480,temperature,-3.8586,Cooling system,Inspect coolant level and radiator,temperature signal is elevated (SHAP=-3.859),31,Low,2026-06-28 20:56:29
Vehicle_0566,65.22071737745635,100.0,75.65450216421945,16.85328,71.39270129853168,0.0004,0.0%,LOW,124,2480,temperature,-5.7994,Cooling system,Inspect coolant level and radiator,temperature signal is elevated (SHAP=-5.799),31,Low,2026-06-28 20:56:29
Vehicle_0567,80.0,67.0,76.1,24.303907,75.06,0.0002,0.0%,LOW,124,2480,temperature,-3.736,Cooling system,Inspect coolant level and radiator,temperature signal is elevated (SHAP=-3.736),31,Low,2026-06-28 20:56:29
Vehicle_0568,94.50807341546364,91.62789501234128,93.6440198945269,21.010471,92.5119909391844,0.0002,0.0%,LOW,124,2480,temperature,-3.7646,Cooling system,Inspect coolant level and radiator,temperature signal is elevated (SHAP=-3.765),31,Low,2026-06-28 20:56:30
Vehicle_0569,70.0790400315364,68.55806334107199,69.62274702439707,18.20426,71.48526088285264,0.0002,0.0%,LOW,124,2480,temperature,-3.732,Cooling system,Inspect coolant level and radiator,temperature signal is elevated (SHAP=-3.732),31,Low,2026-06-28 20:56:30
Vehicle_0570,80.0,57.98438332447118,73.39531499734136,8.001888,57.634065663299054,0.0005,0.1%,LOW,124,2480,temperature,-6.0503,Cooling system,Inspect coolant level and radiator,temperature signal is elevated (SHAP=-6.050),31,Low,2026-06-28 20:56:30
Vehicle_0571,100.0,89.87774575256381,96.96332372576914,99.698845,96.15354338597425,0.0002,0.0%,LOW,124,2480,temperature,-3.8183,Cooling system,Inspect coolant level and radiator,temperature signal is elevated (SHAP=-3.818),31,Low,2026-06-28 20:56:30
Vehicle_0572,100.0,66.0,89.8,17.715132,83.08,0.0003,0.0%,LOW,124,2480,temperature,-3.8333,Cooling system,Inspect coolant level and radiator,temperature signal is elevated (SHAP=-3.833),31,Low,2026-06-28 20:56:30
Vehicle_0573,100.0,100.0,100.0,19.392086,94.0,0.0003,0.0%,LOW,124,2480,temperature,-3.8394,Cooling system,Inspect coolant level and radiator,temperature signal is elevated (SHAP=-3.839),31,Low,2026-06-28 20:56:30
Vehicle_0574,80.0,45.95017468003243,69.78505240400973,6.8177643,55.06106637841232,0.0005,0.1%,LOW,124,2480,temperature,-6.0288,Cooling system,Inspect coolant level and radiator,temperature signal is elevated (SHAP=-6.029),31,Low,2026-06-28 20:56:30
Vehicle_0575,100.0,100.0,100.0,16.85328,94.0,0.0003,0.0%,LOW,124,2480,temperature,-3.8394,Cooling system,Inspect coolant level and radiator,temperature signal is elevated (SHAP=-3.839),31,Low,2026-06-28 20:56:30
Vehicle_0576,80.0,55.42683067709156,72.62804920312746,9.547502,58.66219565729479,0.0004,0.0%,LOW,124,2480,temperature,-6.068,Cooling system,Inspect coolant level and radiator,temperature signal is elevated (SHAP=-6.068),31,Low,2026-06-28 20:56:30
Vehicle_0577,40.0,79.32639432585154,51.79791829775546,1.5735388,48.94402984382359,0.8769,87.7%,CRITICAL,15,300,ml_health_score,1.2348,Vehicle system,Inspect flagged sensor,ml_health_score signal is rapidly deteriorating (SHAP=1.235),3,Immediate,2026-06-28 20:56:30
Vehicle_0578,61.86939550637467,78.15578951242935,66.75531370819107,6.9772425,63.68434612740052,0.0002,0.0%,LOW,124,2480,temperature,-3.9112,Cooling system,Inspect coolant level and radiator,temperature signal is elevated (SHAP=-3.911),31,Low,2026-06-28 20:56:30
Vehicle_0579,100.0,78.52516984910402,93.5575509547312,13.632763,85.83956454265953,0.0002,0.0%,LOW,124,2480,temperature,-3.8145,Cooling system,Inspect coolant level and radiator,temperature signal is elevated (SHAP=-3.814),31,Low,2026-06-28 20:56:30
Vehicle_0580,89.0963698648278,88.40333859960998,88.88846048526246,19.047188,81.01374401107947,0.0002,0.0%,LOW,124,2480,temperature,-3.8218,Cooling system,Inspect coolant level and radiator,temperature signal is elevated (SHAP=-3.822),31,Low,2026-06-28 20:56:30
Vehicle_0581,81.2134484259036,89.41572695527188,83.67413198471408,15.603429,76.08762458188282,0.0002,0.0%,LOW,124,2480,temperature,-3.7995,Cooling system,Inspect coolant level and radiator,temperature signal is elevated (SHAP=-3.800),31,Low,2026-06-28 20:56:30
Vehicle_0582,100.0,88.86712775324871,96.6601383259746,20.138336,93.7695085462345,0.0002,0.0%,LOW,124,2480,temperature,-3.8302,Cooling system,Inspect coolant level and radiator,temperature signal is elevated (SHAP=-3.830),31,Low,2026-06-28 20:56:30
Vehicle_0583,80.0,92.11971947632,83.635915842896,19.392086,72.6054934010016,0.0004,0.0%,LOW,124,2480,temperature,-5.921,Cooling system,Inspect coolant level and radiator,temperature signal is elevated (SHAP=-5.921),31,Low,2026-06-28 20:56:30
Vehicle_0584,95.0,100.0,96.5,20.138336,89.9,0.0003,0.0%,LOW,124,2480,temperature,-3.8399,Cooling system,Inspect coolant level and radiator,temperature signal is elevated (SHAP=-3.840),31,Low,2026-06-28 20:56:30
Vehicle_0585,68.56810552108024,94.21396193068932,76.26186244396297,16.85328,68.59990985251565,0.0004,0.0%,LOW,124,2480,temperature,-6.0257,Cooling system,Inspect coolant level and radiator,temperature signal is elevated (SHAP=-6.026),31,Low,2026-06-28 20:56:30
Vehicle_0586,55.0,53.05819502602478,54.41745850780743,1.3866603,51.26211410988942,0.0368,3.7%,LOW,120,2400,fault_count,-7.2641,ECU fault logs,Review and clear fault codes,fault_count signal is elevated (SHAP=-7.264),30,Low,2026-06-28 20:56:30
Vehicle_0587,80.0,73.97352738567419,78.19205821570226,14.057339,65.7099404065562,0.0005,0.1%,LOW,124,2480,temperature,-6.0944,Cooling system,Inspect coolant level and radiator,temperature signal is elevated (SHAP=-6.094),31,Low,2026-06-28 20:56:30
Vehicle_0588,94.92420054036064,100.0,96.44694037825244,99.74526,97.86816422695146,0.0002,0.0%,LOW,124,2480,temperature,-3.7703,Cooling system,Inspect coolant level and radiator,temperature signal is elevated (SHAP=-3.770),31,Low,2026-06-28 20:56:30
Vehicle_0589,100.0,82.57557280307662,94.77267184092298,99.692085,93.37871766516912,0.0002,0.0%,LOW,124,2480,temperature,-3.8108,Cooling system,Inspect coolant level and radiator,temperature signal is elevated (SHAP=-3.811),31,Low,2026-06-28 20:56:30
Vehicle_0590,80.0,90.76985494390084,83.23095648317025,16.85328,86.09254487868232,0.0024,0.2%,LOW,124,2480,fault_count,-6.1654,ECU fault logs,Review and clear fault codes,fault_count signal is elevated (SHAP=-6.165),31,Low,2026-06-28 20:56:30
Vehicle_0591,60.0,100.0,72.0,8.038574,67.19999999999999,0.0005,0.1%,LOW,124,2480,temperature,-5.9737,Cooling system,Inspect coolant level and radiator,temperature signal is elevated (SHAP=-5.974),31,Low,2026-06-28 20:56:30
Vehicle_0592,78.47199543612403,73.55444882508863,76.9967314528134,10.563874,62.90892863670577,0.0004,0.0%,LOW,124,2480,temperature,-6.0859,Cooling system,Inspect coolant level and radiator,temperature signal is elevated (SHAP=-6.086),31,Low,2026-06-28 20:56:30
Vehicle_0593,50.0,100.0,65.0,0.92108846,61.0,0.9997,100.0%,CRITICAL,5,100,temperature,4.6899,Cooling system,Inspect coolant level and radiator,temperature signal is rapidly deteriorating (SHAP=4.690),1,Immediate,2026-06-28 20:56:30
Vehicle_0594,100.0,69.65394291679698,90.89618287503907,15.826941,82.46849830838285,0.0002,0.0%,LOW,124,2480,temperature,-3.8189,Cooling system,Inspect coolant level and radiator,temperature signal is elevated (SHAP=-3.819),31,Low,2026-06-28 20:56:30
Vehicle_0595,69.28936278562627,86.05148391512189,74.31799912447495,20.146257,77.80109625770935,0.0002,0.0%,LOW,124,2480,temperature,-3.7323,Cooling system,Inspect coolant level and radiator,temperature signal is elevated (SHAP=-3.732),31,Low,2026-06-28 20:56:30
Vehicle_0596,80.3302064543917,76.0718650515458,79.05270403353794,24.303907,76.64599543043192,0.0002,0.0%,LOW,124,2480,temperature,-3.7198,Cooling system,Inspect coolant level and radiator,temperature signal is elevated (SHAP=-3.720),31,Low,2026-06-28 20:56:30
Vehicle_0597,80.0,100.0,86.0,19.047188,75.6,0.0006,0.1%,LOW,124,2480,temperature,-5.9584,Cooling system,Inspect coolant level and radiator,temperature signal is elevated (SHAP=-5.958),31,Low,2026-06-28 20:56:30
Vehicle_0598,85.62196136739067,83.444724524022,84.96879031438007,17.157566,83.67021909343245,0.0002,0.0%,LOW,124,2480,temperature,-3.8296,Cooling system,Inspect coolant level and radiator,temperature signal is elevated (SHAP=-3.830),31,Low,2026-06-28 20:56:30
Vehicle_0599,70.0,83.48612091727925,74.04583627518377,19.657219,71.12472594856612,0.0002,0.0%,LOW,124,2480,temperature,-3.7887,Cooling system,Inspect coolant level and radiator,temperature signal is elevated (SHAP=-3.789),31,Low,2026-06-28 20:56:30
Vehicle_0600,84.75265610760877,85.63264579099135,85.01665301262354,20.411087,76.13652096577239,0.0002,0.0%,LOW,124,2480,temperature,-3.8255,Cooling system,Inspect coolant level and radiator,temperature signal is elevated (SHAP=-3.825),31,Low,2026-06-28 20:56:30
Vehicle_0601,94.53768791297568,93.32744633025015,94.17461543815804,17.131138,89.17025852894486,0.0002,0.0%,LOW,124,2480,temperature,-3.7966,Cooling system,Inspect coolant level and radiator,temperature signal is elevated (SHAP=-3.797),31,Low,2026-06-28 20:56:30
Vehicle_0602,75.0,86.33071064807558,78.39921319442267,24.303907,76.30567004626872,0.0002,0.0%,LOW,124,2480,temperature,-3.7449,Cooling system,Inspect coolant level and radiator,temperature signal is elevated (SHAP=-3.745),31,Low,2026-06-28 20:56:30
Vehicle_0603,65.0,68.38451948211834,66.01535584463551,5.9724035,61.28611740320497,0.0002,0.0%,LOW,124,2480,temperature,-3.9719,Cooling system,Inspect coolant level and radiator,temperature signal is elevated (SHAP=-3.972),31,Low,2026-06-28 20:56:30
Vehicle_0604,80.0,67.0,76.1,14.562929,65.06,0.0003,0.0%,LOW,124,2480,temperature,-5.9818,Cooling system,Inspect coolant level and radiator,temperature signal is elevated (SHAP=-5.982),31,Low,2026-06-28 20:56:30
Vehicle_0605,100.0,91.14148036119884,97.34244410835964,19.047188,94.63376253725556,0.0002,0.0%,LOW,124,2480,temperature,-3.8183,Cooling system,Inspect coolant level and radiator,temperature signal is elevated (SHAP=-3.818),31,Low,2026-06-28 20:56:30
Vehicle_0606,82.22622037535216,92.04380925452963,85.1714970391054,16.919046,79.51166007436917,0.0002,0.0%,LOW,124,2480,temperature,-3.7912,Cooling system,Inspect coolant level and radiator,temperature signal is elevated (SHAP=-3.791),31,Low,2026-06-28 20:56:30
Vehicle_0607,77.60264029734782,100.0,84.32184820814348,21.381533,88.59310892488608,0.0002,0.0%,LOW,124,2480,temperature,-3.7353,Cooling system,Inspect coolant level and radiator,temperature signal is elevated (SHAP=-3.735),31,Low,2026-06-28 20:56:30
Vehicle_0608,96.5570190819139,100.0,97.58991335733973,99.67958,98.55394801440384,0.0003,0.0%,LOW,124,2480,temperature,-3.8467,Cooling system,Inspect coolant level and radiator,temperature signal is elevated (SHAP=-3.847),31,Low,2026-06-28 20:56:30
Vehicle_0609,85.0,57.12129335124767,76.6363880053743,14.800512,65.4060914734741,0.0002,0.0%,LOW,124,2480,temperature,-3.8968,Cooling system,Inspect coolant level and radiator,temperature signal is elevated (SHAP=-3.897),31,Low,2026-06-28 20:56:30
Vehicle_0610,70.79069750638855,100.0,79.55348825447199,24.402285,79.73209295268319,0.0002,0.0%,LOW,124,2480,temperature,-3.742,Cooling system,Inspect coolant level and radiator,temperature signal is elevated (SHAP=-3.742),31,Low,2026-06-28 20:56:30
Vehicle_0611,80.0,49.247786973532335,70.7743360920597,14.500374,68.31415904994228,0.0002,0.0%,LOW,124,2480,temperature,-3.876,Cooling system,Inspect coolant level and radiator,temperature signal is elevated (SHAP=-3.876),31,Low,2026-06-28 20:56:30
Vehicle_0612,98.14420992178178,95.56863315882757,97.3715368928955,99.662926,97.5366487675028,0.0003,0.0%,LOW,124,2480,temperature,-3.8238,Cooling system,Inspect coolant level and radiator,temperature signal is elevated (SHAP=-3.824),31,Low,2026-06-28 20:56:30
Vehicle_0613,80.0,82.30414931427951,80.69124479428385,16.257309,66.87557673942621,0.0004,0.0%,LOW,124,2480,temperature,-6.0692,Cooling system,Inspect coolant level and radiator,temperature signal is elevated (SHAP=-6.069),31,Low,2026-06-28 20:56:30
Vehicle_0614,76.61033557370808,60.828645070727546,71.87582842281392,6.8177643,59.29122606783387,0.0004,0.0%,LOW,124,2480,temperature,-6.0432,Cooling system,Inspect coolant level and radiator,temperature signal is elevated (SHAP=-6.043),31,Low,2026-06-28 20:56:30
Vehicle_0615,60.0,88.6877868096332,68.60633604288995,2.1317124,60.90135898766061,0.0088,0.9%,LOW,123,2460,temperature,-6.5685,Cooling system,Inspect coolant level and radiator,temperature signal is elevated (SHAP=-6.569),30,Low,2026-06-28 20:56:30
Vehicle_0616,98.1345558139252,100.0,98.69418906974764,23.390514,97.21651344184858,0.0002,0.0%,LOW,124,2480,temperature,-3.7895,Cooling system,Inspect coolant level and radiator,temperature signal is elevated (SHAP=-3.789),31,Low,2026-06-28 20:56:30
Vehicle_0617,88.585395905528,94.736591356059,90.4307545406873,99.70013,93.20577099562418,0.0002,0.0%,LOW,124,2480,temperature,-3.8108,Cooling system,Inspect coolant level and radiator,temperature signal is elevated (SHAP=-3.811),31,Low,2026-06-28 20:56:30
Vehicle_0618,100.0,70.50588493042305,91.15176547912692,17.715132,84.79223627356075,0.0002,0.0%,LOW,124,2480,temperature,-3.8469,Cooling system,Inspect coolant level and radiator,temperature signal is elevated (SHAP=-3.847),31,Low,2026-06-28 20:56:30
Vehicle_0619,87.75317681612378,79.39591022203922,85.2459968378984,21.125496,85.02678014714688,0.0002,0.0%,LOW,124,2480,temperature,-3.7958,Cooling system,Inspect coolant level and radiator,temperature signal is elevated (SHAP=-3.796),31,Low,2026-06-28 20:56:30
Vehicle_0620,75.0,33.0,62.4,5.9942245,56.04,0.0044,0.4%,LOW,124,2480,fault_count,-6.135,ECU fault logs,Review and clear fault codes,fault_count signal is elevated (SHAP=-6.135),31,Low,2026-06-28 20:56:30
Vehicle_0621,72.15894681220489,80.98935938559039,74.80807058422053,24.714924,69.0827142276504,0.0002,0.0%,LOW,124,2480,temperature,-3.8302,Cooling system,Inspect coolant level and radiator,temperature signal is elevated (SHAP=-3.830),31,Low,2026-06-28 20:56:30
Vehicle_0622,100.0,95.46792307957186,98.64037692387156,19.392086,96.2778107702373,0.0002,0.0%,LOW,124,2480,temperature,-3.8043,Cooling system,Inspect coolant level and radiator,temperature signal is elevated (SHAP=-3.804),31,Low,2026-06-28 20:56:30
Vehicle_0623,100.0,95.32526667288036,98.5975800018641,20.079834,92.22360133569453,0.0002,0.0%,LOW,124,2480,temperature,-3.8311,Cooling system,Inspect coolant level and radiator,temperature signal is elevated (SHAP=-3.831),31,Low,2026-06-28 20:56:31
Vehicle_0624,90.0,91.02073354682912,90.30622006404872,19.392086,82.38787874779506,0.0003,0.0%,LOW,124,2480,temperature,-3.828,Cooling system,Inspect coolant level and radiator,temperature signal is elevated (SHAP=-3.828),31,Low,2026-06-28 20:56:31
Vehicle_0625,95.86591119800212,95.88722022853692,95.87230390716256,20.138336,90.70082639000492,0.0002,0.0%,LOW,124,2480,temperature,-3.7977,Cooling system,Inspect coolant level and radiator,temperature signal is elevated (SHAP=-3.798),31,Low,2026-06-28 20:56:31
Vehicle_0626,75.0,79.55345512594005,76.36603653778201,24.303907,73.73031294785721,0.0002,0.0%,LOW,124,2480,temperature,-3.743,Cooling system,Inspect coolant level and radiator,temperature signal is elevated (SHAP=-3.743),31,Low,2026-06-28 20:56:31
Vehicle_0627,77.83875000742627,100.0,84.48712500519838,23.994816,80.69227500311902,0.0002,0.0%,LOW,124,2480,temperature,-3.7695,Cooling system,Inspect coolant level and radiator,temperature signal is elevated (SHAP=-3.769),31,Low,2026-06-28 20:56:31
Vehicle_0628,47.225757175147606,100.0,63.058030022603326,2.2093177,59.83481801356199,0.9989,99.9%,CRITICAL,5,100,temperature,4.5137,Cooling system,Inspect coolant level and radiator,temperature signal is rapidly deteriorating (SHAP=4.514),1,Immediate,2026-06-28 20:56:31
Vehicle_0629,100.0,82.11724353277404,94.6351730598322,19.30874,87.20455254245414,0.0002,0.0%,LOW,124,2480,temperature,-3.7995,Cooling system,Inspect coolant level and radiator,temperature signal is elevated (SHAP=-3.800),31,Low,2026-06-28 20:56:31
Vehicle_0630,100.0,67.0,90.1,99.69827,87.46,0.0002,0.0%,LOW,124,2480,temperature,-3.8134,Cooling system,Inspect coolant level and radiator,temperature signal is elevated (SHAP=-3.813),31,Low,2026-06-28 20:56:31
Vehicle_0631,59.96389387417025,99.98877287783756,71.97135757527045,3.121072,67.18056912072979,0.9908,99.1%,CRITICAL,5,100,temperature,4.5468,Cooling system,Inspect coolant level and radiator,temperature signal is rapidly deteriorating (SHAP=4.547),1,Immediate,2026-06-28 20:56:31
Vehicle_0632,56.33023734760167,86.28552349813953,65.31682319276302,2.5664806,66.44719861528571,0.026,2.6%,LOW,121,2420,fault_count,-7.1463,ECU fault logs,Review and clear fault codes,fault_count signal is elevated (SHAP=-7.146),30,Low,2026-06-28 20:56:31
Vehicle_0633,95.0,89.58680287673762,93.37604086302127,20.079834,85.9429850931603,0.0002,0.0%,LOW,124,2480,temperature,-3.8122,Cooling system,Inspect coolant level and radiator,temperature signal is elevated (SHAP=-3.812),31,Low,2026-06-28 20:56:31
Vehicle_0634,80.0,100.0,86.0,20.8457,77.6,0.0004,0.0%,LOW,124,2480,temperature,-5.8107,Cooling system,Inspect coolant level and radiator,temperature signal is elevated (SHAP=-5.811),31,Low,2026-06-28 20:56:31
Vehicle_0635,80.0,84.21952490787764,81.2658574723633,19.657219,67.60341946499351,0.0004,0.0%,LOW,124,2480,temperature,-6.034,Cooling system,Inspect coolant level and radiator,temperature signal is elevated (SHAP=-6.034),31,Low,2026-06-28 20:56:31
Vehicle_0636,100.0,87.31394247282944,96.19418274184883,19.657219,93.17929813967518,0.0002,0.0%,LOW,124,2480,temperature,-3.8217,Cooling system,Inspect coolant level and radiator,temperature signal is elevated (SHAP=-3.822),31,Low,2026-06-28 20:56:31
Vehicle_0637,80.0,90.09802797054635,83.02940839116391,19.392086,71.83725062880762,0.0005,0.1%,LOW,124,2480,temperature,-5.8941,Cooling system,Inspect coolant level and radiator,temperature signal is elevated (SHAP=-5.894),31,Low,2026-06-28 20:56:31
Vehicle_0638,85.0,100.0,89.5,20.138336,81.69999999999999,0.0003,0.0%,LOW,124,2480,temperature,-3.8304,Cooling system,Inspect coolant level and radiator,temperature signal is elevated (SHAP=-3.830),31,Low,2026-06-28 20:56:31
Vehicle_0639,73.64911946707468,92.2461484678741,79.2282281673145,21.381533,75.98616659396352,0.0002,0.0%,LOW,124,2480,temperature,-3.7621,Cooling system,Inspect coolant level and radiator,temperature signal is elevated (SHAP=-3.762),31,Low,2026-06-28 20:56:31
Vehicle_0640,54.264778741417416,71.36138591655316,59.39376089395813,1.8776894,53.90853371968552,0.0028,0.3%,LOW,124,2480,temperature,-6.425,Cooling system,Inspect coolant level and radiator,temperature signal is elevated (SHAP=-6.425),31,Low,2026-06-28 20:56:31
Vehicle_0641,100.0,72.01800506117159,91.60540151835148,19.30874,83.3668419232452,0.0002,0.0%,LOW,124,2480,temperature,-3.8171,Cooling system,Inspect coolant level and radiator,temperature signal is elevated (SHAP=-3.817),31,Low,2026-06-28 20:56:31
Vehicle_0642,69.02409804915337,94.04729370738345,76.53105674662238,16.54427,70.72809278945012,0.0004,0.0%,LOW,124,2480,temperature,-5.7976,Cooling system,Inspect coolant level and radiator,temperature signal is elevated (SHAP=-5.798),31,Low,2026-06-28 20:56:31
Vehicle_0643,36.7344341342731,73.11443798859882,47.648435290570816,2.088052,53.21194877206226,0.0188,1.9%,LOW,122,2440,fault_count,-6.924,ECU fault logs,Review and clear fault codes,fault_count signal is elevated (SHAP=-6.924),30,Low,2026-06-28 20:56:31
Vehicle_0644,65.48918696879886,52.873596602812206,61.70450985900286,10.304541,49.59742523596416,0.0004,0.0%,LOW,124,2480,temperature,-5.9406,Cooling system,Inspect coolant level and radiator,temperature signal is elevated (SHAP=-5.941),31,Low,2026-06-28 20:56:31
Vehicle_0645,90.43586556718095,100.0,93.30510589702666,25.280869,87.98306353821599,0.0002,0.0%,LOW,124,2480,temperature,-3.7722,Cooling system,Inspect coolant level and radiator,temperature signal is elevated (SHAP=-3.772),31,Low,2026-06-28 20:56:31
Vehicle_0646,80.0,100.0,86.0,19.047188,77.6,0.0004,0.0%,LOW,124,2480,temperature,-5.8103,Cooling system,Inspect coolant level and radiator,temperature signal is elevated (SHAP=-5.810),31,Low,2026-06-28 20:56:31
Vehicle_0647,81.12325707490767,68.75849856378883,77.41382952157201,21.291887,72.19999742570099,0.0002,0.0%,LOW,124,2480,temperature,-3.7598,Cooling system,Inspect coolant level and radiator,temperature signal is elevated (SHAP=-3.760),31,Low,2026-06-28 20:56:31
Vehicle_0648,100.0,96.59537830400322,98.97861349120096,20.138336,92.7062437555212,0.0002,0.0%,LOW,124,2480,temperature,-3.8097,Cooling system,Inspect coolant level and radiator,temperature signal is elevated (SHAP=-3.810),31,Low,2026-06-28 20:56:31
Vehicle_0649,100.0,94.85400712922578,98.45620213876774,19.392086,92.0445227091058,0.0002,0.0%,LOW,124,2480,temperature,-3.8213,Cooling system,Inspect coolant level and radiator,temperature signal is elevated (SHAP=-3.821),31,Low,2026-06-28 20:56:31
Vehicle_0650,80.0,81.49930795897401,80.4497923876922,14.057339,66.56973702441012,0.0005,0.1%,LOW,124,2480,temperature,-6.112,Cooling system,Inspect coolant level and radiator,temperature signal is elevated (SHAP=-6.112),31,Low,2026-06-28 20:56:31
Vehicle_0651,44.6227181280813,100.0,61.23590268965691,1.2520909,60.74154161379415,0.9996,100.0%,CRITICAL,5,100,temperature,4.6674,Cooling system,Inspect coolant level and radiator,temperature signal is rapidly deteriorating (SHAP=4.667),1,Immediate,2026-06-28 20:56:31
Vehicle_0652,80.0,33.0,65.9,9.280766,62.14,0.0002,0.0%,LOW,124,2480,temperature,-3.8986,Cooling system,Inspect coolant level and radiator,temperature signal is elevated (SHAP=-3.899),31,Low,2026-06-28 20:56:31
Vehicle_0653,50.0,87.78176718504052,61.33453015551216,1.2520909,58.3570715303154,0.9996,100.0%,CRITICAL,5,100,temperature,4.7595,Cooling system,Inspect coolant level and radiator,temperature signal is rapidly deteriorating (SHAP=4.760),1,Immediate,2026-06-28 20:56:31
Vehicle_0654,90.0,100.0,93.0,20.8457,85.8,0.0002,0.0%,LOW,124,2480,temperature,-3.8059,Cooling system,Inspect coolant level and radiator,temperature signal is elevated (SHAP=-3.806),31,Low,2026-06-28 20:56:31
Vehicle_0655,92.38222499591625,73.77807256235778,86.8009792658487,17.09106,84.83620207198078,0.0002,0.0%,LOW,124,2480,temperature,-3.8183,Cooling system,Inspect coolant level and radiator,temperature signal is elevated (SHAP=-3.818),31,Low,2026-06-28 20:56:31
Vehicle_0656,80.0,92.34734354778716,83.70420306433614,17.713797,74.69199054815911,0.0004,0.0%,LOW,124,2480,temperature,-5.7728,Cooling system,Inspect coolant level and radiator,temperature signal is elevated (SHAP=-5.773),31,Low,2026-06-28 20:56:31
Vehicle_0657,82.0628386135905,100.0,87.44398702951335,25.280869,90.466392217708,0.0002,0.0%,LOW,124,2480,temperature,-3.7672,Cooling system,Inspect coolant level and radiator,temperature signal is elevated (SHAP=-3.767),31,Low,2026-06-28 20:56:31
Vehicle_0658,64.29762786711139,59.08526634866067,62.73391941157617,7.881361,53.45740491667783,0.0004,0.0%,LOW,124,2480,temperature,-5.9025,Cooling system,Inspect coolant level and radiator,temperature signal is elevated (SHAP=-5.902),31,Low,2026-06-28 20:56:31
Vehicle_0659,75.0,100.0,82.5,16.54427,81.5,0.0003,0.0%,LOW,124,2480,temperature,-3.8462,Cooling system,Inspect coolant level and radiator,temperature signal is elevated (SHAP=-3.846),31,Low,2026-06-28 20:56:31
Vehicle_0660,80.0,100.0,86.0,17.392307,73.6,0.0005,0.1%,LOW,124,2480,temperature,-5.9448,Cooling system,Inspect coolant level and radiator,temperature signal is elevated (SHAP=-5.945),31,Low,2026-06-28 20:56:31
Vehicle_0661,75.63265062535622,89.79369147597139,79.88096288054076,24.863546,77.88731602351874,0.0002,0.0%,LOW,124,2480,temperature,-3.723,Cooling system,Inspect coolant level and radiator,temperature signal is elevated (SHAP=-3.723),31,Low,2026-06-28 20:56:31
Vehicle_0662,100.0,88.48223818304119,96.54467145491236,99.67241,95.62325050955565,0.0002,0.0%,LOW,124,2480,temperature,-3.7995,Cooling system,Inspect coolant level and radiator,temperature signal is elevated (SHAP=-3.800),31,Low,2026-06-28 20:56:31
Vehicle_0663,80.0,66.13101590559819,75.83930477167945,14.256514,64.72978604412731,0.0003,0.0%,LOW,124,2480,temperature,-5.9571,Cooling system,Inspect coolant level and radiator,temperature signal is elevated (SHAP=-5.957),31,Low,2026-06-28 20:56:31
Vehicle_0664,65.70842957856932,86.36271375130633,71.90471483039042,16.822624,66.41537164849552,0.0003,0.0%,LOW,124,2480,temperature,-5.9445,Cooling system,Inspect coolant level and radiator,temperature signal is elevated (SHAP=-5.944),31,Low,2026-06-28 20:56:31
Vehicle_0665,89.6686609254725,69.42106327027626,83.59438162891362,20.351988,78.04084163140342,0.0002,0.0%,LOW,124,2480,temperature,-3.7929,Cooling system,Inspect coolant level and radiator,temperature signal is elevated (SHAP=-3.793),31,Low,2026-06-28 20:56:31
Vehicle_0666,100.0,95.40028744301026,98.62008623290308,20.138336,94.2521092283439,0.0002,0.0%,LOW,124,2480,temperature,-3.8344,Cooling system,Inspect coolant level and radiator,temperature signal is elevated (SHAP=-3.834),31,Low,2026-06-28 20:56:31
Vehicle_0667,80.0,82.33675834191345,80.70102750257404,19.657219,68.88796816992712,0.0004,0.0%,LOW,124,2480,temperature,-6.0092,Cooling system,Inspect coolant level and radiator,temperature signal is elevated (SHAP=-6.009),31,Low,2026-06-28 20:56:31
Vehicle_0668,75.53799493423423,83.95326554384559,78.06257611711764,18.110687,69.6281987790397,0.0004,0.0%,LOW,124,2480,temperature,-5.791,Cooling system,Inspect coolant level and radiator,temperature signal is elevated (SHAP=-5.791),31,Low,2026-06-28 20:56:31
Vehicle_0669,98.0681035676054,100.0,98.64767249732375,22.557795,95.18860349839426,0.0002,0.0%,LOW,124,2480,temperature,-3.825,Cooling system,Inspect coolant level and radiator,temperature signal is elevated (SHAP=-3.825),31,Low,2026-06-28 20:56:31
Vehicle_0670,72.334685617435,91.31655441041252,78.02924625532825,25.280869,71.08085863527945,0.0003,0.0%,LOW,124,2480,temperature,-5.7089,Cooling system,Inspect coolant level and radiator,temperature signal is elevated (SHAP=-5.709),31,Low,2026-06-28 20:56:31
Vehicle_0671,86.45467890175595,89.92721396014852,87.49643941927371,16.85328,86.48330644359393,0.0003,0.0%,LOW,124,2480,temperature,-3.8482,Cooling system,Inspect coolant level and radiator,temperature signal is elevated (SHAP=-3.848),31,Low,2026-06-28 20:56:31
Vehicle_0672,100.0,95.58544884612849,98.67563465383854,19.392086,96.32247056152882,0.0002,0.0%,LOW,124,2480,temperature,-3.8266,Cooling system,Inspect coolant level and radiator,temperature signal is elevated (SHAP=-3.827),31,Low,2026-06-28 20:56:31
Vehicle_0673,85.0,70.13142950367556,80.53942885110266,20.351988,70.3499432113967,0.0002,0.0%,LOW,124,2480,temperature,-3.8049,Cooling system,Inspect coolant level and radiator,temperature signal is elevated (SHAP=-3.805),31,Low,2026-06-28 20:56:31
Vehicle_0674,77.48174940031357,82.475814060683,78.9799687984244,25.600946,67.88314409119124,0.0004,0.0%,LOW,124,2480,temperature,-5.9598,Cooling system,Inspect coolant level and radiator,temperature signal is elevated (SHAP=-5.960),31,Low,2026-06-28 20:56:32
Vehicle_0675,44.92576311056988,85.59967944492098,57.1279380108752,2.088052,53.39669869550932,0.0031,0.3%,LOW,124,2480,temperature,-6.448,Cooling system,Inspect coolant level and radiator,temperature signal is elevated (SHAP=-6.448),31,Low,2026-06-28 20:56:32
Vehicle_0676,94.51948132318712,100.0,96.16363692623098,19.047188,89.69818215573858,0.0003,0.0%,LOW,124,2480,temperature,-3.8399,Cooling system,Inspect coolant level and radiator,temperature signal is elevated (SHAP=-3.840),31,Low,2026-06-28 20:56:32
Vehicle_0677,70.0,76.12037664621653,71.83611299386496,14.227122,76.32574312556227,0.0021,0.2%,LOW,124,2480,fault_count,-6.1548,ECU fault logs,Review and clear fault codes,fault_count signal is elevated (SHAP=-6.155),31,Low,2026-06-28 20:56:32
Vehicle_0678,69.9732338793539,86.83339793364495,75.03128309564121,21.291887,72.38544944411372,0.0002,0.0%,LOW,124,2480,temperature,-3.76,Cooling system,Inspect coolant level and radiator,temperature signal is elevated (SHAP=-3.760),31,Low,2026-06-28 20:56:32
Vehicle_0679,63.36890576213955,89.09283536686456,71.08608464355704,14.373344,68.47021785950714,0.0002,0.0%,LOW,124,2480,temperature,-3.8911,Cooling system,Inspect coolant level and radiator,temperature signal is elevated (SHAP=-3.891),31,Low,2026-06-28 20:56:32
Vehicle_0680,80.0,83.78625566580119,81.13587669974035,20.411087,67.43877715300445,0.0004,0.0%,LOW,124,2480,temperature,-6.009,Cooling system,Inspect coolant level and radiator,temperature signal is elevated (SHAP=-6.009),31,Low,2026-06-28 20:56:32
Vehicle_0681,85.49672398397627,100.0,89.84770678878338,17.470497,91.90862407327003,0.0003,0.0%,LOW,124,2480,temperature,-3.8352,Cooling system,Inspect coolant level and radiator,temperature signal is elevated (SHAP=-3.835),31,Low,2026-06-28 20:56:32
Vehicle_0682,76.2474439625554,100.0,83.37321077378877,16.85328,78.02392646427326,0.0003,0.0%,LOW,124,2480,temperature,-3.8185,Cooling system,Inspect coolant level and radiator,temperature signal is elevated (SHAP=-3.818),31,Low,2026-06-28 20:56:32
Vehicle_0683,56.92502236047787,100.0,69.84751565233451,6.278801,71.90850939140071,0.0002,0.0%,LOW,124,2480,temperature,-3.7581,Cooling system,Inspect coolant level and radiator,temperature signal is elevated (SHAP=-3.758),31,Low,2026-06-28 20:56:32
Vehicle_0684,90.0,86.28808451166525,88.88642535349956,20.351988,80.58947211443278,0.0002,0.0%,LOW,124,2480,temperature,-3.7912,Cooling system,Inspect coolant level and radiator,temperature signal is elevated (SHAP=-3.791),31,Low,2026-06-28 20:56:32
Vehicle_0685,64.34706017146543,100.0,75.0429421200258,99.73955,85.02576527201548,0.0002,0.0%,LOW,124,2480,temperature,-3.7465,Cooling system,Inspect coolant level and radiator,temperature signal is elevated (SHAP=-3.747),31,Low,2026-06-28 20:56:32
Vehicle_0686,100.0,58.02609111164757,87.40782733349427,99.67787,84.04991462242607,0.0002,0.0%,LOW,124,2480,temperature,-3.8072,Cooling system,Inspect coolant level and radiator,temperature signal is elevated (SHAP=-3.807),31,Low,2026-06-28 20:56:32
Vehicle_0687,51.27594836463032,68.03971304841714,56.30507776976637,1.3566136,55.39098927154325,0.0009,0.1%,LOW,124,2480,temperature,-4.3029,Cooling system,Inspect coolant level and radiator,temperature signal is elevated (SHAP=-4.303),31,Low,2026-06-28 20:56:32
Vehicle_0688,65.49776612331002,71.72227217949501,67.3651179401655,16.496128,72.7635251999983,0.002,0.2%,LOW,124,2480,fault_count,-6.109,ECU fault logs,Review and clear fault codes,fault_count signal is elevated (SHAP=-6.109),31,Low,2026-06-28 20:56:32
Vehicle_0689,85.0,91.90199292842946,87.07059787852883,14.993679,78.62275731280319,0.0002,0.0%,LOW,124,2480,temperature,-3.8296,Cooling system,Inspect coolant level and radiator,temperature signal is elevated (SHAP=-3.830),31,Low,2026-06-28 20:56:32
Vehicle_0690,74.10783174130339,100.0,81.87548221891237,99.74526,89.12528933134742,0.0002,0.0%,LOW,124,2480,temperature,-3.7587,Cooling system,Inspect coolant level and radiator,temperature signal is elevated (SHAP=-3.759),31,Low,2026-06-28 20:56:32
Vehicle_0691,69.29207689806645,81.81465566944608,73.04885052948035,14.256514,64.19224145157742,0.0005,0.1%,LOW,124,2480,temperature,-6.0486,Cooling system,Inspect coolant level and radiator,temperature signal is elevated (SHAP=-6.049),31,Low,2026-06-28 20:56:32
Vehicle_0692,95.23122611612214,62.65364358617915,85.45795135713925,17.09106,77.80549953151939,0.0002,0.0%,LOW,124,2480,temperature,-3.7884,Cooling system,Inspect coolant level and radiator,temperature signal is elevated (SHAP=-3.788),31,Low,2026-06-28 20:56:32
Vehicle_0693,76.43839040580329,54.18570373739598,69.7625844052811,10.334224,64.69469139064785,0.0002,0.0%,LOW,124,2480,temperature,-3.9287,Cooling system,Inspect coolant level and radiator,temperature signal is elevated (SHAP=-3.929),31,Low,2026-06-28 20:56:32
Vehicle_0694,100.0,100.0,100.0,20.138336,94.0,0.0003,0.0%,LOW,124,2480,temperature,-3.8146,Cooling system,Inspect coolant level and radiator,temperature signal is elevated (SHAP=-3.815),31,Low,2026-06-28 20:56:32
Vehicle_0695,95.0,49.869182494649536,81.46075474839486,17.09106,70.85028934796682,0.0002,0.0%,LOW,124,2480,temperature,-3.7974,Cooling system,Inspect coolant level and radiator,temperature signal is elevated (SHAP=-3.797),31,Low,2026-06-28 20:56:32
Vehicle_0696,90.0,82.94862019437772,87.88458605831332,20.411087,79.32047567386354,0.0002,0.0%,LOW,124,2480,temperature,-3.8296,Cooling system,Inspect coolant level and radiator,temperature signal is elevated (SHAP=-3.830),31,Low,2026-06-28 20:56:32
Vehicle_0697,65.0,69.55097815459811,66.36529344637944,13.354004,61.729371698747286,0.0002,0.0%,LOW,124,2480,temperature,-3.8836,Cooling system,Inspect coolant level and radiator,temperature signal is elevated (SHAP=-3.884),31,Low,2026-06-28 20:56:32
Vehicle_0698,85.0,82.31660166557754,84.19498049967325,15.826941,74.98030863291946,0.0002,0.0%,LOW,124,2480,temperature,-3.8296,Cooling system,Inspect coolant level and radiator,temperature signal is elevated (SHAP=-3.830),31,Low,2026-06-28 20:56:32
Vehicle_0699,80.0,100.0,86.0,15.246505,73.6,0.0006,0.1%,LOW,124,2480,temperature,-5.95,Cooling system,Inspect coolant level and radiator,temperature signal is elevated (SHAP=-5.950),31,Low,2026-06-28 20:56:32
Vehicle_0700,99.312423472479,59.2502791398949,87.29378017270376,13.129557,82.22632393160124,0.0002,0.0%,LOW,124,2480,temperature,-3.7672,Cooling system,Inspect coolant level and radiator,temperature signal is elevated (SHAP=-3.767),31,Low,2026-06-28 20:56:32
Vehicle_0701,60.0,79.54240058090937,65.86272017427281,1.0391295,59.42611222074556,0.0148,1.5%,LOW,123,2460,temperature,-6.5866,Cooling system,Inspect coolant level and radiator,temperature signal is elevated (SHAP=-6.587),30,Low,2026-06-28 20:56:32
Vehicle_0702,78.31093789537917,100.0,84.81765652676542,19.392086,78.89059391605926,0.0003,0.0%,LOW,124,2480,temperature,-3.8207,Cooling system,Inspect coolant level and radiator,temperature signal is elevated (SHAP=-3.821),31,Low,2026-06-28 20:56:32
Vehicle_0703,100.0,82.09397721600692,94.62819316480208,20.411087,87.19571134208263,0.0002,0.0%,LOW,124,2480,temperature,-3.8113,Cooling system,Inspect coolant level and radiator,temperature signal is elevated (SHAP=-3.811),31,Low,2026-06-28 20:56:32
Vehicle_0704,66.25926624565442,95.23924819052849,74.95326082911663,17.749279,66.01980613557566,0.0004,0.0%,LOW,124,2480,temperature,-6.0511,Cooling system,Inspect coolant level and radiator,temperature signal is elevated (SHAP=-6.051),31,Low,2026-06-28 20:56:32
Vehicle_0705,60.0,100.0,72.0,3.5469651,69.19999999999999,0.0021,0.2%,LOW,124,2480,temperature,-6.1186,Cooling system,Inspect coolant level and radiator,temperature signal is elevated (SHAP=-6.119),31,Low,2026-06-28 20:56:32
Vehicle_0706,100.0,92.67419183518209,97.80225755055464,20.8457,95.21619289736918,0.0002,0.0%,LOW,124,2480,temperature,-3.805,Cooling system,Inspect coolant level and radiator,temperature signal is elevated (SHAP=-3.805),31,Low,2026-06-28 20:56:32
Vehicle_0707,100.0,67.02393279836716,90.10717983951014,20.411087,85.46909446337952,0.0002,0.0%,LOW,124,2480,temperature,-3.8218,Cooling system,Inspect coolant level and radiator,temperature signal is elevated (SHAP=-3.822),31,Low,2026-06-28 20:56:32
Vehicle_0708,47.674878414956055,100.0,63.37241489046924,3.4878552,66.02344893428153,0.0004,0.0%,LOW,124,2480,temperature,-4.1933,Cooling system,Inspect coolant level and radiator,temperature signal is elevated (SHAP=-4.193),31,Low,2026-06-28 20:56:32
Vehicle_0709,80.0,73.61776445338056,78.08532933601417,17.09106,67.57475049228461,0.0004,0.0%,LOW,124,2480,temperature,-5.9149,Cooling system,Inspect coolant level and radiator,temperature signal is elevated (SHAP=-5.915),31,Low,2026-06-28 20:56:32
Vehicle_0710,90.57545927871575,86.4058640921103,89.32458072273411,99.72104,90.87592125206253,0.0002,0.0%,LOW,124,2480,temperature,-3.8258,Cooling system,Inspect coolant level and radiator,temperature signal is elevated (SHAP=-3.826),31,Low,2026-06-28 20:56:32
Vehicle_0711,82.81501712478136,100.0,87.97051198734695,21.402967,80.78230719240817,0.0002,0.0%,LOW,124,2480,temperature,-3.7718,Cooling system,Inspect coolant level and radiator,temperature signal is elevated (SHAP=-3.772),31,Low,2026-06-28 20:56:32
Vehicle_0712,78.95009055731299,70.45967211286403,76.4029650239783,17.09106,69.93371343695978,0.0002,0.0%,LOW,124,2480,temperature,-3.8394,Cooling system,Inspect coolant level and radiator,temperature signal is elevated (SHAP=-3.839),31,Low,2026-06-28 20:56:32
Vehicle_0713,80.0,67.41690672440846,76.22507201732253,8.166957,61.21842455527521,0.0005,0.1%,LOW,124,2480,temperature,-6.0966,Cooling system,Inspect coolant level and radiator,temperature signal is elevated (SHAP=-6.097),31,Low,2026-06-28 20:56:32
Vehicle_0714,72.6350354403722,80.8212614867817,75.09090325429506,16.857136,67.21879424993337,0.0003,0.0%,LOW,124,2480,temperature,-5.9426,Cooling system,Inspect coolant level and radiator,temperature signal is elevated (SHAP=-5.943),31,Low,2026-06-28 20:56:32
Vehicle_0715,80.0,97.00481131077748,85.10144339323324,19.392086,72.46182829809544,0.0005,0.1%,LOW,124,2480,temperature,-5.9341,Cooling system,Inspect coolant level and radiator,temperature signal is elevated (SHAP=-5.934),31,Low,2026-06-28 20:56:32
Vehicle_0716,86.76676623968245,72.18314120095854,82.39167872806527,99.74951,83.87163547703088,0.0002,0.0%,LOW,124,2480,temperature,-3.7579,Cooling system,Inspect coolant level and radiator,temperature signal is elevated (SHAP=-3.758),31,Low,2026-06-28 20:56:32
Vehicle_0717,60.0,100.0,72.0,10.249365,69.19999999999999,0.0004,0.0%,LOW,124,2480,temperature,-5.8193,Cooling system,Inspect coolant level and radiator,temperature signal is elevated (SHAP=-5.819),31,Low,2026-06-28 20:56:32
Vehicle_0718,89.42752894176016,91.37140140115142,90.01069067957754,18.630426,86.2806946879768,0.0003,0.0%,LOW,124,2480,temperature,-3.8302,Cooling system,Inspect coolant level and radiator,temperature signal is elevated (SHAP=-3.830),31,Low,2026-06-28 20:56:32
Vehicle_0719,90.0,96.3866527155324,91.91599581465972,20.481514,84.4269280319023,0.0002,0.0%,LOW,124,2480,temperature,-3.8349,Cooling system,Inspect coolant level and radiator,temperature signal is elevated (SHAP=-3.835),31,Low,2026-06-28 20:56:32
Vehicle_0720,73.93517072718046,62.267627176918,70.43490766210172,9.336495,58.71447003264463,0.0004,0.0%,LOW,124,2480,temperature,-6.0143,Cooling system,Inspect coolant level and radiator,temperature signal is elevated (SHAP=-6.014),31,Low,2026-06-28 20:56:32
Vehicle_0721,60.0,74.94750193991386,64.48425058197415,1.9097686,57.680050737167264,0.0029,0.3%,LOW,124,2480,temperature,-6.4061,Cooling system,Inspect coolant level and radiator,temperature signal is elevated (SHAP=-6.406),31,Low,2026-06-28 20:56:32
Vehicle_0722,80.0,77.4241856287572,79.22725568862717,19.994253,79.02119053892774,0.0002,0.0%,LOW,124,2480,temperature,-3.825,Cooling system,Inspect coolant level and radiator,temperature signal is elevated (SHAP=-3.825),31,Low,2026-06-28 20:56:32
Vehicle_0723,80.0,67.70128184399073,76.31038455319722,19.30874,75.32648710071648,0.0003,0.0%,LOW,124,2480,temperature,-3.788,Cooling system,Inspect coolant level and radiator,temperature signal is elevated (SHAP=-3.788),31,Low,2026-06-28 20:56:32
Vehicle_0724,80.0,100.0,86.0,19.783419,77.6,0.0004,0.0%,LOW,124,2480,temperature,-5.8379,Cooling system,Inspect coolant level and radiator,temperature signal is elevated (SHAP=-5.838),31,Low,2026-06-28 20:56:32
Vehicle_0725,80.0,57.49507524737737,73.24852257421321,8.001888,59.4481285940034,0.0004,0.0%,LOW,124,2480,temperature,-6.0432,Cooling system,Inspect coolant level and radiator,temperature signal is elevated (SHAP=-6.043),31,Low,2026-06-28 20:56:32
Vehicle_0726,65.0,100.0,75.5,17.470497,73.3,0.0029,0.3%,LOW,124,2480,fault_count,-6.1356,ECU fault logs,Review and clear fault codes,fault_count signal is elevated (SHAP=-6.136),31,Low,2026-06-28 20:56:32
Vehicle_0727,98.28461992285386,98.88102980689403,98.46354288806592,99.67958,98.85433169421836,0.0002,0.0%,LOW,124,2480,temperature,-3.8097,Cooling system,Inspect coolant level and radiator,temperature signal is elevated (SHAP=-3.810),31,Low,2026-06-28 20:56:32
Vehicle_0728,86.98048278616318,82.23513135303024,85.5568773562233,17.09106,85.78115268434003,0.0002,0.0%,LOW,124,2480,temperature,-3.8217,Cooling system,Inspect coolant level and radiator,temperature signal is elevated (SHAP=-3.822),31,Low,2026-06-28 20:56:32
Vehicle_0729,80.0,53.33656866047035,72.00097059814111,7.9015675,59.86789609097874,0.0003,0.0%,LOW,124,2480,temperature,-5.9353,Cooling system,Inspect coolant level and radiator,temperature signal is elevated (SHAP=-5.935),31,Low,2026-06-28 20:56:32
Vehicle_0730,69.65367133174686,70.27364370667524,69.83966304422538,14.2264185,61.95852656787027,0.0003,0.0%,LOW,124,2480,temperature,-5.9445,Cooling system,Inspect coolant level and radiator,temperature signal is elevated (SHAP=-5.944),31,Low,2026-06-28 20:56:33
Vehicle_0731,68.49494843882681,78.86379780599907,71.60560324897848,10.586178,62.7361215105869,0.0004,0.0%,LOW,124,2480,temperature,-6.0651,Cooling system,Inspect coolant level and radiator,temperature signal is elevated (SHAP=-6.065),31,Low,2026-06-28 20:56:33
Vehicle_0732,78.7535703160759,67.0,75.22749922125313,20.351988,68.53649953275188,0.0002,0.0%,LOW,124,2480,temperature,-3.9047,Cooling system,Inspect coolant level and radiator,temperature signal is elevated (SHAP=-3.905),31,Low,2026-06-28 20:56:33
Vehicle_0733,82.66843063390046,100.0,87.86790144373032,16.85328,84.72074086623819,0.0003,0.0%,LOW,124,2480,temperature,-3.8545,Cooling system,Inspect coolant level and radiator,temperature signal is elevated (SHAP=-3.854),31,Low,2026-06-28 20:56:33
Vehicle_0734,100.0,97.81710328146528,99.34513098443958,19.392086,97.1704992469568,0.0003,0.0%,LOW,124,2480,temperature,-3.7992,Cooling system,Inspect coolant level and radiator,temperature signal is elevated (SHAP=-3.799),31,Low,2026-06-28 20:56:33
Vehicle_0735,75.33113317975435,91.25564270141447,80.10848603625239,24.402285,72.31622016203433,0.0003,0.0%,LOW,124,2480,temperature,-5.7414,Cooling system,Inspect coolant level and radiator,temperature signal is elevated (SHAP=-5.741),31,Low,2026-06-28 20:56:33
Vehicle_0736,80.0,67.0,76.1,10.139817,61.06,0.0005,0.1%,LOW,124,2480,temperature,-6.0703,Cooling system,Inspect coolant level and radiator,temperature signal is elevated (SHAP=-6.070),31,Low,2026-06-28 20:56:33
Vehicle_0737,84.00082924577804,67.0,78.90058047204462,99.677315,80.74034828322678,0.0002,0.0%,LOW,124,2480,temperature,-3.7995,Cooling system,Inspect coolant level and radiator,temperature signal is elevated (SHAP=-3.800),31,Low,2026-06-28 20:56:33
Vehicle_0738,80.78975154166588,91.7113670949152,84.06623620764067,16.85328,80.78201514356743,0.0002,0.0%,LOW,124,2480,temperature,-3.8172,Cooling system,Inspect coolant level and radiator,temperature signal is elevated (SHAP=-3.817),31,Low,2026-06-28 20:56:33
Vehicle_0739,100.0,100.0,100.0,21.890211,94.0,0.0003,0.0%,LOW,124,2480,temperature,-3.8586,Cooling system,Inspect coolant level and radiator,temperature signal is elevated (SHAP=-3.859),31,Low,2026-06-28 20:56:33
Vehicle_0740,80.0,80.22237076809412,80.06671123042824,21.43972,70.08450089187576,0.0003,0.0%,LOW,124,2480,temperature,-5.8089,Cooling system,Inspect coolant level and radiator,temperature signal is elevated (SHAP=-5.809),31,Low,2026-06-28 20:56:33
Vehicle_0741,59.52949237298546,94.70749897389192,70.08289435325739,2.9102147,66.99123640673281,0.0046,0.5%,LOW,124,2480,temperature,-6.3497,Cooling system,Inspect coolant level and radiator,temperature signal is elevated (SHAP=-6.350),31,Low,2026-06-28 20:56:33
Vehicle_0742,80.0,83.83161027336314,81.14948308200894,17.715132,81.456011903878,0.0002,0.0%,LOW,124,2480,temperature,-3.8258,Cooling system,Inspect coolant level and radiator,temperature signal is elevated (SHAP=-3.826),31,Low,2026-06-28 20:56:33
Vehicle_0743,67.91420041472787,78.75721215447967,71.1671039366534,9.160936,60.45170479288797,0.0004,0.0%,LOW,124,2480,temperature,-5.9717,Cooling system,Inspect coolant level and radiator,temperature signal is elevated (SHAP=-5.972),31,Low,2026-06-28 20:56:33
Vehicle_0744,60.0,100.0,72.0,13.219727,81.19999999999999,0.0002,0.0%,LOW,124,2480,temperature,-3.7445,Cooling system,Inspect coolant level and radiator,temperature signal is elevated (SHAP=-3.744),31,Low,2026-06-28 20:56:33
Vehicle_0745,76.65140269984113,86.04179810225205,79.4685213205644,21.666563,70.88947241278905,0.0003,0.0%,LOW,124,2480,temperature,-5.7414,Cooling system,Inspect coolant level and radiator,temperature signal is elevated (SHAP=-5.741),31,Low,2026-06-28 20:56:33
Vehicle_0746,62.0748532094841,80.3632690171398,67.5613779517808,9.939605,62.60948057449644,0.0003,0.0%,LOW,124,2480,temperature,-5.978,Cooling system,Inspect coolant level and radiator,temperature signal is elevated (SHAP=-5.978),31,Low,2026-06-28 20:56:33
Vehicle_0747,50.0,100.0,65.0,5.2585363,77.0,0.0023,0.2%,LOW,124,2480,fault_count,-6.1439,ECU fault logs,Review and clear fault codes,fault_count signal is elevated (SHAP=-6.144),31,Low,2026-06-28 20:56:33
Vehicle_0748,79.51107283695646,92.50170404837436,83.40826220038183,14.993679,76.54529812990397,0.0002,0.0%,LOW,124,2480,temperature,-3.7886,Cooling system,Inspect coolant level and radiator,temperature signal is elevated (SHAP=-3.789),31,Low,2026-06-28 20:56:33
Vehicle_0749,100.0,100.0,100.0,19.047188,96.0,0.0003,0.0%,LOW,124,2480,temperature,-3.8424,Cooling system,Inspect coolant level and radiator,temperature signal is elevated (SHAP=-3.842),31,Low,2026-06-28 20:56:33
Vehicle_0750,100.0,80.44339325915267,94.1330179777458,19.30874,88.56848943847801,0.0002,0.0%,LOW,124,2480,temperature,-3.8191,Cooling system,Inspect coolant level and radiator,temperature signal is elevated (SHAP=-3.819),31,Low,2026-06-28 20:56:33
Vehicle_0751,100.0,100.0,100.0,99.68628,100.0,0.0002,0.0%,LOW,124,2480,temperature,-3.8465,Cooling system,Inspect coolant level and radiator,temperature signal is elevated (SHAP=-3.846),31,Low,2026-06-28 20:56:33
Vehicle_0752,80.0,96.2648500298211,84.87945500894634,20.079834,76.18064301133202,0.0003,0.0%,LOW,124,2480,temperature,-5.7851,Cooling system,Inspect coolant level and radiator,temperature signal is elevated (SHAP=-5.785),31,Low,2026-06-28 20:56:33
Vehicle_0753,41.14227631716405,98.9239958325419,58.47679217177741,2.7983546,58.87087446957483,0.0025,0.2%,LOW,124,2480,temperature,-6.4108,Cooling system,Inspect coolant level and radiator,temperature signal is elevated (SHAP=-6.411),31,Low,2026-06-28 20:56:33
Vehicle_0754,60.0,59.92188363858138,59.976565091574415,1.3566136,57.97031578266092,0.0321,3.2%,LOW,120,2400,fault_count,-7.3166,ECU fault logs,Review and clear fault codes,fault_count signal is elevated (SHAP=-7.317),30,Low,2026-06-28 20:56:33
Vehicle_0755,50.0,83.4096627970577,60.02289883911731,1.2455165,58.69567186288193,0.9988,99.9%,CRITICAL,5,100,temperature,4.5802,Cooling system,Inspect coolant level and radiator,temperature signal is rapidly deteriorating (SHAP=4.580),1,Immediate,2026-06-28 20:56:33
Vehicle_0756,71.25788106318024,91.72223362683302,77.39718683227606,19.047188,78.78275882473224,0.0002,0.0%,LOW,124,2480,temperature,-3.7917,Cooling system,Inspect coolant level and radiator,temperature signal is elevated (SHAP=-3.792),31,Low,2026-06-28 20:56:33
Vehicle_0757,90.0,78.90461232466038,86.67138369739811,13.831579,77.78375268337095,0.0002,0.0%,LOW,124,2480,temperature,-3.8213,Cooling system,Inspect coolant level and radiator,temperature signal is elevated (SHAP=-3.821),31,Low,2026-06-28 20:56:33
Vehicle_0758,64.34942027108164,100.0,75.04459418975715,16.85328,71.02675651385428,0.0004,0.0%,LOW,124,2480,temperature,-5.8103,Cooling system,Inspect coolant level and radiator,temperature signal is elevated (SHAP=-5.810),31,Low,2026-06-28 20:56:33
Vehicle_0759,85.81120771506295,54.39955674336707,76.38771242355418,17.09106,68.71253880280592,0.0002,0.0%,LOW,124,2480,temperature,-3.8411,Cooling system,Inspect coolant level and radiator,temperature signal is elevated (SHAP=-3.841),31,Low,2026-06-28 20:56:33
Vehicle_0760,81.72363127387842,51.04619935622017,72.52040169858094,12.287563,61.7214808903926,0.0002,0.0%,LOW,124,2480,temperature,-3.9682,Cooling system,Inspect coolant level and radiator,temperature signal is elevated (SHAP=-3.968),31,Low,2026-06-28 20:56:33
Vehicle_0761,61.68164105603937,67.0,63.27714873922756,16.549623,69.36628924353653,0.0002,0.0%,LOW,124,2480,temperature,-3.6969,Cooling system,Inspect coolant level and radiator,temperature signal is elevated (SHAP=-3.697),31,Low,2026-06-28 20:56:33
Vehicle_0762,49.88501692632676,67.0,55.019511848428735,1.2731314,56.41170710905724,0.0009,0.1%,LOW,124,2480,temperature,-4.3072,Cooling system,Inspect coolant level and radiator,temperature signal is elevated (SHAP=-4.307),31,Low,2026-06-28 20:56:33
Vehicle_0763,67.79957291086993,100.0,77.45970103760894,17.516422,70.47582062256535,0.0005,0.1%,LOW,124,2480,temperature,-5.9143,Cooling system,Inspect coolant level and radiator,temperature signal is elevated (SHAP=-5.914),31,Low,2026-06-28 20:56:33
Vehicle_0764,70.89281149883371,72.75017886233817,71.45002170788504,10.7435465,63.42004879719866,0.0003,0.0%,LOW,124,2480,temperature,-5.9738,Cooling system,Inspect coolant level and radiator,temperature signal is elevated (SHAP=-5.974),31,Low,2026-06-28 20:56:33
Vehicle_0765,99.7762577599368,96.7014153013364,98.85380502235668,17.470497,92.65256607368129,0.0002,0.0%,LOW,124,2480,temperature,-3.8013,Cooling system,Inspect coolant level and radiator,temperature signal is elevated (SHAP=-3.801),31,Low,2026-06-28 20:56:33
Vehicle_0766,90.0,90.161472533027,90.04844175990809,19.392086,82.06135956255025,0.0002,0.0%,LOW,124,2480,temperature,-3.7995,Cooling system,Inspect coolant level and radiator,temperature signal is elevated (SHAP=-3.800),31,Low,2026-06-28 20:56:33
Vehicle_0767,45.51455700672193,90.6823081839887,59.06488235990196,2.257824,61.57539105273892,0.0006,0.1%,LOW,124,2480,temperature,-4.1808,Cooling system,Inspect coolant level and radiator,temperature signal is elevated (SHAP=-4.181),31,Low,2026-06-28 20:56:33
Vehicle_0768,64.66737812739528,98.9836858558091,74.96227044591942,20.389969,66.77409943871348,0.0004,0.0%,LOW,124,2480,temperature,-6.0186,Cooling system,Inspect coolant level and radiator,temperature signal is elevated (SHAP=-6.019),31,Low,2026-06-28 20:56:33
Vehicle_0769,80.0,60.36200836199369,74.10860250859811,8.166957,60.53756317755761,0.0005,0.1%,LOW,124,2480,temperature,-5.9939,Cooling system,Inspect coolant level and radiator,temperature signal is elevated (SHAP=-5.994),31,Low,2026-06-28 20:56:33
Vehicle_0770,50.0,67.0,55.1,1.2455165,50.46,0.9995,100.0%,CRITICAL,5,100,temperature,4.7495,Cooling system,Inspect coolant level and radiator,temperature signal is rapidly deteriorating (SHAP=4.750),1,Immediate,2026-06-28 20:56:33
Vehicle_0771,50.0,86.41018352599995,60.92305505779999,1.2455165,59.83586973987998,0.9991,99.9%,CRITICAL,5,100,temperature,4.5916,Cooling system,Inspect coolant level and radiator,temperature signal is rapidly deteriorating (SHAP=4.592),1,Immediate,2026-06-28 20:56:33
Vehicle_0772,80.0,98.76420171204664,85.62926051361399,17.319971,85.13039665057772,0.0026,0.3%,LOW,124,2480,fault_count,-6.1343,ECU fault logs,Review and clear fault codes,fault_count signal is elevated (SHAP=-6.134),31,Low,2026-06-28 20:56:33
Vehicle_0773,100.0,83.88373717584034,95.1651211527521,17.09106,87.87582012681933,0.0003,0.0%,LOW,124,2480,temperature,-3.8462,Cooling system,Inspect coolant level and radiator,temperature signal is elevated (SHAP=-3.846),31,Low,2026-06-28 20:56:33
Vehicle_0774,75.0,88.76297489599486,79.12889246879845,16.85328,77.22993046047804,0.0011,0.1%,LOW,124,2480,fault_count,-5.0771,ECU fault logs,Review and clear fault codes,fault_count signal is elevated (SHAP=-5.077),31,Low,2026-06-28 20:56:33
Vehicle_0775,95.0,69.25801652584326,87.27740495775298,17.475641,78.21804627982044,0.0002,0.0%,LOW,124,2480,temperature,-3.8049,Cooling system,Inspect coolant level and radiator,temperature signal is elevated (SHAP=-3.805),31,Low,2026-06-28 20:56:33
Vehicle_0776,80.0,85.97953256133925,81.79385976840177,20.351988,68.2722223733089,0.0004,0.0%,LOW,124,2480,temperature,-6.0301,Cooling system,Inspect coolant level and radiator,temperature signal is elevated (SHAP=-6.030),31,Low,2026-06-28 20:56:33
Vehicle_0777,80.0,67.0,76.1,15.398699,63.06,0.0004,0.0%,LOW,124,2480,temperature,-6.0849,Cooling system,Inspect coolant level and radiator,temperature signal is elevated (SHAP=-6.085),31,Low,2026-06-28 20:56:33
Vehicle_0778,78.0902608650348,100.0,84.66318260552436,20.079834,74.79790956331462,0.0005,0.1%,LOW,124,2480,temperature,-5.9224,Cooling system,Inspect coolant level and radiator,temperature signal is elevated (SHAP=-5.922),31,Low,2026-06-28 20:56:33
Vehicle_0779,82.78505580380235,100.0,87.94953906266164,20.407671,80.76972343759698,0.0002,0.0%,LOW,124,2480,temperature,-3.7718,Cooling system,Inspect coolant level and radiator,temperature signal is elevated (SHAP=-3.772),31,Low,2026-06-28 20:56:33
Vehicle_0780,89.23878167557126,97.5347001332424,91.7275572128726,25.280869,92.54347435437204,0.0002,0.0%,LOW,124,2480,temperature,-3.7367,Cooling system,Inspect coolant level and radiator,temperature signal is elevated (SHAP=-3.737),31,Low,2026-06-28 20:56:33
Vehicle_0781,100.0,82.5339730935851,94.76019192807551,17.09106,91.36290977556231,0.0002,0.0%,LOW,124,2480,temperature,-3.8183,Cooling system,Inspect coolant level and radiator,temperature signal is elevated (SHAP=-3.818),31,Low,2026-06-28 20:56:34
Vehicle_0782,80.0,100.0,86.0,21.837223,87.6,0.0002,0.0%,LOW,124,2480,temperature,-3.7461,Cooling system,Inspect coolant level and radiator,temperature signal is elevated (SHAP=-3.746),31,Low,2026-06-28 20:56:34
Vehicle_0783,35.0,100.0,54.5,2.053839,60.7,0.0257,2.6%,LOW,121,2420,fault_count,-6.928,ECU fault logs,Review and clear fault codes,fault_count signal is elevated (SHAP=-6.928),30,Low,2026-06-28 20:56:34
Vehicle_0784,83.17360014459771,100.0,88.2215201012184,14.993679,86.93291206073104,0.0003,0.0%,LOW,124,2480,temperature,-3.8592,Cooling system,Inspect coolant level and radiator,temperature signal is elevated (SHAP=-3.859),31,Low,2026-06-28 20:56:34
Vehicle_0785,66.56430227448087,99.28521768640734,76.38057689805879,19.876152,73.68538967611674,0.0002,0.0%,LOW,124,2480,temperature,-3.7724,Cooling system,Inspect coolant level and radiator,temperature signal is elevated (SHAP=-3.772),31,Low,2026-06-28 20:56:34
Vehicle_0786,80.0,51.9877330580163,71.59631991740488,6.9537106,57.35533856204619,0.0004,0.0%,LOW,124,2480,temperature,-5.9901,Cooling system,Inspect coolant level and radiator,temperature signal is elevated (SHAP=-5.990),31,Low,2026-06-28 20:56:34
Vehicle_0787,100.0,83.74210288960748,95.12263086688225,17.393625,87.82199909805084,0.0003,0.0%,LOW,124,2480,temperature,-3.8314,Cooling system,Inspect coolant level and radiator,temperature signal is elevated (SHAP=-3.831),31,Low,2026-06-28 20:56:34
Vehicle_0788,80.0,88.43379272569872,82.53013781770962,16.85328,69.20484123576551,0.0005,0.1%,LOW,124,2480,temperature,-5.9391,Cooling system,Inspect coolant level and radiator,temperature signal is elevated (SHAP=-5.939),31,Low,2026-06-28 20:56:34
Vehicle_0789,88.30080002100858,88.60448175173269,88.39190454022581,20.8457,80.75603907448202,0.0002,0.0%,LOW,124,2480,temperature,-3.8007,Cooling system,Inspect coolant level and radiator,temperature signal is elevated (SHAP=-3.801),31,Low,2026-06-28 20:56:34
Vehicle_0790,80.0,85.95439283923503,81.7863178517705,19.657219,70.2626692789093,0.0004,0.0%,LOW,124,2480,temperature,-5.9046,Cooling system,Inspect coolant level and radiator,temperature signal is elevated (SHAP=-5.905),31,Low,2026-06-28 20:56:34
Vehicle_0791,80.0,100.0,86.0,99.73955,91.6,0.0002,0.0%,LOW,124,2480,temperature,-3.77,Cooling system,Inspect coolant level and radiator,temperature signal is elevated (SHAP=-3.770),31,Low,2026-06-28 20:56:34
Vehicle_0792,91.84168712185442,100.0,94.28918098529807,24.863546,92.57350859117884,0.0003,0.0%,LOW,124,2480,temperature,-3.7848,Cooling system,Inspect coolant level and radiator,temperature signal is elevated (SHAP=-3.785),31,Low,2026-06-28 20:56:34
Vehicle_0793,74.66334556357396,79.38496961490637,76.07983277897368,13.987106,63.52489359036548,0.0005,0.1%,LOW,124,2480,temperature,-6.0651,Cooling system,Inspect coolant level and radiator,temperature signal is elevated (SHAP=-6.065),31,Low,2026-06-28 20:56:34
Vehicle_0794,70.20606628344157,76.31399609850276,72.03844522795993,13.13746,62.48586635647651,0.0004,0.0%,LOW,124,2480,temperature,-5.9864,Cooling system,Inspect coolant level and radiator,temperature signal is elevated (SHAP=-5.986),31,Low,2026-06-28 20:56:34
Vehicle_0795,90.0,97.54039576150254,92.26211872845076,19.392086,84.86535038937097,0.0002,0.0%,LOW,124,2480,temperature,-3.8344,Cooling system,Inspect coolant level and radiator,temperature signal is elevated (SHAP=-3.834),31,Low,2026-06-28 20:56:34
Vehicle_0796,100.0,99.77888346285212,99.93366503885562,99.67958,99.9159757158838,0.0002,0.0%,LOW,124,2480,temperature,-3.8263,Cooling system,Inspect coolant level and radiator,temperature signal is elevated (SHAP=-3.826),31,Low,2026-06-28 20:56:34
Vehicle_0797,60.1289584230023,83.13095507251863,67.02955741785719,99.632065,76.84392546521804,0.0002,0.0%,LOW,124,2480,temperature,-3.7477,Cooling system,Inspect coolant level and radiator,temperature signal is elevated (SHAP=-3.748),31,Low,2026-06-28 20:56:34
Vehicle_0798,75.0,100.0,82.5,17.470497,81.5,0.0003,0.0%,LOW,124,2480,temperature,-3.8462,Cooling system,Inspect coolant level and radiator,temperature signal is elevated (SHAP=-3.846),31,Low,2026-06-28 20:56:34
Vehicle_0799,60.0,98.71457188149536,71.6143715644486,2.8351605,66.71153731496824,0.0094,0.9%,LOW,123,2460,temperature,-6.6042,Cooling system,Inspect coolant level and radiator,temperature signal is elevated (SHAP=-6.604),30,Low,2026-06-28 20:56:34
Vehicle_0800,99.56871913065297,78.26541701227174,93.17772849513858,19.814772,85.55972049953749,0.0002,0.0%,LOW,124,2480,temperature,-3.794,Cooling system,Inspect coolant level and radiator,temperature signal is elevated (SHAP=-3.794),31,Low,2026-06-28 20:56:34
Vehicle_0801,65.09606561902089,79.52570246612947,69.42495667315346,11.877453,61.560114497117965,0.0004,0.0%,LOW,124,2480,temperature,-6.0293,Cooling system,Inspect coolant level and radiator,temperature signal is elevated (SHAP=-6.029),31,Low,2026-06-28 20:56:34
Vehicle_0802,84.31083931071785,84.34048318346429,84.31973247254177,24.714924,77.45993612021792,0.0002,0.0%,LOW,124,2480,temperature,-3.7621,Cooling system,Inspect coolant level and radiator,temperature signal is elevated (SHAP=-3.762),31,Low,2026-06-28 20:56:34
Vehicle_0803,99.66185285748928,90.2908740387024,96.8505592118532,16.85328,94.1685103348524,0.0002,0.0%,LOW,124,2480,temperature,-3.8296,Cooling system,Inspect coolant level and radiator,temperature signal is elevated (SHAP=-3.830),31,Low,2026-06-28 20:56:34
Vehicle_0804,85.05576266622585,71.07018322114314,80.86008883270102,19.657219,72.73008994384924,0.0002,0.0%,LOW,124,2480,temperature,-3.7995,Cooling system,Inspect coolant level and radiator,temperature signal is elevated (SHAP=-3.800),31,Low,2026-06-28 20:56:34
Vehicle_0805,65.24570944024777,88.90621720781598,72.34386177051823,21.381533,75.18756050387414,0.0002,0.0%,LOW,124,2480,temperature,-3.696,Cooling system,Inspect coolant level and radiator,temperature signal is elevated (SHAP=-3.696),31,Low,2026-06-28 20:56:34
Vehicle_0806,80.0,67.18269585506647,76.15480875651994,17.961098,75.12942442492525,0.0002,0.0%,LOW,124,2480,temperature,-3.8223,Cooling system,Inspect coolant level and radiator,temperature signal is elevated (SHAP=-3.822),31,Low,2026-06-28 20:56:34
Vehicle_0807,83.36839411018913,100.0,88.35787587713239,20.138336,81.01472552627942,0.0003,0.0%,LOW,124,2480,temperature,-3.8274,Cooling system,Inspect coolant level and radiator,temperature signal is elevated (SHAP=-3.827),31,Low,2026-06-28 20:56:34
Vehicle_0808,80.0,82.28002437788575,80.68400731336573,20.411087,80.86640926359658,0.0002,0.0%,LOW,124,2480,temperature,-3.7979,Cooling system,Inspect coolant level and radiator,temperature signal is elevated (SHAP=-3.798),31,Low,2026-06-28 20:56:34
Vehicle_0809,80.0,87.17835643386407,82.15350693015922,17.09106,68.72777544486834,0.0004,0.0%,LOW,124,2480,temperature,-6.034,Cooling system,Inspect coolant level and radiator,temperature signal is elevated (SHAP=-6.034),31,Low,2026-06-28 20:56:34
Vehicle_0810,66.97496004224445,90.09300882100554,73.91037467587277,16.621954,66.36482656972477,0.0004,0.0%,LOW,124,2480,temperature,-6.0541,Cooling system,Inspect coolant level and radiator,temperature signal is elevated (SHAP=-6.054),31,Low,2026-06-28 20:56:34
Vehicle_0811,62.81380757339039,100.0,73.96966530137327,22.027033,70.38179918082396,0.0004,0.0%,LOW,124,2480,temperature,-5.7166,Cooling system,Inspect coolant level and radiator,temperature signal is elevated (SHAP=-5.717),31,Low,2026-06-28 20:56:34
Vehicle_0812,97.9976525345416,73.00936456631665,90.50116614407412,99.72481,88.9025725997078,0.0002,0.0%,LOW,124,2480,temperature,-3.7754,Cooling system,Inspect coolant level and radiator,temperature signal is elevated (SHAP=-3.775),31,Low,2026-06-28 20:56:34
Vehicle_0813,80.0,95.11876981296668,84.53563094389,20.138336,71.74513252892734,0.0004,0.0%,LOW,124,2480,temperature,-5.8938,Cooling system,Inspect coolant level and radiator,temperature signal is elevated (SHAP=-5.894),31,Low,2026-06-28 20:56:34
Vehicle_0814,75.0,100.0,82.5,23.994816,81.5,0.0002,0.0%,LOW,124,2480,temperature,-3.7322,Cooling system,Inspect coolant level and radiator,temperature signal is elevated (SHAP=-3.732),31,Low,2026-06-28 20:56:34
Vehicle_0815,80.0,45.0288531844153,69.50865595532458,6.6779795,56.71096421007781,0.0003,0.0%,LOW,124,2480,temperature,-5.9299,Cooling system,Inspect coolant level and radiator,temperature signal is elevated (SHAP=-5.930),31,Low,2026-06-28 20:56:34
Vehicle_0816,88.00643816582948,100.0,91.60450671608064,21.010471,92.96270402964838,0.0002,0.0%,LOW,124,2480,temperature,-3.7381,Cooling system,Inspect coolant level and radiator,temperature signal is elevated (SHAP=-3.738),31,Low,2026-06-28 20:56:34
Vehicle_0817,64.80700185137475,67.0,65.46490129596232,8.527655,58.67894077757739,0.0004,0.0%,LOW,124,2480,temperature,-5.9486,Cooling system,Inspect coolant level and radiator,temperature signal is elevated (SHAP=-5.949),31,Low,2026-06-28 20:56:34
Vehicle_0818,100.0,89.80969101644976,96.94290730493492,16.54427,90.1276825862509,0.0002,0.0%,LOW,124,2480,temperature,-3.8296,Cooling system,Inspect coolant level and radiator,temperature signal is elevated (SHAP=-3.830),31,Low,2026-06-28 20:56:34
Vehicle_0819,80.0,72.55404678242873,77.76621403472862,16.257309,67.17053777732292,0.0003,0.0%,LOW,124,2480,temperature,-5.9818,Cooling system,Inspect coolant level and radiator,temperature signal is elevated (SHAP=-5.982),31,Low,2026-06-28 20:56:34
Vehicle_0820,100.0,100.0,100.0,19.392086,96.0,0.0003,0.0%,LOW,124,2480,temperature,-3.8507,Cooling system,Inspect coolant level and radiator,temperature signal is elevated (SHAP=-3.851),31,Low,2026-06-28 20:56:34
Vehicle_0821,63.02237208966204,72.65750260648629,65.91291124470932,8.518875,56.07924726812285,0.0005,0.1%,LOW,124,2480,temperature,-6.0651,Cooling system,Inspect coolant level and radiator,temperature signal is elevated (SHAP=-6.065),31,Low,2026-06-28 20:56:34
Vehicle_0822,55.50062248602666,67.0,58.95043574021865,1.8517852,54.77026144413119,0.9974,99.7%,CRITICAL,5,100,temperature,4.688,Cooling system,Inspect coolant level and radiator,temperature signal is rapidly deteriorating (SHAP=4.688),1,Immediate,2026-06-28 20:56:34
Vehicle_0823,95.0,93.9503103363392,94.68509310090175,20.8457,87.6011179278089,0.0002,0.0%,LOW,124,2480,temperature,-3.8216,Cooling system,Inspect coolant level and radiator,temperature signal is elevated (SHAP=-3.822),31,Low,2026-06-28 20:56:34
Vehicle_0824,75.3786495302312,84.92390082965643,78.24222492005876,25.600946,75.93011511796654,0.0002,0.0%,LOW,124,2480,temperature,-3.7297,Cooling system,Inspect coolant level and radiator,temperature signal is elevated (SHAP=-3.730),31,Low,2026-06-28 20:56:34
Vehicle_0825,100.0,67.0,90.1,99.69827,87.46,0.0002,0.0%,LOW,124,2480,temperature,-3.8175,Cooling system,Inspect coolant level and radiator,temperature signal is elevated (SHAP=-3.817),31,Low,2026-06-28 20:56:34
Vehicle_0826,100.0,100.0,100.0,19.392086,96.0,0.0002,0.0%,LOW,124,2480,temperature,-3.8394,Cooling system,Inspect coolant level and radiator,temperature signal is elevated (SHAP=-3.839),31,Low,2026-06-28 20:56:34
Vehicle_0827,78.34956987693882,67.0,74.94469891385717,15.801496,64.3668193483143,0.0003,0.0%,LOW,124,2480,temperature,-5.9791,Cooling system,Inspect coolant level and radiator,temperature signal is elevated (SHAP=-5.979),31,Low,2026-06-28 20:56:34
Vehicle_0828,80.0,74.65202395237844,78.39560718571353,14.59012,65.9677691019038,0.0004,0.0%,LOW,124,2480,temperature,-6.1023,Cooling system,Inspect coolant level and radiator,temperature signal is elevated (SHAP=-6.102),31,Low,2026-06-28 20:56:34
Vehicle_0829,40.05544656007518,82.25889853805708,52.71648215346975,1.2731314,50.081668999693264,0.0113,1.1%,LOW,123,2460,temperature,-6.5409,Cooling system,Inspect coolant level and radiator,temperature signal is elevated (SHAP=-6.541),30,Low,2026-06-28 20:56:34
Vehicle_0830,87.22120044926028,100.0,91.0548403144822,99.76058,94.63290418868932,0.0002,0.0%,LOW,124,2480,temperature,-3.7655,Cooling system,Inspect coolant level and radiator,temperature signal is elevated (SHAP=-3.765),31,Low,2026-06-28 20:56:34
Vehicle_0831,76.1565664593955,100.0,83.30959652157685,21.381533,85.9857579129461,0.0002,0.0%,LOW,124,2480,temperature,-3.7397,Cooling system,Inspect coolant level and radiator,temperature signal is elevated (SHAP=-3.740),31,Low,2026-06-28 20:56:34
Vehicle_0832,60.0,100.0,72.0,3.47175,69.19999999999999,0.9923,99.2%,CRITICAL,5,100,temperature,4.6228,Cooling system,Inspect coolant level and radiator,temperature signal is rapidly deteriorating (SHAP=4.623),1,Immediate,2026-06-28 20:56:34
Vehicle_0833,100.0,89.22098245737315,96.76629473721196,19.047188,89.9039733338018,0.0002,0.0%,LOW,124,2480,temperature,-3.8217,Cooling system,Inspect coolant level and radiator,temperature signal is elevated (SHAP=-3.822),31,Low,2026-06-28 20:56:34
Vehicle_0834,96.10343455579664,67.0,87.37240418905763,17.393625,81.82344251343459,0.0002,0.0%,LOW,124,2480,temperature,-3.7873,Cooling system,Inspect coolant level and radiator,temperature signal is elevated (SHAP=-3.787),31,Low,2026-06-28 20:56:35
Vehicle_0835,97.09590523889452,98.19907485010629,97.42685612225804,23.994816,94.09592864337608,0.0002,0.0%,LOW,124,2480,temperature,-3.7606,Cooling system,Inspect coolant level and radiator,temperature signal is elevated (SHAP=-3.761),31,Low,2026-06-28 20:56:35
Vehicle_0836,78.24289253971095,94.38309261232943,83.0849525614965,19.029623,70.72759005936378,0.0005,0.1%,LOW,124,2480,temperature,-5.9432,Cooling system,Inspect coolant level and radiator,temperature signal is elevated (SHAP=-5.943),31,Low,2026-06-28 20:56:35
Vehicle_0837,80.0,100.0,86.0,19.392086,75.6,0.0005,0.1%,LOW,124,2480,temperature,-5.9365,Cooling system,Inspect coolant level and radiator,temperature signal is elevated (SHAP=-5.936),31,Low,2026-06-28 20:56:35
Vehicle_0838,80.0,68.61320794950244,76.58396238485074,99.692085,79.67301902081093,0.0024,0.2%,LOW,124,2480,fault_count,-6.1384,ECU fault logs,Review and clear fault codes,fault_count signal is elevated (SHAP=-6.138),31,Low,2026-06-28 20:56:35
Vehicle_0839,50.0,72.12320438841556,56.63696131652466,1.3288796,52.40681766759791,0.9996,100.0%,CRITICAL,5,100,temperature,4.6855,Cooling system,Inspect coolant level and radiator,temperature signal is rapidly deteriorating (SHAP=4.686),1,Immediate,2026-06-28 20:56:35
Vehicle_0840,90.0,83.08243444013117,87.92473033203935,17.961098,79.37132508724984,0.0002,0.0%,LOW,124,2480,temperature,-3.8296,Cooling system,Inspect coolant level and radiator,temperature signal is elevated (SHAP=-3.830),31,Low,2026-06-28 20:56:35
Vehicle_0841,50.0,100.0,65.0,1.9582272,63.0,0.9997,100.0%,CRITICAL,5,100,temperature,4.6932,Cooling system,Inspect coolant level and radiator,temperature signal is rapidly deteriorating (SHAP=4.693),1,Immediate,2026-06-28 20:56:35
Vehicle_0842,85.0,60.18913161751793,77.55673948525538,14.59012,66.57187001465681,0.0002,0.0%,LOW,124,2480,temperature,-3.9456,Cooling system,Inspect coolant level and radiator,temperature signal is elevated (SHAP=-3.946),31,Low,2026-06-28 20:56:35
Vehicle_0843,55.0,72.81061973551859,60.34318592065557,1.3866603,58.76803549949706,0.0374,3.7%,LOW,120,2400,fault_count,-7.2641,ECU fault logs,Review and clear fault codes,fault_count signal is elevated (SHAP=-7.264),30,Low,2026-06-28 20:56:35
Vehicle_0844,81.83385720106448,100.0,87.28370004074513,24.402285,82.37022002444708,0.0002,0.0%,LOW,124,2480,temperature,-3.7631,Cooling system,Inspect coolant level and radiator,temperature signal is elevated (SHAP=-3.763),31,Low,2026-06-28 20:56:35
Vehicle_0845,80.0,84.6358724607088,81.39076173821263,19.970196,71.76163153506934,0.0004,0.0%,LOW,124,2480,temperature,-5.7788,Cooling system,Inspect coolant level and radiator,temperature signal is elevated (SHAP=-5.779),31,Low,2026-06-28 20:56:35
Vehicle_0846,73.9494590671516,72.25104048362377,73.43993349209325,12.287563,62.5141681919807,0.0004,0.0%,LOW,124,2480,temperature,-6.0568,Cooling system,Inspect coolant level and radiator,temperature signal is elevated (SHAP=-6.057),31,Low,2026-06-28 20:56:35
Vehicle_0847,60.0,100.0,72.0,3.5469651,73.19999999999999,0.0076,0.8%,LOW,124,2480,fault_count,-6.7537,ECU fault logs,Review and clear fault codes,fault_count signal is elevated (SHAP=-6.754),31,Low,2026-06-28 20:56:35
Vehicle_0848,84.46143275465633,99.35742363939488,88.93023002007789,19.392086,91.2296227399257,0.0002,0.0%,LOW,124,2480,temperature,-3.8068,Cooling system,Inspect coolant level and radiator,temperature signal is elevated (SHAP=-3.807),31,Low,2026-06-28 20:56:35
Vehicle_0849,100.0,85.45028078777658,95.63508423633296,99.68493,94.47110669935508,0.0002,0.0%,LOW,124,2480,temperature,-3.8302,Cooling system,Inspect coolant level and radiator,temperature signal is elevated (SHAP=-3.830),31,Low,2026-06-28 20:56:35
Vehicle_0850,75.93006389172427,72.84471520765803,75.0044592865044,20.351988,71.57161861343424,0.0002,0.0%,LOW,124,2480,temperature,-3.8189,Cooling system,Inspect coolant level and radiator,temperature signal is elevated (SHAP=-3.819),31,Low,2026-06-28 20:56:35
Vehicle_0851,95.0,48.3360336159338,81.00081008478014,17.09106,70.26769277405484,0.0002,0.0%,LOW,124,2480,temperature,-3.8234,Cooling system,Inspect coolant level and radiator,temperature signal is elevated (SHAP=-3.823),31,Low,2026-06-28 20:56:35
Vehicle_0852,80.0,91.34654499068095,83.40396349720429,19.392086,72.31168709645877,0.0005,0.1%,LOW,124,2480,temperature,-5.9293,Cooling system,Inspect coolant level and radiator,temperature signal is elevated (SHAP=-5.929),31,Low,2026-06-28 20:56:35
Vehicle_0853,80.14791285187965,69.28234980608106,76.88824393814008,99.692085,79.98941632410026,0.0003,0.0%,LOW,124,2480,temperature,-3.8461,Cooling system,Inspect coolant level and radiator,temperature signal is elevated (SHAP=-3.846),31,Low,2026-06-28 20:56:35
Vehicle_0854,80.0,100.0,86.0,16.474747,75.6,0.0005,0.1%,LOW,124,2480,temperature,-5.9286,Cooling system,Inspect coolant level and radiator,temperature signal is elevated (SHAP=-5.929),31,Low,2026-06-28 20:56:35
Vehicle_0855,80.0,83.1551242325566,80.94653726976698,99.7377,85.19894720837151,0.0002,0.0%,LOW,124,2480,temperature,-3.7148,Cooling system,Inspect coolant level and radiator,temperature signal is elevated (SHAP=-3.715),31,Low,2026-06-28 20:56:35
Vehicle_0856,95.0,83.28647160266864,91.4859414808006,20.411087,83.54885920901408,0.0003,0.0%,LOW,124,2480,temperature,-3.8302,Cooling system,Inspect coolant level and radiator,temperature signal is elevated (SHAP=-3.830),31,Low,2026-06-28 20:56:35
Vehicle_0857,94.90250620183696,100.0,96.43175434128588,16.54427,89.85905260477152,0.0003,0.0%,LOW,124,2480,temperature,-3.8507,Cooling system,Inspect coolant level and radiator,temperature signal is elevated (SHAP=-3.851),31,Low,2026-06-28 20:56:35
Vehicle_0858,87.25102307691552,69.6657519230802,81.97544173076491,17.393625,73.11841542307499,0.0003,0.0%,LOW,124,2480,temperature,-3.8586,Cooling system,Inspect coolant level and radiator,temperature signal is elevated (SHAP=-3.859),31,Low,2026-06-28 20:56:35
Vehicle_0859,100.0,48.04035070343088,84.41210521102926,99.67787,80.25533326730373,0.0002,0.0%,LOW,124,2480,temperature,-3.7938,Cooling system,Inspect coolant level and radiator,temperature signal is elevated (SHAP=-3.794),31,Low,2026-06-28 20:56:35
Vehicle_0860,68.64785211058125,100.0,78.05349647740687,16.85328,72.83209788644412,0.0004,0.0%,LOW,124,2480,temperature,-5.7801,Cooling system,Inspect coolant level and radiator,temperature signal is elevated (SHAP=-5.780),31,Low,2026-06-28 20:56:35
Vehicle_0861,84.752653672433,89.74995572206029,86.25184428732118,20.138336,87.70109771680477,0.0002,0.0%,LOW,124,2480,temperature,-3.7895,Cooling system,Inspect coolant level and radiator,temperature signal is elevated (SHAP=-3.789),31,Low,2026-06-28 20:56:35
Vehicle_0862,80.0,74.70016781151463,78.41005034345439,20.411087,67.98606376837556,0.0003,0.0%,LOW,124,2480,temperature,-5.9141,Cooling system,Inspect coolant level and radiator,temperature signal is elevated (SHAP=-5.914),31,Low,2026-06-28 20:56:35
Vehicle_0863,90.0,96.0688105628338,91.82064316885013,19.392086,84.30614801387684,0.0002,0.0%,LOW,124,2480,temperature,-3.8048,Cooling system,Inspect coolant level and radiator,temperature signal is elevated (SHAP=-3.805),31,Low,2026-06-28 20:56:35
Vehicle_0864,76.35166766582674,57.3497788506208,70.65110102126495,8.939523,57.86061638288313,0.0004,0.0%,LOW,124,2480,temperature,-5.9653,Cooling system,Inspect coolant level and radiator,temperature signal is elevated (SHAP=-5.965),31,Low,2026-06-28 20:56:35
Vehicle_0865,73.9342340173005,62.57499182064158,70.52646135830281,6.943983,56.83087517911,0.0005,0.1%,LOW,124,2480,temperature,-6.0172,Cooling system,Inspect coolant level and radiator,temperature signal is elevated (SHAP=-6.017),31,Low,2026-06-28 20:56:35
Vehicle_0866,54.8918648704079,78.57518340929552,61.996860432074186,1.3866603,56.91315294110361,0.0118,1.2%,LOW,123,2460,temperature,-6.5578,Cooling system,Inspect coolant level and radiator,temperature signal is elevated (SHAP=-6.558),30,Low,2026-06-28 20:56:35
Vehicle_0867,80.18614163023699,83.50344414142604,81.1813323835937,25.600946,77.40948825844143,0.0002,0.0%,LOW,124,2480,temperature,-3.7569,Cooling system,Inspect coolant level and radiator,temperature signal is elevated (SHAP=-3.757),31,Low,2026-06-28 20:56:35
Vehicle_0868,95.0,70.06300810138121,87.51890243041436,17.09106,78.52394307852487,0.0002,0.0%,LOW,124,2480,temperature,-3.8183,Cooling system,Inspect coolant level and radiator,temperature signal is elevated (SHAP=-3.818),31,Low,2026-06-28 20:56:35
Vehicle_0869,80.54451316526597,74.9931500785595,78.87910423925402,20.411087,70.32609255926431,0.0002,0.0%,LOW,124,2480,temperature,-3.8177,Cooling system,Inspect coolant level and radiator,temperature signal is elevated (SHAP=-3.818),31,Low,2026-06-28 20:56:35
Vehicle_0870,85.0,100.0,89.5,19.392086,81.69999999999999,0.0003,0.0%,LOW,124,2480,temperature,-3.8586,Cooling system,Inspect coolant level and radiator,temperature signal is elevated (SHAP=-3.859),31,Low,2026-06-28 20:56:35
Vehicle_0871,60.0,99.88917335100312,71.96675200530093,3.61498,69.15788587338119,0.0013,0.1%,LOW,124,2480,temperature,-6.0612,Cooling system,Inspect coolant level and radiator,temperature signal is elevated (SHAP=-6.061),31,Low,2026-06-28 20:56:35
Vehicle_0872,95.0,100.0,96.5,20.138336,89.9,0.0003,0.0%,LOW,124,2480,temperature,-3.829,Cooling system,Inspect coolant level and radiator,temperature signal is elevated (SHAP=-3.829),31,Low,2026-06-28 20:56:35
Vehicle_0873,77.50474217701154,89.10868051021272,80.9859236769719,17.86177,78.41329030822568,0.0002,0.0%,LOW,124,2480,temperature,-3.7877,Cooling system,Inspect coolant level and radiator,temperature signal is elevated (SHAP=-3.788),31,Low,2026-06-28 20:56:35
Vehicle_0874,80.0,82.69496562209774,80.80848968662931,19.657219,83.02408693639714,0.0002,0.0%,LOW,124,2480,temperature,-3.7916,Cooling system,Inspect coolant level and radiator,temperature signal is elevated (SHAP=-3.792),31,Low,2026-06-28 20:56:35
Vehicle_0875,100.0,85.8312868964051,95.74938606892152,19.657219,92.61588902063394,0.0003,0.0%,LOW,124,2480,temperature,-3.8507,Cooling system,Inspect coolant level and radiator,temperature signal is elevated (SHAP=-3.851),31,Low,2026-06-28 20:56:35
Vehicle_0876,56.259157003098494,51.123526872138285,54.718467963810426,2.524966,47.05578615271392,0.0022,0.2%,LOW,124,2480,temperature,-6.373,Cooling system,Inspect coolant level and radiator,temperature signal is elevated (SHAP=-6.373),31,Low,2026-06-28 20:56:35
Vehicle_0877,68.26729681390123,88.80818163717943,74.42956226088468,12.762218,64.4193736839667,0.0004,0.0%,LOW,124,2480,temperature,-6.0651,Cooling system,Inspect coolant level and radiator,temperature signal is elevated (SHAP=-6.065),31,Low,2026-06-28 20:56:35
Vehicle_0878,85.0,100.0,89.5,19.392086,81.69999999999999,0.0003,0.0%,LOW,124,2480,temperature,-3.8146,Cooling system,Inspect coolant level and radiator,temperature signal is elevated (SHAP=-3.815),31,Low,2026-06-28 20:56:35
Vehicle_0879,100.0,71.32752416309494,91.39825724892847,20.351988,83.10445918197607,0.0002,0.0%,LOW,124,2480,temperature,-3.7912,Cooling system,Inspect coolant level and radiator,temperature signal is elevated (SHAP=-3.791),31,Low,2026-06-28 20:56:35
Vehicle_0880,100.0,76.30133397449985,92.89040019234996,99.68493,90.99450691030997,0.0002,0.0%,LOW,124,2480,temperature,-3.8201,Cooling system,Inspect coolant level and radiator,temperature signal is elevated (SHAP=-3.820),31,Low,2026-06-28 20:56:35
Vehicle_0881,100.0,100.0,100.0,99.67958,100.0,0.0003,0.0%,LOW,124,2480,temperature,-3.8394,Cooling system,Inspect coolant level and radiator,temperature signal is elevated (SHAP=-3.839),31,Low,2026-06-28 20:56:35
Vehicle_0882,64.29436377005295,100.0,75.00605463903707,20.407671,73.00363278342223,0.0002,0.0%,LOW,124,2480,temperature,-3.7858,Cooling system,Inspect coolant level and radiator,temperature signal is elevated (SHAP=-3.786),31,Low,2026-06-28 20:56:35
Vehicle_0883,85.0,100.0,89.5,19.392086,81.69999999999999,0.0003,0.0%,LOW,124,2480,temperature,-3.8394,Cooling system,Inspect coolant level and radiator,temperature signal is elevated (SHAP=-3.839),31,Low,2026-06-28 20:56:35
Vehicle_0884,100.0,100.0,100.0,20.138336,96.0,0.0003,0.0%,LOW,124,2480,temperature,-3.8586,Cooling system,Inspect coolant level and radiator,temperature signal is elevated (SHAP=-3.859),31,Low,2026-06-28 20:56:35
Vehicle_0885,100.0,89.92803864161124,96.97841159248335,20.8457,94.17265468381228,0.0002,0.0%,LOW,124,2480,temperature,-3.8296,Cooling system,Inspect coolant level and radiator,temperature signal is elevated (SHAP=-3.830),31,Low,2026-06-28 20:56:36
Vehicle_0886,100.0,77.51593974133353,93.25478192240006,99.677315,91.45605710170672,0.0002,0.0%,LOW,124,2480,temperature,-3.8296,Cooling system,Inspect coolant level and radiator,temperature signal is elevated (SHAP=-3.830),31,Low,2026-06-28 20:56:36
Vehicle_0887,65.0,100.0,75.5,16.85328,73.3,0.0003,0.0%,LOW,124,2480,temperature,-3.828,Cooling system,Inspect coolant level and radiator,temperature signal is elevated (SHAP=-3.828),31,Low,2026-06-28 20:56:36
Vehicle_0888,85.0,67.0,79.6,19.657219,69.16,0.0002,0.0%,LOW,124,2480,temperature,-3.9218,Cooling system,Inspect coolant level and radiator,temperature signal is elevated (SHAP=-3.922),31,Low,2026-06-28 20:56:36
Vehicle_0889,100.0,68.21253419858215,90.46376025957464,20.411087,81.92076299546122,0.0002,0.0%,LOW,124,2480,temperature,-3.8049,Cooling system,Inspect coolant level and radiator,temperature signal is elevated (SHAP=-3.805),31,Low,2026-06-28 20:56:36
Vehicle_0890,80.0,100.0,86.0,20.8457,77.6,0.0004,0.0%,LOW,124,2480,temperature,-5.7944,Cooling system,Inspect coolant level and radiator,temperature signal is elevated (SHAP=-5.794),31,Low,2026-06-28 20:56:36
Vehicle_0891,60.0,80.47448479395705,66.1423454381871,2.4883091,59.78030422170367,0.0016,0.2%,LOW,124,2480,temperature,-6.4122,Cooling system,Inspect coolant level and radiator,temperature signal is elevated (SHAP=-6.412),31,Low,2026-06-28 20:56:36
Vehicle_0892,90.0,94.87758895758375,91.46327668727513,19.047188,83.85348380388182,0.0002,0.0%,LOW,124,2480,temperature,-3.8217,Cooling system,Inspect coolant level and radiator,temperature signal is elevated (SHAP=-3.822),31,Low,2026-06-28 20:56:36
Vehicle_0893,100.0,100.0,100.0,17.392307,96.0,0.0003,0.0%,LOW,124,2480,temperature,-3.8201,Cooling system,Inspect coolant level and radiator,temperature signal is elevated (SHAP=-3.820),31,Low,2026-06-28 20:56:36
Vehicle_0894,100.0,67.0,90.1,99.685196,87.46,0.0002,0.0%,LOW,124,2480,temperature,-3.7995,Cooling system,Inspect coolant level and radiator,temperature signal is elevated (SHAP=-3.800),31,Low,2026-06-28 20:56:36
Vehicle_0895,80.0,83.50750812401124,81.05225243720338,19.30874,71.33285308712428,0.0003,0.0%,LOW,124,2480,temperature,-5.7735,Cooling system,Inspect coolant level and radiator,temperature signal is elevated (SHAP=-5.774),31,Low,2026-06-28 20:56:36
Vehicle_0896,40.95043053321308,67.0,48.76530137324915,2.1151423,52.65918082394949,0.0006,0.1%,LOW,124,2480,temperature,-4.2195,Cooling system,Inspect coolant level and radiator,temperature signal is elevated (SHAP=-4.220),31,Low,2026-06-28 20:56:36
Vehicle_0897,100.0,100.0,100.0,20.138336,94.0,0.0003,0.0%,LOW,124,2480,temperature,-3.8399,Cooling system,Inspect coolant level and radiator,temperature signal is elevated (SHAP=-3.840),31,Low,2026-06-28 20:56:36
Vehicle_0898,80.0,67.0,76.1,99.65866,79.06,0.0002,0.0%,LOW,124,2480,temperature,-3.7449,Cooling system,Inspect coolant level and radiator,temperature signal is elevated (SHAP=-3.745),31,Low,2026-06-28 20:56:36
Vehicle_0899,74.92653337462767,62.56960341997991,71.21945438823334,5.091256,59.24559331693599,0.0004,0.0%,LOW,124,2480,temperature,-6.0132,Cooling system,Inspect coolant level and radiator,temperature signal is elevated (SHAP=-6.013),31,Low,2026-06-28 20:56:36
Vehicle_0900,60.0,100.0,72.0,7.4177504,65.19999999999999,0.0004,0.0%,LOW,124,2480,temperature,-5.9762,Cooling system,Inspect coolant level and radiator,temperature signal is elevated (SHAP=-5.976),31,Low,2026-06-28 20:56:36
Vehicle_0901,93.30924884039992,100.0,95.31647418827995,12.938285,89.18988451296798,0.0003,0.0%,LOW,124,2480,temperature,-3.8121,Cooling system,Inspect coolant level and radiator,temperature signal is elevated (SHAP=-3.812),31,Low,2026-06-28 20:56:36
Vehicle_0902,86.24398495170641,89.12702621421792,87.10889733045985,15.603429,86.09074364111949,0.0002,0.0%,LOW,124,2480,temperature,-3.8,Cooling system,Inspect coolant level and radiator,temperature signal is elevated (SHAP=-3.800),31,Low,2026-06-28 20:56:36
Vehicle_0903,65.0,100.0,75.5,19.137293,73.3,0.0002,0.0%,LOW,124,2480,temperature,-3.757,Cooling system,Inspect coolant level and radiator,temperature signal is elevated (SHAP=-3.757),31,Low,2026-06-28 20:56:36
Vehicle_0904,57.93077834316605,94.31732950120688,68.84674369057831,2.17036,64.17151211458835,0.9993,99.9%,CRITICAL,5,100,temperature,4.7311,Cooling system,Inspect coolant level and radiator,temperature signal is rapidly deteriorating (SHAP=4.731),1,Immediate,2026-06-28 20:56:36
Vehicle_0905,82.74822917311926,88.1954568191992,84.38239746694323,23.994816,78.26852984400577,0.0002,0.0%,LOW,124,2480,temperature,-3.7332,Cooling system,Inspect coolant level and radiator,temperature signal is elevated (SHAP=-3.733),31,Low,2026-06-28 20:56:36
Vehicle_0906,50.0,73.68735953237692,57.106207859713074,99.43158,69.00119662230323,0.0023,0.2%,LOW,124,2480,fault_count,-6.1352,ECU fault logs,Review and clear fault codes,fault_count signal is elevated (SHAP=-6.135),31,Low,2026-06-28 20:56:36
Vehicle_0907,100.0,100.0,100.0,19.725693,98.0,0.0003,0.0%,LOW,124,2480,temperature,-3.831,Cooling system,Inspect coolant level and radiator,temperature signal is elevated (SHAP=-3.831),31,Low,2026-06-28 20:56:36
Vehicle_0908,100.0,100.0,100.0,99.67241,100.0,0.0003,0.0%,LOW,124,2480,temperature,-3.8263,Cooling system,Inspect coolant level and radiator,temperature signal is elevated (SHAP=-3.826),31,Low,2026-06-28 20:56:36
Vehicle_0909,86.22118897251448,100.0,90.35483228076014,19.047188,86.21289936845608,0.0003,0.0%,LOW,124,2480,temperature,-3.8097,Cooling system,Inspect coolant level and radiator,temperature signal is elevated (SHAP=-3.810),31,Low,2026-06-28 20:56:36
Vehicle_0910,95.0,94.95288933187402,94.9858667995622,19.047188,87.98209794611212,0.0002,0.0%,LOW,124,2480,temperature,-3.8344,Cooling system,Inspect coolant level and radiator,temperature signal is elevated (SHAP=-3.834),31,Low,2026-06-28 20:56:36
Vehicle_0911,90.0,63.382234722181714,82.01467041665451,21.125496,71.88524919442905,0.0002,0.0%,LOW,124,2480,temperature,-3.7825,Cooling system,Inspect coolant level and radiator,temperature signal is elevated (SHAP=-3.783),31,Low,2026-06-28 20:56:36
Vehicle_0912,78.08900099953527,100.0,84.66230069967469,19.392086,76.79738041980481,0.0004,0.0%,LOW,124,2480,temperature,-5.8103,Cooling system,Inspect coolant level and radiator,temperature signal is elevated (SHAP=-5.810),31,Low,2026-06-28 20:56:36
Vehicle_0913,93.33253734049626,91.7272121762324,92.85093979121712,20.138336,92.05600630997677,0.0002,0.0%,LOW,124,2480,temperature,-3.8218,Cooling system,Inspect coolant level and radiator,temperature signal is elevated (SHAP=-3.822),31,Low,2026-06-28 20:56:36
Vehicle_0914,60.0,83.78483216866482,67.13544965059944,3.2814682,59.03823622409263,0.001,0.1%,LOW,124,2480,temperature,-6.2511,Cooling system,Inspect coolant level and radiator,temperature signal is elevated (SHAP=-6.251),31,Low,2026-06-28 20:56:36
Vehicle_0915,80.37784564860797,80.42683661391214,80.39254293819923,17.09106,80.32089308570197,0.0002,0.0%,LOW,124,2480,temperature,-3.8296,Cooling system,Inspect coolant level and radiator,temperature signal is elevated (SHAP=-3.830),31,Low,2026-06-28 20:56:36
Vehicle_0916,64.69177479101957,80.36075655655875,69.39246932068131,18.53739,67.70763290372054,0.0002,0.0%,LOW,124,2480,temperature,-3.8644,Cooling system,Inspect coolant level and radiator,temperature signal is elevated (SHAP=-3.864),31,Low,2026-06-28 20:56:36
Vehicle_0917,80.0,100.0,86.0,16.85328,87.6,0.0032,0.3%,LOW,124,2480,fault_count,-6.1317,ECU fault logs,Review and clear fault codes,fault_count signal is elevated (SHAP=-6.132),31,Low,2026-06-28 20:56:36
Vehicle_0918,94.11759778622834,68.35110689592969,86.38765051913873,20.351988,79.50281169066918,0.0002,0.0%,LOW,124,2480,temperature,-3.8175,Cooling system,Inspect coolant level and radiator,temperature signal is elevated (SHAP=-3.817),31,Low,2026-06-28 20:56:36
Vehicle_0919,55.52575555084488,75.35748207569407,61.47527350829964,1.4473081,55.95666052011859,0.9993,99.9%,CRITICAL,5,100,temperature,4.5413,Cooling system,Inspect coolant level and radiator,temperature signal is rapidly deteriorating (SHAP=4.541),1,Immediate,2026-06-28 20:56:36
Vehicle_0920,100.0,86.32524740291707,95.89757422087511,99.68493,94.8035940131085,0.0002,0.0%,LOW,124,2480,temperature,-3.8302,Cooling system,Inspect coolant level and radiator,temperature signal is elevated (SHAP=-3.830),31,Low,2026-06-28 20:56:36
Vehicle_0921,79.24189939147125,100.0,85.46932957402987,25.280869,83.28159774441792,0.0002,0.0%,LOW,124,2480,temperature,-3.7636,Cooling system,Inspect coolant level and radiator,temperature signal is elevated (SHAP=-3.764),31,Low,2026-06-28 20:56:36
Vehicle_0922,90.0,100.0,93.0,19.392086,85.8,0.0003,0.0%,LOW,124,2480,temperature,-3.8394,Cooling system,Inspect coolant level and radiator,temperature signal is elevated (SHAP=-3.839),31,Low,2026-06-28 20:56:36
Vehicle_0923,79.44914171024642,67.0,75.7143991971725,17.09106,68.8286395183035,0.0002,0.0%,LOW,124,2480,temperature,-3.9041,Cooling system,Inspect coolant level and radiator,temperature signal is elevated (SHAP=-3.904),31,Low,2026-06-28 20:56:36
Vehicle_0924,100.0,100.0,100.0,19.392086,94.0,0.0003,0.0%,LOW,124,2480,temperature,-3.8206,Cooling system,Inspect coolant level and radiator,temperature signal is elevated (SHAP=-3.821),31,Low,2026-06-28 20:56:36
Vehicle_0925,100.0,100.0,100.0,17.470497,94.0,0.0002,0.0%,LOW,124,2480,temperature,-3.8084,Cooling system,Inspect coolant level and radiator,temperature signal is elevated (SHAP=-3.808),31,Low,2026-06-28 20:56:36
Vehicle_0926,50.0,56.45316044957817,51.93594813487345,1.2731314,44.452200970839705,0.9994,99.9%,CRITICAL,5,100,temperature,4.6384,Cooling system,Inspect coolant level and radiator,temperature signal is rapidly deteriorating (SHAP=4.638),1,Immediate,2026-06-28 20:56:36
Vehicle_0927,96.83129939367169,67.0,87.88190957557016,24.714924,82.1291457453421,0.0002,0.0%,LOW,124,2480,temperature,-3.7621,Cooling system,Inspect coolant level and radiator,temperature signal is elevated (SHAP=-3.762),31,Low,2026-06-28 20:56:36
Vehicle_0928,92.5862304842936,65.01023723076327,84.31343250823448,17.475641,75.59010695109333,0.0002,0.0%,LOW,124,2480,temperature,-3.8183,Cooling system,Inspect coolant level and radiator,temperature signal is elevated (SHAP=-3.818),31,Low,2026-06-28 20:56:36
Vehicle_0929,87.58988596667075,100.0,91.31292017666952,19.392086,88.7877521060017,0.0003,0.0%,LOW,124,2480,temperature,-3.8243,Cooling system,Inspect coolant level and radiator,temperature signal is elevated (SHAP=-3.824),31,Low,2026-06-28 20:56:36
Vehicle_0930,80.0,100.0,86.0,19.392086,77.6,0.0004,0.0%,LOW,124,2480,temperature,-5.8171,Cooling system,Inspect coolant level and radiator,temperature signal is elevated (SHAP=-5.817),31,Low,2026-06-28 20:56:36
Vehicle_0931,67.09119688393501,77.38135013803935,70.1782428601663,11.877453,61.583215743707655,0.0004,0.0%,LOW,124,2480,temperature,-5.974,Cooling system,Inspect coolant level and radiator,temperature signal is elevated (SHAP=-5.974),31,Low,2026-06-28 20:56:36
Vehicle_0932,56.55027802080522,100.0,69.58519461456365,8.308369,65.75111676873819,0.0005,0.1%,LOW,124,2480,temperature,-6.0136,Cooling system,Inspect coolant level and radiator,temperature signal is elevated (SHAP=-6.014),31,Low,2026-06-28 20:56:36
Vehicle_0933,80.0,61.4978133005971,74.44934399017913,99.580505,76.9691690542269,0.0002,0.0%,LOW,124,2480,temperature,-3.8144,Cooling system,Inspect coolant level and radiator,temperature signal is elevated (SHAP=-3.814),31,Low,2026-06-28 20:56:36
Vehicle_0934,80.0,85.67716487181677,81.70314946154502,99.580505,86.15732265129037,0.0024,0.2%,LOW,124,2480,fault_count,-6.1575,ECU fault logs,Review and clear fault codes,fault_count signal is elevated (SHAP=-6.157),31,Low,2026-06-28 20:56:36
Vehicle_0935,100.0,84.86602395794016,95.45980718738204,19.994253,88.24908910401726,0.0002,0.0%,LOW,124,2480,temperature,-3.8,Cooling system,Inspect coolant level and radiator,temperature signal is elevated (SHAP=-3.800),31,Low,2026-06-28 20:56:36
Vehicle_0936,57.31359341893193,100.0,70.11951539325236,3.47175,74.0717092359514,0.0004,0.0%,LOW,124,2480,temperature,-4.0276,Cooling system,Inspect coolant level and radiator,temperature signal is elevated (SHAP=-4.028),31,Low,2026-06-28 20:56:36
Vehicle_0937,60.0,100.0,72.0,99.617134,83.19999999999999,0.0002,0.0%,LOW,124,2480,temperature,-3.7438,Cooling system,Inspect coolant level and radiator,temperature signal is elevated (SHAP=-3.744),31,Low,2026-06-28 20:56:36
Vehicle_0938,80.0,100.0,86.0,20.079834,75.6,0.0005,0.1%,LOW,124,2480,temperature,-5.9286,Cooling system,Inspect coolant level and radiator,temperature signal is elevated (SHAP=-5.929),31,Low,2026-06-28 20:56:36
Vehicle_0939,41.79131605349232,69.46592419569271,50.09369849615244,2.1437705,47.94940393683001,0.0032,0.3%,LOW,124,2480,temperature,-6.4387,Cooling system,Inspect coolant level and radiator,temperature signal is elevated (SHAP=-6.439),31,Low,2026-06-28 20:56:36
Vehicle_0940,65.56709771846883,100.0,75.89696840292818,21.010471,77.5381810417569,0.0002,0.0%,LOW,124,2480,temperature,-3.7311,Cooling system,Inspect coolant level and radiator,temperature signal is elevated (SHAP=-3.731),31,Low,2026-06-28 20:56:36
Vehicle_0941,80.0,100.0,86.0,19.047188,77.6,0.0004,0.0%,LOW,124,2480,temperature,-5.8191,Cooling system,Inspect coolant level and radiator,temperature signal is elevated (SHAP=-5.819),31,Low,2026-06-28 20:56:37
Vehicle_0942,73.40818121296144,63.86124265968604,70.54409964697881,13.776266,65.0987083201245,0.0002,0.0%,LOW,124,2480,temperature,-3.9861,Cooling system,Inspect coolant level and radiator,temperature signal is elevated (SHAP=-3.986),31,Low,2026-06-28 20:56:37
Vehicle_0943,76.73588940263063,62.52067643939615,72.47132551366029,15.528875,63.9869305960754,0.0002,0.0%,LOW,124,2480,temperature,-3.8838,Cooling system,Inspect coolant level and radiator,temperature signal is elevated (SHAP=-3.884),31,Low,2026-06-28 20:56:37
Vehicle_0944,51.474399139270645,100.0,66.03207939748944,3.010255,63.61924763849366,0.0014,0.1%,LOW,124,2480,temperature,-6.1909,Cooling system,Inspect coolant level and radiator,temperature signal is elevated (SHAP=-6.191),31,Low,2026-06-28 20:56:37
Vehicle_0945,100.0,88.77836153384246,96.63350846015274,99.671844,95.73577738286014,0.0002,0.0%,LOW,124,2480,temperature,-3.8296,Cooling system,Inspect coolant level and radiator,temperature signal is elevated (SHAP=-3.830),31,Low,2026-06-28 20:56:37
Vehicle_0946,99.76992726372234,70.54449547449451,91.00229772695398,17.475641,84.7102777310713,0.0002,0.0%,LOW,124,2480,temperature,-3.8255,Cooling system,Inspect coolant level and radiator,temperature signal is elevated (SHAP=-3.825),31,Low,2026-06-28 20:56:37
Vehicle_0947,94.92476229200928,88.31516317630536,92.9418825572981,19.645954,85.42816216963993,0.0002,0.0%,LOW,124,2480,temperature,-3.8258,Cooling system,Inspect coolant level and radiator,temperature signal is elevated (SHAP=-3.826),31,Low,2026-06-28 20:56:37
Vehicle_0948,71.1618790230194,97.75667783836788,79.14031866762394,26.473278,71.03552676824795,0.0004,0.0%,LOW,124,2480,temperature,-5.8599,Cooling system,Inspect coolant level and radiator,temperature signal is elevated (SHAP=-5.860),31,Low,2026-06-28 20:56:37
Vehicle_0949,88.5134279084485,90.38295640998544,89.07428645890958,16.85328,81.52116315734284,0.0002,0.0%,LOW,124,2480,temperature,-3.8296,Cooling system,Inspect coolant level and radiator,temperature signal is elevated (SHAP=-3.830),31,Low,2026-06-28 20:56:37
Vehicle_0950,93.28886246435955,62.830921826882665,84.1514802731165,26.80304,77.05707252924644,0.0002,0.0%,LOW,124,2480,temperature,-3.7484,Cooling system,Inspect coolant level and radiator,temperature signal is elevated (SHAP=-3.748),31,Low,2026-06-28 20:56:37
Vehicle_0951,91.92777597541394,97.1592612732004,93.49722156474988,99.67958,95.53018519349,0.0003,0.0%,LOW,124,2480,temperature,-3.8172,Cooling system,Inspect coolant level and radiator,temperature signal is elevated (SHAP=-3.817),31,Low,2026-06-28 20:56:37
Vehicle_0952,86.44694197177049,100.0,90.51285938023932,19.392086,84.3077156281436,0.0003,0.0%,LOW,124,2480,temperature,-3.831,Cooling system,Inspect coolant level and radiator,temperature signal is elevated (SHAP=-3.831),31,Low,2026-06-28 20:56:37
Vehicle_0953,95.67411988199616,86.21627204738778,92.83676553161364,17.372013,88.94531372844574,0.0002,0.0%,LOW,124,2480,temperature,-3.8172,Cooling system,Inspect coolant level and radiator,temperature signal is elevated (SHAP=-3.817),31,Low,2026-06-28 20:56:37
Vehicle_0954,66.22881539832375,86.8809381776123,72.42445223211031,24.714924,74.83085897478864,0.0002,0.0%,LOW,124,2480,temperature,-3.723,Cooling system,Inspect coolant level and radiator,temperature signal is elevated (SHAP=-3.723),31,Low,2026-06-28 20:56:37
Vehicle_0955,60.0,97.68154201276748,71.30446260383025,3.3172548,64.31898596485163,0.0012,0.1%,LOW,124,2480,temperature,-6.269,Cooling system,Inspect coolant level and radiator,temperature signal is elevated (SHAP=-6.269),31,Low,2026-06-28 20:56:37
Vehicle_0956,62.52478920033786,58.504064058225424,61.318571657704126,8.049763,58.49195580626756,0.0031,0.3%,LOW,124,2480,fault_count,-6.1052,ECU fault logs,Review and clear fault codes,fault_count signal is elevated (SHAP=-6.105),31,Low,2026-06-28 20:56:37
Vehicle_0957,100.0,97.07416120286004,99.122248360858,20.079834,96.8881812570868,0.0002,0.0%,LOW,124,2480,temperature,-3.8344,Cooling system,Inspect coolant level and radiator,temperature signal is elevated (SHAP=-3.834),31,Low,2026-06-28 20:56:37
Vehicle_0958,50.0,69.79291479179734,55.93787443753921,99.57328,67.521307620883,0.0021,0.2%,LOW,124,2480,fault_count,-6.1354,ECU fault logs,Review and clear fault codes,fault_count signal is elevated (SHAP=-6.135),31,Low,2026-06-28 20:56:37
Vehicle_0959,100.0,90.58618542205475,97.17585562661642,19.047188,90.4227504603808,0.0002,0.0%,LOW,124,2480,temperature,-3.8213,Cooling system,Inspect coolant level and radiator,temperature signal is elevated (SHAP=-3.821),31,Low,2026-06-28 20:56:37
Vehicle_0960,97.758914693562,72.4519675029713,90.16683053638478,99.67787,88.59049182242512,0.0002,0.0%,LOW,124,2480,temperature,-3.8136,Cooling system,Inspect coolant level and radiator,temperature signal is elevated (SHAP=-3.814),31,Low,2026-06-28 20:56:37
Vehicle_0961,64.54184924336451,68.04749661511393,65.59354345488933,9.693802,64.96562539595638,0.004,0.4%,LOW,124,2480,fault_count,-6.1342,ECU fault logs,Review and clear fault codes,fault_count signal is elevated (SHAP=-6.134),31,Low,2026-06-28 20:56:37
Vehicle_0962,95.0,93.57285729943362,94.57185718983008,16.54427,87.45768577378477,0.0003,0.0%,LOW,124,2480,temperature,-3.8473,Cooling system,Inspect coolant level and radiator,temperature signal is elevated (SHAP=-3.847),31,Low,2026-06-28 20:56:37
Vehicle_0963,80.0,92.72722725569515,83.81816817670855,19.392086,72.83634635716416,0.0004,0.0%,LOW,124,2480,temperature,-5.918,Cooling system,Inspect coolant level and radiator,temperature signal is elevated (SHAP=-5.918),31,Low,2026-06-28 20:56:37
Vehicle_0964,96.32754834050296,95.17220700911928,95.98094594108784,24.402285,90.62300896647656,0.0002,0.0%,LOW,124,2480,temperature,-3.732,Cooling system,Inspect coolant level and radiator,temperature signal is elevated (SHAP=-3.732),31,Low,2026-06-28 20:56:37
Vehicle_0965,100.0,67.0,90.1,20.351988,83.46,0.0002,0.0%,LOW,124,2480,temperature,-3.8302,Cooling system,Inspect coolant level and radiator,temperature signal is elevated (SHAP=-3.830),31,Low,2026-06-28 20:56:37
Vehicle_0966,66.60121598197571,81.89947098440273,71.19069248270381,16.2238,67.09430968650283,0.0002,0.0%,LOW,124,2480,temperature,-3.9736,Cooling system,Inspect coolant level and radiator,temperature signal is elevated (SHAP=-3.974),31,Low,2026-06-28 20:56:37
Vehicle_0967,65.0,99.35999995862176,75.30799998758653,23.994816,73.05679998427627,0.0002,0.0%,LOW,124,2480,temperature,-3.7547,Cooling system,Inspect coolant level and radiator,temperature signal is elevated (SHAP=-3.755),31,Low,2026-06-28 20:56:37
Vehicle_0968,94.70331928442435,94.95324838813384,94.7782980155372,99.73955,95.8576284869491,0.0002,0.0%,LOW,124,2480,temperature,-3.7256,Cooling system,Inspect coolant level and radiator,temperature signal is elevated (SHAP=-3.726),31,Low,2026-06-28 20:56:37
Vehicle_0969,82.26926728437698,48.41399576721261,72.11268582922767,99.56961,72.95041065097912,0.0002,0.0%,LOW,124,2480,temperature,-3.8185,Cooling system,Inspect coolant level and radiator,temperature signal is elevated (SHAP=-3.818),31,Low,2026-06-28 20:56:37
Vehicle_0970,95.00273523514872,95.1677756248419,95.05224735205668,19.137293,94.0649035362024,0.0002,0.0%,LOW,124,2480,temperature,-3.7621,Cooling system,Inspect coolant level and radiator,temperature signal is elevated (SHAP=-3.762),31,Low,2026-06-28 20:56:37
Vehicle_0971,61.59372549120636,97.79822025856993,72.45507392141542,23.994816,69.03268840456323,0.0003,0.0%,LOW,124,2480,temperature,-5.8443,Cooling system,Inspect coolant level and radiator,temperature signal is elevated (SHAP=-5.844),31,Low,2026-06-28 20:56:37
Vehicle_0972,96.55443465972527,88.8410990127197,94.2404339656236,25.280869,90.3124801819181,0.0002,0.0%,LOW,124,2480,temperature,-3.7821,Cooling system,Inspect coolant level and radiator,temperature signal is elevated (SHAP=-3.782),31,Low,2026-06-28 20:56:37
Vehicle_0973,80.0,68.58525633147264,76.57557689944178,9.547502,61.6623974059596,0.0005,0.1%,LOW,124,2480,temperature,-6.0847,Cooling system,Inspect coolant level and radiator,temperature signal is elevated (SHAP=-6.085),31,Low,2026-06-28 20:56:37
Vehicle_0974,86.49557400930661,67.0,80.64690180651462,17.09106,73.78814108390877,0.0002,0.0%,LOW,124,2480,temperature,-3.7944,Cooling system,Inspect coolant level and radiator,temperature signal is elevated (SHAP=-3.794),31,Low,2026-06-28 20:56:37
Vehicle_0975,61.29794345246809,75.30328259521497,65.49954519529214,11.142927,56.36038363621828,0.0004,0.0%,LOW,124,2480,temperature,-6.0025,Cooling system,Inspect coolant level and radiator,temperature signal is elevated (SHAP=-6.003),31,Low,2026-06-28 20:56:37
Vehicle_0976,95.2850890077818,73.64842685866877,88.79409036304789,25.600946,84.00613958956248,0.0002,0.0%,LOW,124,2480,temperature,-3.7621,Cooling system,Inspect coolant level and radiator,temperature signal is elevated (SHAP=-3.762),31,Low,2026-06-28 20:56:37
Vehicle_0977,59.79911630570344,100.0,71.8593814139924,6.278801,75.11562884839543,0.0002,0.0%,LOW,124,2480,temperature,-3.7394,Cooling system,Inspect coolant level and radiator,temperature signal is elevated (SHAP=-3.739),31,Low,2026-06-28 20:56:37
Vehicle_0978,100.0,40.92758576365777,82.27827572909733,17.09106,75.55248259018995,0.0002,0.0%,LOW,124,2480,temperature,-3.8072,Cooling system,Inspect coolant level and radiator,temperature signal is elevated (SHAP=-3.807),31,Low,2026-06-28 20:56:37
Vehicle_0979,80.0,84.35211840880173,81.30563552264051,20.052576,69.65380499534466,0.0004,0.0%,LOW,124,2480,temperature,-5.9046,Cooling system,Inspect coolant level and radiator,temperature signal is elevated (SHAP=-5.905),31,Low,2026-06-28 20:56:37
Vehicle_0980,86.68561871850687,95.0976663619133,89.2092330115288,16.85328,82.54507307929993,0.0003,0.0%,LOW,124,2480,temperature,-3.8503,Cooling system,Inspect coolant level and radiator,temperature signal is elevated (SHAP=-3.850),31,Low,2026-06-28 20:56:37
Vehicle_0981,92.1640346106257,91.869005636755,92.07552591846448,99.75105,93.61911667842968,0.0002,0.0%,LOW,124,2480,temperature,-3.7598,Cooling system,Inspect coolant level and radiator,temperature signal is elevated (SHAP=-3.760),31,Low,2026-06-28 20:56:37
Vehicle_0982,80.0,97.1319852612931,85.13959557838793,19.392086,76.51015439929137,0.0004,0.0%,LOW,124,2480,temperature,-5.8103,Cooling system,Inspect coolant level and radiator,temperature signal is elevated (SHAP=-5.810),31,Low,2026-06-28 20:56:37
Vehicle_0983,80.0,62.287016961000525,74.68610508830015,9.547502,61.269066445180194,0.0004,0.0%,LOW,124,2480,temperature,-6.0157,Cooling system,Inspect coolant level and radiator,temperature signal is elevated (SHAP=-6.016),31,Low,2026-06-28 20:56:37
Vehicle_0984,72.52386314020303,49.31139899835197,65.56012389764771,6.098384,57.19835413825902,0.0003,0.0%,LOW,124,2480,temperature,-3.9464,Cooling system,Inspect coolant level and radiator,temperature signal is elevated (SHAP=-3.946),31,Low,2026-06-28 20:56:37
Vehicle_0985,47.055668729325646,100.0,62.93896811052795,3.5268903,61.76338086631677,0.0008,0.1%,LOW,124,2480,temperature,-6.1447,Cooling system,Inspect coolant level and radiator,temperature signal is elevated (SHAP=-6.145),31,Low,2026-06-28 20:56:37
Vehicle_0986,91.04055548715814,93.42005353499472,91.75440490150912,16.54427,89.73665364790442,0.0002,0.0%,LOW,124,2480,temperature,-3.7966,Cooling system,Inspect coolant level and radiator,temperature signal is elevated (SHAP=-3.797),31,Low,2026-06-28 20:56:37
Vehicle_0987,86.35102820495207,93.45402697645088,88.48192783640171,23.994816,83.7799620971312,0.0002,0.0%,LOW,124,2480,temperature,-3.7621,Cooling system,Inspect coolant level and radiator,temperature signal is elevated (SHAP=-3.762),31,Low,2026-06-28 20:56:37
Vehicle_0988,80.0,73.30047833623453,77.99014350087036,13.79109,65.45418176776911,0.0004,0.0%,LOW,124,2480,temperature,-6.1023,Cooling system,Inspect coolant level and radiator,temperature signal is elevated (SHAP=-6.102),31,Low,2026-06-28 20:56:37
Vehicle_0989,85.0,93.41289852767883,87.52386955830364,16.54427,79.19690144051795,0.0002,0.0%,LOW,124,2480,temperature,-3.8213,Cooling system,Inspect coolant level and radiator,temperature signal is elevated (SHAP=-3.821),31,Low,2026-06-28 20:56:37
Vehicle_0990,85.0,72.84203012238845,81.35260903671653,19.657219,71.3799714465076,0.0002,0.0%,LOW,124,2480,temperature,-3.8213,Cooling system,Inspect coolant level and radiator,temperature signal is elevated (SHAP=-3.821),31,Low,2026-06-28 20:56:37
Vehicle_0991,63.8833317174082,100.0,74.71833220218574,16.85328,70.83099932131144,0.0004,0.0%,LOW,124,2480,temperature,-5.8191,Cooling system,Inspect coolant level and radiator,temperature signal is elevated (SHAP=-5.819),31,Low,2026-06-28 20:56:37
Vehicle_0992,65.0,99.46247896568048,75.33874368970415,16.85328,73.09574200695859,0.0036,0.4%,LOW,124,2480,fault_count,-6.1363,ECU fault logs,Review and clear fault codes,fault_count signal is elevated (SHAP=-6.136),31,Low,2026-06-28 20:56:37
Vehicle_0993,70.0,99.73502738547796,78.92050821564338,16.85328,85.29931040648162,0.0027,0.3%,LOW,124,2480,fault_count,-6.1623,ECU fault logs,Review and clear fault codes,fault_count signal is elevated (SHAP=-6.162),31,Low,2026-06-28 20:56:37
Vehicle_0994,60.0,81.2733846398845,66.38201539196535,4.245889,72.08388616315611,0.0002,0.0%,LOW,124,2480,temperature,-3.8797,Cooling system,Inspect coolant level and radiator,temperature signal is elevated (SHAP=-3.880),31,Low,2026-06-28 20:56:37
Vehicle_0995,75.93838687492423,67.0,73.25687081244696,15.528875,63.354122487468175,0.0003,0.0%,LOW,124,2480,temperature,-5.8726,Cooling system,Inspect coolant level and radiator,temperature signal is elevated (SHAP=-5.873),31,Low,2026-06-28 20:56:37
Vehicle_0996,99.41839510920973,67.0,89.69287657644679,15.210032,83.21572594586807,0.0002,0.0%,LOW,124,2480,temperature,-3.7917,Cooling system,Inspect coolant level and radiator,temperature signal is elevated (SHAP=-3.792),31,Low,2026-06-28 20:56:37
Vehicle_0997,62.95404545393588,100.0,74.06783181775512,12.938285,72.44069909065307,0.0003,0.0%,LOW,124,2480,temperature,-3.8202,Cooling system,Inspect coolant level and radiator,temperature signal is elevated (SHAP=-3.820),31,Low,2026-06-28 20:56:38
Vehicle_0998,75.0,74.7683345860273,74.93050037580818,16.860182,71.91196714269037,0.0002,0.0%,LOW,124,2480,temperature,-3.7477,Cooling system,Inspect coolant level and radiator,temperature signal is elevated (SHAP=-3.748),31,Low,2026-06-28 20:56:38
Vehicle_0999,65.0,85.63122445217255,71.18936733565177,18.637121,67.83986529182557,0.0002,0.0%,LOW,124,2480,temperature,-3.833,Cooling system,Inspect coolant level and radiator,temperature signal is elevated (SHAP=-3.833),31,Low,2026-06-28 20:56:38
Vehicle_1000,83.46168842154631,100.0,88.42318189508242,15.249747,89.05390913704946,0.0002,0.0%,LOW,124,2480,temperature,-3.7799,Cooling system,Inspect coolant level and radiator,temperature signal is elevated (SHAP=-3.780),31,Low,2026-06-28 20:56:38
Vehicle_1001,90.0548839820856,98.19920808626917,92.49818121334066,24.863546,89.13875034525823,0.0002,0.0%,LOW,124,2480,temperature,-3.7885,Cooling system,Inspect coolant level and radiator,temperature signal is elevated (SHAP=-3.788),31,Low,2026-06-28 20:56:38
Vehicle_1002,85.0,88.4568158007967,86.037044740239,20.079834,77.31359000430274,0.0002,0.0%,LOW,124,2480,temperature,-3.8258,Cooling system,Inspect coolant level and radiator,temperature signal is elevated (SHAP=-3.826),31,Low,2026-06-28 20:56:38
Vehicle_1003,99.00842362978464,85.07299665051043,94.82779553600238,21.639776,91.91127665170352,0.0002,0.0%,LOW,124,2480,temperature,-3.8258,Cooling system,Inspect coolant level and radiator,temperature signal is elevated (SHAP=-3.826),31,Low,2026-06-28 20:56:38
Vehicle_1004,64.46316179325197,92.93174697042627,73.00373734640425,24.402285,76.3885918019278,0.0002,0.0%,LOW,124,2480,temperature,-3.732,Cooling system,Inspect coolant level and radiator,temperature signal is elevated (SHAP=-3.732),31,Low,2026-06-28 20:56:38
Vehicle_1005,80.0,81.39397602545289,80.41819280763586,14.800512,66.52971088967209,0.0004,0.0%,LOW,124,2480,temperature,-6.0722,Cooling system,Inspect coolant level and radiator,temperature signal is elevated (SHAP=-6.072),31,Low,2026-06-28 20:56:38
Vehicle_1006,99.79370069394986,82.28198314566627,94.54018542946476,17.09106,91.18050788681212,0.0002,0.0%,LOW,124,2480,temperature,-3.7831,Cooling system,Inspect coolant level and radiator,temperature signal is elevated (SHAP=-3.783),31,Low,2026-06-28 20:56:38
Vehicle_1007,59.8976227339343,98.54602193930891,71.49214249554667,4.806203,72.60448988518979,0.0002,0.0%,LOW,124,2480,temperature,-3.7879,Cooling system,Inspect coolant level and radiator,temperature signal is elevated (SHAP=-3.788),31,Low,2026-06-28 20:56:38
Vehicle_1008,86.72627510445032,94.80731004426904,89.15058558639592,22.410948,90.45181336069136,0.0002,0.0%,LOW,124,2480,temperature,-3.7621,Cooling system,Inspect coolant level and radiator,temperature signal is elevated (SHAP=-3.762),31,Low,2026-06-28 20:56:38
Vehicle_1009,67.31255509110582,100.0,77.11878856377407,17.713797,72.27127313826443,0.0004,0.0%,LOW,124,2480,temperature,-5.826,Cooling system,Inspect coolant level and radiator,temperature signal is elevated (SHAP=-5.826),31,Low,2026-06-28 20:56:38
Vehicle_1010,78.63472189624815,50.95897390842923,70.33199749990247,14.298463,70.39099328162733,0.0002,0.0%,LOW,124,2480,temperature,-3.7329,Cooling system,Inspect coolant level and radiator,temperature signal is elevated (SHAP=-3.733),31,Low,2026-06-28 20:56:38
Vehicle_1011,90.0,100.0,93.0,16.43982,85.8,0.0003,0.0%,LOW,124,2480,temperature,-3.8503,Cooling system,Inspect coolant level and radiator,temperature signal is elevated (SHAP=-3.850),31,Low,2026-06-28 20:56:38
Vehicle_1012,75.0,74.07379458406837,74.72213837522051,13.129557,71.64804194194598,0.0024,0.2%,LOW,124,2480,fault_count,-6.1276,ECU fault logs,Review and clear fault codes,fault_count signal is elevated (SHAP=-6.128),31,Low,2026-06-28 20:56:38
Vehicle_1013,65.0,100.0,75.5,19.876152,73.3,0.0002,0.0%,LOW,124,2480,temperature,-3.727,Cooling system,Inspect coolant level and radiator,temperature signal is elevated (SHAP=-3.727),31,Low,2026-06-28 20:56:38
Vehicle_1014,94.72096518966563,74.80307198134032,88.74559722716803,99.65866,88.20797273256889,0.0002,0.0%,LOW,124,2480,temperature,-3.7579,Cooling system,Inspect coolant level and radiator,temperature signal is elevated (SHAP=-3.758),31,Low,2026-06-28 20:56:38
Vehicle_1015,70.58163020810255,98.27497884439322,78.88963479898975,24.863546,76.98877664827249,0.0002,0.0%,LOW,124,2480,temperature,-3.7555,Cooling system,Inspect coolant level and radiator,temperature signal is elevated (SHAP=-3.756),31,Low,2026-06-28 20:56:38
Vehicle_1016,90.0,100.0,93.0,19.783419,85.8,0.0003,0.0%,LOW,124,2480,temperature,-3.8038,Cooling system,Inspect coolant level and radiator,temperature signal is elevated (SHAP=-3.804),31,Low,2026-06-28 20:56:38
Vehicle_1017,100.0,92.57283592602435,97.7718507778073,16.85328,93.17767765188924,0.0002,0.0%,LOW,124,2480,temperature,-3.7943,Cooling system,Inspect coolant level and radiator,temperature signal is elevated (SHAP=-3.794),31,Low,2026-06-28 20:56:38
Vehicle_1018,91.69643188111029,100.0,94.1875023167772,24.402285,92.51250139006632,0.0002,0.0%,LOW,124,2480,temperature,-3.7888,Cooling system,Inspect coolant level and radiator,temperature signal is elevated (SHAP=-3.789),31,Low,2026-06-28 20:56:38
Vehicle_1019,80.0,100.0,86.0,17.516422,77.6,0.0004,0.0%,LOW,124,2480,temperature,-5.8216,Cooling system,Inspect coolant level and radiator,temperature signal is elevated (SHAP=-5.822),31,Low,2026-06-28 20:56:38
Vehicle_1020,61.40894103552563,67.0,63.08625872486793,5.9942245,61.25175523492076,0.0003,0.0%,LOW,124,2480,temperature,-3.997,Cooling system,Inspect coolant level and radiator,temperature signal is elevated (SHAP=-3.997),31,Low,2026-06-28 20:56:38
Vehicle_1021,80.39433597696029,100.0,86.27603518387221,16.85328,81.76562111032332,0.0003,0.0%,LOW,124,2480,temperature,-3.8092,Cooling system,Inspect coolant level and radiator,temperature signal is elevated (SHAP=-3.809),31,Low,2026-06-28 20:56:38
Vehicle_1022,80.0,66.0,75.8,8.166957,60.68,0.0005,0.1%,LOW,124,2480,temperature,-6.0873,Cooling system,Inspect coolant level and radiator,temperature signal is elevated (SHAP=-6.087),31,Low,2026-06-28 20:56:38
Vehicle_1023,92.70514628013922,68.04000659175794,85.30560437362483,19.657219,76.79136394252649,0.0002,0.0%,LOW,124,2480,temperature,-3.8302,Cooling system,Inspect coolant level and radiator,temperature signal is elevated (SHAP=-3.830),31,Low,2026-06-28 20:56:38
Vehicle_1024,71.51595995993284,100.0,80.06117197195299,19.392086,72.0367031831718,0.0005,0.1%,LOW,124,2480,temperature,-5.9138,Cooling system,Inspect coolant level and radiator,temperature signal is elevated (SHAP=-5.914),31,Low,2026-06-28 20:56:38
Vehicle_1025,80.0,75.39446885200785,78.61834065560235,15.398699,64.24989816376298,0.0004,0.0%,LOW,124,2480,temperature,-6.0984,Cooling system,Inspect coolant level and radiator,temperature signal is elevated (SHAP=-6.098),31,Low,2026-06-28 20:56:38
Vehicle_1026,90.0,48.43840453539896,77.53152136061968,14.057339,66.20659372345159,0.0002,0.0%,LOW,124,2480,temperature,-3.9118,Cooling system,Inspect coolant level and radiator,temperature signal is elevated (SHAP=-3.912),31,Low,2026-06-28 20:56:38
Vehicle_1027,100.0,72.8679160165248,91.86037480495744,20.657724,85.68980808627943,0.0003,0.0%,LOW,124,2480,temperature,-3.8394,Cooling system,Inspect coolant level and radiator,temperature signal is elevated (SHAP=-3.839),31,Low,2026-06-28 20:56:38
Vehicle_1028,82.40167852338905,90.18451050860683,84.73652811895438,16.85328,80.878818973094,0.0003,0.0%,LOW,124,2480,temperature,-3.8202,Cooling system,Inspect coolant level and radiator,temperature signal is elevated (SHAP=-3.820),31,Low,2026-06-28 20:56:38
Vehicle_1029,99.817220671909,72.71598557724761,91.68685014351058,99.68493,89.55530720155588,0.0002,0.0%,LOW,124,2480,temperature,-3.7917,Cooling system,Inspect coolant level and radiator,temperature signal is elevated (SHAP=-3.792),31,Low,2026-06-28 20:56:38
Vehicle_1030,65.0,83.29300951831746,70.48790285549524,12.322199,66.95134361696063,0.0002,0.0%,LOW,124,2480,temperature,-3.9682,Cooling system,Inspect coolant level and radiator,temperature signal is elevated (SHAP=-3.968),31,Low,2026-06-28 20:56:38
Vehicle_1031,60.0,93.35927919627169,70.0077837588815,6.360096,76.67652609458324,0.0002,0.0%,LOW,124,2480,temperature,-3.7499,Cooling system,Inspect coolant level and radiator,temperature signal is elevated (SHAP=-3.750),31,Low,2026-06-28 20:56:38
Vehicle_1032,60.0,88.67496092252075,68.60248827675622,2.827102,60.89648515055788,0.0019,0.2%,LOW,124,2480,temperature,-6.4507,Cooling system,Inspect coolant level and radiator,temperature signal is elevated (SHAP=-6.451),31,Low,2026-06-28 20:56:38
Vehicle_1033,75.49182246336966,83.24804335261688,77.81868873014382,13.129557,71.34082190860967,0.0003,0.0%,LOW,124,2480,temperature,-3.8092,Cooling system,Inspect coolant level and radiator,temperature signal is elevated (SHAP=-3.809),31,Low,2026-06-28 20:56:38
Vehicle_1034,90.44516662362788,100.0,93.3116166365395,13.244349,87.98696998192369,0.0003,0.0%,LOW,124,2480,temperature,-3.8503,Cooling system,Inspect coolant level and radiator,temperature signal is elevated (SHAP=-3.850),31,Low,2026-06-28 20:56:38
Vehicle_1035,97.05789512347128,98.66879169067704,97.541164093633,19.137293,96.2584567943152,0.0002,0.0%,LOW,124,2480,temperature,-3.7665,Cooling system,Inspect coolant level and radiator,temperature signal is elevated (SHAP=-3.767),31,Low,2026-06-28 20:56:38
Vehicle_1036,80.0,79.61925877032179,79.88577763109654,99.66642,83.85531833272228,0.0002,0.0%,LOW,124,2480,temperature,-3.7386,Cooling system,Inspect coolant level and radiator,temperature signal is elevated (SHAP=-3.739),31,Low,2026-06-28 20:56:38
Vehicle_1037,65.41591049117696,70.35761254445657,66.89842110716084,9.336406,62.21057517318782,0.0002,0.0%,LOW,124,2480,temperature,-4.0037,Cooling system,Inspect coolant level and radiator,temperature signal is elevated (SHAP=-4.004),31,Low,2026-06-28 20:56:38
Vehicle_1038,80.0,86.38331042583755,81.91499312775126,15.210032,72.42565796181826,0.0003,0.0%,LOW,124,2480,temperature,-5.8089,Cooling system,Inspect coolant level and radiator,temperature signal is elevated (SHAP=-5.809),31,Low,2026-06-28 20:56:38
Vehicle_1039,85.79321315620892,76.23587688052493,82.92601227350372,15.210032,81.00278274020721,0.0002,0.0%,LOW,124,2480,temperature,-3.7812,Cooling system,Inspect coolant level and radiator,temperature signal is elevated (SHAP=-3.781),31,Low,2026-06-28 20:56:38
Vehicle_1040,89.67795893923093,99.46457156759448,92.61394272774,99.573395,95.46127995016288,0.0002,0.0%,LOW,124,2480,temperature,-3.8201,Cooling system,Inspect coolant level and radiator,temperature signal is elevated (SHAP=-3.820),31,Low,2026-06-28 20:56:38
Vehicle_1041,97.61089422830403,99.20835699043975,98.09013305694477,25.280869,92.6957512322548,0.0002,0.0%,LOW,124,2480,temperature,-3.7665,Cooling system,Inspect coolant level and radiator,temperature signal is elevated (SHAP=-3.767),31,Low,2026-06-28 20:56:38
Vehicle_1042,60.78317615347797,75.04310835295217,65.06115581332023,5.9942245,60.04531515858257,0.0003,0.0%,LOW,124,2480,temperature,-5.9642,Cooling system,Inspect coolant level and radiator,temperature signal is elevated (SHAP=-5.964),31,Low,2026-06-28 20:56:38
Vehicle_1043,77.687713894493,100.0,84.3813997261451,16.85328,80.62883983568706,0.0003,0.0%,LOW,124,2480,temperature,-3.8202,Cooling system,Inspect coolant level and radiator,temperature signal is elevated (SHAP=-3.820),31,Low,2026-06-28 20:56:38
Vehicle_1044,100.0,79.61511923254174,93.88453576976252,99.66854,92.25374530836586,0.0002,0.0%,LOW,124,2480,temperature,-3.7861,Cooling system,Inspect coolant level and radiator,temperature signal is elevated (SHAP=-3.786),31,Low,2026-06-28 20:56:38
Vehicle_1045,100.0,89.77938737968013,96.93381621390404,19.392086,94.11616720427844,0.0002,0.0%,LOW,124,2480,temperature,-3.8191,Cooling system,Inspect coolant level and radiator,temperature signal is elevated (SHAP=-3.819),31,Low,2026-06-28 20:56:38
Vehicle_1046,100.0,100.0,100.0,19.392086,98.0,0.0003,0.0%,LOW,124,2480,temperature,-3.8063,Cooling system,Inspect coolant level and radiator,temperature signal is elevated (SHAP=-3.806),31,Low,2026-06-28 20:56:38
Vehicle_1047,80.0,100.0,86.0,20.138336,77.6,0.0004,0.0%,LOW,124,2480,temperature,-5.8191,Cooling system,Inspect coolant level and radiator,temperature signal is elevated (SHAP=-5.819),31,Low,2026-06-28 20:56:38
Vehicle_1048,73.72216610124121,100.0,81.60551627086885,17.470497,74.9633097625213,0.0004,0.0%,LOW,124,2480,temperature,-5.8261,Cooling system,Inspect coolant level and radiator,temperature signal is elevated (SHAP=-5.826),31,Low,2026-06-28 20:56:39
Vehicle_1049,95.0,65.82019190338846,86.24605757101654,19.657219,76.91167292328761,0.0002,0.0%,LOW,124,2480,temperature,-3.828,Cooling system,Inspect coolant level and radiator,temperature signal is elevated (SHAP=-3.828),31,Low,2026-06-28 20:56:39
Vehicle_1050,81.87463254140391,100.0,87.31224277898274,19.392086,80.38734566738964,0.0003,0.0%,LOW,124,2480,temperature,-3.831,Cooling system,Inspect coolant level and radiator,temperature signal is elevated (SHAP=-3.831),31,Low,2026-06-28 20:56:39
Vehicle_1051,100.0,80.775715161539,94.2327145484617,99.68493,92.6947717613848,0.0002,0.0%,LOW,124,2480,temperature,-3.8302,Cooling system,Inspect coolant level and radiator,temperature signal is elevated (SHAP=-3.830),31,Low,2026-06-28 20:56:39
Vehicle_1052,87.57826246044897,100.0,91.30478372231428,19.392086,84.78287023338856,0.0003,0.0%,LOW,124,2480,temperature,-3.8009,Cooling system,Inspect coolant level and radiator,temperature signal is elevated (SHAP=-3.801),31,Low,2026-06-28 20:56:39
Vehicle_1053,82.2790258684283,70.39826526723864,78.7147976880714,21.666563,77.30853166629058,0.0002,0.0%,LOW,124,2480,temperature,-3.7417,Cooling system,Inspect coolant level and radiator,temperature signal is elevated (SHAP=-3.742),31,Low,2026-06-28 20:56:39
Vehicle_1054,50.0,100.0,65.0,1.9582272,63.0,0.9997,100.0%,CRITICAL,5,100,temperature,4.6932,Cooling system,Inspect coolant level and radiator,temperature signal is rapidly deteriorating (SHAP=4.693),1,Immediate,2026-06-28 20:56:39
Vehicle_1055,95.0,47.096395398113465,80.62891861943405,20.411087,69.79663025128312,0.0002,0.0%,LOW,124,2480,temperature,-3.783,Cooling system,Inspect coolant level and radiator,temperature signal is elevated (SHAP=-3.783),31,Low,2026-06-28 20:56:39
Vehicle_1056,52.68015855293737,76.78147859258236,59.91055456483086,1.3866603,55.30262845741498,0.9995,100.0%,CRITICAL,5,100,temperature,4.804,Cooling system,Inspect coolant level and radiator,temperature signal is rapidly deteriorating (SHAP=4.804),1,Immediate,2026-06-28 20:56:39
Vehicle_1057,90.0,100.0,93.0,19.392086,85.8,0.0003,0.0%,LOW,124,2480,temperature,-3.8063,Cooling system,Inspect coolant level and radiator,temperature signal is elevated (SHAP=-3.806),31,Low,2026-06-28 20:56:39
Vehicle_1058,92.66484245952113,67.0,84.96538972166476,17.09106,76.37923383299886,0.0002,0.0%,LOW,124,2480,temperature,-3.8049,Cooling system,Inspect coolant level and radiator,temperature signal is elevated (SHAP=-3.805),31,Low,2026-06-28 20:56:39
Vehicle_1059,80.0,99.86810186750782,85.96043056025235,20.079834,73.54987870965297,0.0004,0.0%,LOW,124,2480,temperature,-5.898,Cooling system,Inspect coolant level and radiator,temperature signal is elevated (SHAP=-5.898),31,Low,2026-06-28 20:56:39
Vehicle_1060,76.658195454143,89.05180564527527,80.37627851148267,17.470497,68.03612823594466,0.0004,0.0%,LOW,124,2480,temperature,-6.0291,Cooling system,Inspect coolant level and radiator,temperature signal is elevated (SHAP=-6.029),31,Low,2026-06-28 20:56:39
Vehicle_1061,95.0,82.23980841541774,91.17194252462532,19.657219,83.15112719785874,0.0002,0.0%,LOW,124,2480,temperature,-3.8134,Cooling system,Inspect coolant level and radiator,temperature signal is elevated (SHAP=-3.813),31,Low,2026-06-28 20:56:39
Vehicle_1062,80.0,71.12469372651721,77.33740811795516,16.708267,74.62738361607654,0.0027,0.3%,LOW,124,2480,fault_count,-6.1336,ECU fault logs,Review and clear fault codes,fault_count signal is elevated (SHAP=-6.134),31,Low,2026-06-28 20:56:39
Vehicle_1063,85.0,43.63576275379998,72.59072882613998,9.96173,60.28158984644399,0.0002,0.0%,LOW,124,2480,temperature,-3.9375,Cooling system,Inspect coolant level and radiator,temperature signal is elevated (SHAP=-3.938),31,Low,2026-06-28 20:56:39
Vehicle_1064,63.87611466510124,83.14447252443186,69.65662202290042,18.53739,76.42286771862662,0.0002,0.0%,LOW,124,2480,temperature,-3.7598,Cooling system,Inspect coolant level and radiator,temperature signal is elevated (SHAP=-3.760),31,Low,2026-06-28 20:56:39
Vehicle_1065,100.0,70.02276299680042,91.00682889904012,17.715132,82.60864993878417,0.0002,0.0%,LOW,124,2480,temperature,-3.805,Cooling system,Inspect coolant level and radiator,temperature signal is elevated (SHAP=-3.805),31,Low,2026-06-28 20:56:39
Vehicle_1066,80.0,80.48311897131889,80.14493569139566,17.961098,68.18358520910118,0.0004,0.0%,LOW,124,2480,temperature,-6.0164,Cooling system,Inspect coolant level and radiator,temperature signal is elevated (SHAP=-6.016),31,Low,2026-06-28 20:56:39
Vehicle_1067,60.0,45.57831006655583,55.67349301996675,2.5313973,46.519757825291215,0.0016,0.2%,LOW,124,2480,temperature,-6.3678,Cooling system,Inspect coolant level and radiator,temperature signal is elevated (SHAP=-6.368),31,Low,2026-06-28 20:56:39
Vehicle_1068,91.3492883895744,87.27842104934149,90.12802818750453,17.783546,83.53250112237102,0.0002,0.0%,LOW,124,2480,temperature,-3.8213,Cooling system,Inspect coolant level and radiator,temperature signal is elevated (SHAP=-3.821),31,Low,2026-06-28 20:56:39
Vehicle_1069,60.0,87.07877879167404,68.12363363750221,4.9233856,72.28993594083613,0.002,0.2%,LOW,124,2480,fault_count,-6.0799,ECU fault logs,Review and clear fault codes,fault_count signal is elevated (SHAP=-6.080),31,Low,2026-06-28 20:56:39
Vehicle_1070,79.71230884053836,69.2249247503402,76.5660936134789,9.314358,63.78464111815538,0.0005,0.1%,LOW,124,2480,temperature,-6.1073,Cooling system,Inspect coolant level and radiator,temperature signal is elevated (SHAP=-6.107),31,Low,2026-06-28 20:56:39
Vehicle_1071,100.0,85.24594513856931,95.5737835415708,15.826941,90.39345915265632,0.0002,0.0%,LOW,124,2480,temperature,-3.8218,Cooling system,Inspect coolant level and radiator,temperature signal is elevated (SHAP=-3.822),31,Low,2026-06-28 20:56:39
Vehicle_1072,100.0,97.42847856716566,99.2285435701497,99.67241,99.02282185552296,0.0002,0.0%,LOW,124,2480,temperature,-3.8236,Cooling system,Inspect coolant level and radiator,temperature signal is elevated (SHAP=-3.824),31,Low,2026-06-28 20:56:39
Vehicle_1073,74.24756954231421,82.23143105314102,76.64272799556225,99.66496,82.43192300796555,0.0002,0.0%,LOW,124,2480,temperature,-3.7304,Cooling system,Inspect coolant level and radiator,temperature signal is elevated (SHAP=-3.730),31,Low,2026-06-28 20:56:39
Vehicle_1074,100.0,82.02166969861598,94.6065009095848,19.970196,91.16823448547407,0.0002,0.0%,LOW,124,2480,temperature,-3.8296,Cooling system,Inspect coolant level and radiator,temperature signal is elevated (SHAP=-3.830),31,Low,2026-06-28 20:56:39
Vehicle_1075,80.0,67.0,76.1,14.841515,63.06,0.0004,0.0%,LOW,124,2480,temperature,-6.0858,Cooling system,Inspect coolant level and radiator,temperature signal is elevated (SHAP=-6.086),31,Low,2026-06-28 20:56:39
Vehicle_1076,83.06763075013887,67.0,78.24734152509721,99.7552,80.34840491505832,0.0002,0.0%,LOW,124,2480,temperature,-3.7299,Cooling system,Inspect coolant level and radiator,temperature signal is elevated (SHAP=-3.730),31,Low,2026-06-28 20:56:39
Vehicle_1077,80.0,71.83452838572549,77.55035851571765,17.09106,74.89712078657568,0.0002,0.0%,LOW,124,2480,temperature,-3.799,Cooling system,Inspect coolant level and radiator,temperature signal is elevated (SHAP=-3.799),31,Low,2026-06-28 20:56:39
Vehicle_1078,23.832181355640216,60.780997773541216,34.916826281010515,2.060163,41.10629532331456,0.0208,2.1%,LOW,122,2440,fault_count,-7.2617,ECU fault logs,Review and clear fault codes,fault_count signal is elevated (SHAP=-7.262),30,Low,2026-06-28 20:56:39
Vehicle_1079,74.78864496757592,98.45351253257934,81.88810523707694,16.54427,76.82356564876204,0.0003,0.0%,LOW,124,2480,temperature,-3.8285,Cooling system,Inspect coolant level and radiator,temperature signal is elevated (SHAP=-3.829),31,Low,2026-06-28 20:56:39
Vehicle_1080,58.218058201346125,67.0,60.85264074094228,1.5285432,53.91158444456536,0.9995,100.0%,CRITICAL,5,100,temperature,4.7913,Cooling system,Inspect coolant level and radiator,temperature signal is rapidly deteriorating (SHAP=4.791),1,Immediate,2026-06-28 20:56:39
Vehicle_1081,80.0,70.47971298254387,77.14391389476316,12.287563,62.38229093336667,0.0004,0.0%,LOW,124,2480,temperature,-6.0633,Cooling system,Inspect coolant level and radiator,temperature signal is elevated (SHAP=-6.063),31,Low,2026-06-28 20:56:39
Vehicle_1082,88.38872860148706,69.19630329571925,82.63100100975672,17.715132,75.41786126499788,0.0002,0.0%,LOW,124,2480,temperature,-3.7912,Cooling system,Inspect coolant level and radiator,temperature signal is elevated (SHAP=-3.791),31,Low,2026-06-28 20:56:39
Vehicle_1083,97.02216644821544,87.38942794679642,94.13234489778972,17.961098,89.95729252803312,0.0002,0.0%,LOW,124,2480,temperature,-3.8213,Cooling system,Inspect coolant level and radiator,temperature signal is elevated (SHAP=-3.821),31,Low,2026-06-28 20:56:39
Vehicle_1084,80.0,100.0,86.0,99.74526,91.6,0.0002,0.0%,LOW,124,2480,temperature,-3.7527,Cooling system,Inspect coolant level and radiator,temperature signal is elevated (SHAP=-3.753),31,Low,2026-06-28 20:56:39
Vehicle_1085,80.0,73.17649704103991,77.95294911231197,16.257309,65.40706887559517,0.0004,0.0%,LOW,124,2480,temperature,-6.0599,Cooling system,Inspect coolant level and radiator,temperature signal is elevated (SHAP=-6.060),31,Low,2026-06-28 20:56:39
Vehicle_1086,80.0,90.55401621877974,83.16620486563392,23.994816,82.01052616313629,0.0002,0.0%,LOW,124,2480,temperature,-3.7457,Cooling system,Inspect coolant level and radiator,temperature signal is elevated (SHAP=-3.746),31,Low,2026-06-28 20:56:39
Vehicle_1087,72.11839938557569,100.0,80.48287956990298,19.783419,72.28972774194179,0.0006,0.1%,LOW,124,2480,temperature,-5.9049,Cooling system,Inspect coolant level and radiator,temperature signal is elevated (SHAP=-5.905),31,Low,2026-06-28 20:56:39
Vehicle_1088,98.27123489563604,99.30536535338052,98.58147403295936,19.783419,93.00995749045173,0.0003,0.0%,LOW,124,2480,temperature,-3.8097,Cooling system,Inspect coolant level and radiator,temperature signal is elevated (SHAP=-3.810),31,Low,2026-06-28 20:56:39
Vehicle_1089,70.40265350156318,79.20848437902276,73.04440276480105,14.057339,65.66833853468518,0.0003,0.0%,LOW,124,2480,temperature,-5.9676,Cooling system,Inspect coolant level and radiator,temperature signal is elevated (SHAP=-5.968),31,Low,2026-06-28 20:56:39
Vehicle_1090,82.51403214785434,94.37210221628946,86.07145316838486,19.392086,78.5172923442888,0.0002,0.0%,LOW,124,2480,temperature,-3.8255,Cooling system,Inspect coolant level and radiator,temperature signal is elevated (SHAP=-3.825),31,Low,2026-06-28 20:56:39
Vehicle_1091,60.0,78.0954413118622,65.42863239355866,3.3848882,60.87626769850764,0.0005,0.1%,LOW,124,2480,temperature,-6.0313,Cooling system,Inspect coolant level and radiator,temperature signal is elevated (SHAP=-6.031),31,Low,2026-06-28 20:56:39
Vehicle_1092,85.0,77.37672320492808,82.71301696147842,13.344121,73.10315481787266,0.0002,0.0%,LOW,124,2480,temperature,-3.8009,Cooling system,Inspect coolant level and radiator,temperature signal is elevated (SHAP=-3.801),31,Low,2026-06-28 20:56:39
Vehicle_1093,72.75726422128363,100.0,80.93008495489855,16.62497,82.55805097293913,0.0002,0.0%,LOW,124,2480,temperature,-3.7631,Cooling system,Inspect coolant level and radiator,temperature signal is elevated (SHAP=-3.763),31,Low,2026-06-28 20:56:39
Vehicle_1094,100.0,69.19186494177556,90.75755948253268,19.994253,86.29290867787472,0.0002,0.0%,LOW,124,2480,temperature,-3.7962,Cooling system,Inspect coolant level and radiator,temperature signal is elevated (SHAP=-3.796),31,Low,2026-06-28 20:56:39
Vehicle_1095,91.13547105671576,94.63996538686531,92.18681935576063,99.73955,94.24008469082943,0.0002,0.0%,LOW,124,2480,temperature,-3.7625,Cooling system,Inspect coolant level and radiator,temperature signal is elevated (SHAP=-3.763),31,Low,2026-06-28 20:56:39
Vehicle_1096,67.78949538992651,89.81004124306733,74.39565914586875,16.85328,74.59940373613472,0.0002,0.0%,LOW,124,2480,temperature,-3.7575,Cooling system,Inspect coolant level and radiator,temperature signal is elevated (SHAP=-3.757),31,Low,2026-06-28 20:56:39
Vehicle_1097,60.0,100.0,72.0,2.8351605,67.19999999999999,0.9994,99.9%,CRITICAL,5,100,temperature,4.7705,Cooling system,Inspect coolant level and radiator,temperature signal is rapidly deteriorating (SHAP=4.771),1,Immediate,2026-06-28 20:56:39
Vehicle_1098,73.17400233002914,100.0,81.2218016310204,16.85328,76.73308097861224,0.0003,0.0%,LOW,124,2480,temperature,-3.805,Cooling system,Inspect coolant level and radiator,temperature signal is elevated (SHAP=-3.805),31,Low,2026-06-28 20:56:39
Vehicle_1099,65.7900946596773,86.11563329452868,71.88775625013271,14.500374,68.35578040898537,0.0002,0.0%,LOW,124,2480,temperature,-3.9388,Cooling system,Inspect coolant level and radiator,temperature signal is elevated (SHAP=-3.939),31,Low,2026-06-28 20:56:39
Vehicle_1100,73.05508954903533,86.74730966923411,77.16275558509496,24.714924,79.64711528490379,0.0002,0.0%,LOW,124,2480,temperature,-3.7277,Cooling system,Inspect coolant level and radiator,temperature signal is elevated (SHAP=-3.728),31,Low,2026-06-28 20:56:39
Vehicle_1101,70.61560329420267,100.0,79.43092230594186,17.470497,79.6585533835651,0.0003,0.0%,LOW,124,2480,temperature,-3.804,Cooling system,Inspect coolant level and radiator,temperature signal is elevated (SHAP=-3.804),31,Low,2026-06-28 20:56:40
Vehicle_1102,66.57702468662129,67.39530223934312,66.82250795243783,13.81309,65.57256521933132,0.0002,0.0%,LOW,124,2480,temperature,-3.8532,Cooling system,Inspect coolant level and radiator,temperature signal is elevated (SHAP=-3.853),31,Low,2026-06-28 20:56:40
Vehicle_1103,92.0495885877535,69.31405004987367,85.22892702638956,17.09106,83.00016622580847,0.0002,0.0%,LOW,124,2480,temperature,-3.8213,Cooling system,Inspect coolant level and radiator,temperature signal is elevated (SHAP=-3.821),31,Low,2026-06-28 20:56:40
Vehicle_1104,79.41018279960491,67.0,75.68712795972343,16.598415,66.81227677583405,0.0002,0.0%,LOW,124,2480,temperature,-4.0037,Cooling system,Inspect coolant level and radiator,temperature signal is elevated (SHAP=-4.004),31,Low,2026-06-28 20:56:40
Vehicle_1105,100.0,90.59267429633697,97.17780228890108,19.783419,90.42521623260804,0.0002,0.0%,LOW,124,2480,temperature,-3.8302,Cooling system,Inspect coolant level and radiator,temperature signal is elevated (SHAP=-3.830),31,Low,2026-06-28 20:56:40
Vehicle_1106,83.97830529421242,78.1944837483583,82.24315883045617,19.30874,76.98479204794535,0.0002,0.0%,LOW,124,2480,temperature,-3.8218,Cooling system,Inspect coolant level and radiator,temperature signal is elevated (SHAP=-3.822),31,Low,2026-06-28 20:56:40
Vehicle_1107,87.77748687867273,98.31294885524332,90.9381254716439,23.331678,84.225465054035,0.0002,0.0%,LOW,124,2480,temperature,-3.7718,Cooling system,Inspect coolant level and radiator,temperature signal is elevated (SHAP=-3.772),31,Low,2026-06-28 20:56:40
Vehicle_1108,100.0,67.0,90.1,99.68493,87.46,0.0002,0.0%,LOW,124,2480,temperature,-3.8213,Cooling system,Inspect coolant level and radiator,temperature signal is elevated (SHAP=-3.821),31,Low,2026-06-28 20:56:40
Vehicle_1109,38.0322898748608,81.07155391015827,50.94406908545004,2.845353,48.78075223330168,0.005,0.5%,LOW,124,2480,temperature,-6.2873,Cooling system,Inspect coolant level and radiator,temperature signal is elevated (SHAP=-6.287),31,Low,2026-06-28 20:56:40
Vehicle_1110,81.51666797906326,99.50945344676406,86.91450361937349,21.381533,88.0505928609769,0.0002,0.0%,LOW,124,2480,temperature,-3.7417,Cooling system,Inspect coolant level and radiator,temperature signal is elevated (SHAP=-3.742),31,Low,2026-06-28 20:56:40
Vehicle_1111,45.0,74.7577035852418,53.92731107557253,2.295369,55.30792736239188,0.0161,1.6%,LOW,122,2440,fault_count,-7.0508,ECU fault logs,Review and clear fault codes,fault_count signal is elevated (SHAP=-7.051),30,Low,2026-06-28 20:56:40
Vehicle_1112,80.0,98.50273635211222,85.55082090563366,19.047188,77.03103981380264,0.0004,0.0%,LOW,124,2480,temperature,-5.8103,Cooling system,Inspect coolant level and radiator,temperature signal is elevated (SHAP=-5.810),31,Low,2026-06-28 20:56:40
Vehicle_1113,100.0,82.55912718137732,94.7677381544132,19.30874,91.3724683289234,0.0002,0.0%,LOW,124,2480,temperature,-3.8296,Cooling system,Inspect coolant level and radiator,temperature signal is elevated (SHAP=-3.830),31,Low,2026-06-28 20:56:40
Vehicle_1114,100.0,91.20866288863004,97.362598866589,19.047188,92.6592918976794,0.0002,0.0%,LOW,124,2480,temperature,-3.8296,Cooling system,Inspect coolant level and radiator,temperature signal is elevated (SHAP=-3.830),31,Low,2026-06-28 20:56:40
Vehicle_1115,95.0,100.0,96.5,20.621056,89.9,0.0002,0.0%,LOW,124,2480,temperature,-3.8235,Cooling system,Inspect coolant level and radiator,temperature signal is elevated (SHAP=-3.824),31,Low,2026-06-28 20:56:40
Vehicle_1116,80.0,100.0,86.0,17.713797,75.6,0.0005,0.1%,LOW,124,2480,temperature,-5.9391,Cooling system,Inspect coolant level and radiator,temperature signal is elevated (SHAP=-5.939),31,Low,2026-06-28 20:56:40
Vehicle_1117,65.0,93.27612478679002,73.482837436037,16.85328,70.74492741898021,0.0003,0.0%,LOW,124,2480,temperature,-3.7995,Cooling system,Inspect coolant level and radiator,temperature signal is elevated (SHAP=-3.800),31,Low,2026-06-28 20:56:40
Vehicle_1118,93.269935132104,78.31883013450073,88.78460363282302,19.290989,80.93452820659395,0.0002,0.0%,LOW,124,2480,temperature,-3.8258,Cooling system,Inspect coolant level and radiator,temperature signal is elevated (SHAP=-3.826),31,Low,2026-06-28 20:56:40
Vehicle_1119,79.43896584591226,84.19235877073578,80.86498372335932,17.09106,69.35746198816275,0.0004,0.0%,LOW,124,2480,temperature,-5.8922,Cooling system,Inspect coolant level and radiator,temperature signal is elevated (SHAP=-5.892),31,Low,2026-06-28 20:56:40
Vehicle_1120,85.03017734301493,100.0,89.52112414011044,20.079834,85.71267448406627,0.0002,0.0%,LOW,124,2480,temperature,-3.8054,Cooling system,Inspect coolant level and radiator,temperature signal is elevated (SHAP=-3.805),31,Low,2026-06-28 20:56:40
Vehicle_1121,76.49048165868561,71.67243147665268,75.04506660407573,12.287563,63.36152625777597,0.0004,0.0%,LOW,124,2480,temperature,-6.1023,Cooling system,Inspect coolant level and radiator,temperature signal is elevated (SHAP=-6.102),31,Low,2026-06-28 20:56:40
Vehicle_1122,80.0,83.36878706673822,81.01063612002147,19.657219,71.28013908536053,0.0003,0.0%,LOW,124,2480,temperature,-5.7896,Cooling system,Inspect coolant level and radiator,temperature signal is elevated (SHAP=-5.790),31,Low,2026-06-28 20:56:40
Vehicle_1123,100.0,85.38291237703567,95.6148737131107,20.411087,92.44550670327357,0.0002,0.0%,LOW,124,2480,temperature,-3.8302,Cooling system,Inspect coolant level and radiator,temperature signal is elevated (SHAP=-3.830),31,Low,2026-06-28 20:56:40
Vehicle_1124,100.0,90.0445305752371,97.01335917257111,17.233616,90.21692161859008,0.0002,0.0%,LOW,124,2480,temperature,-3.8296,Cooling system,Inspect coolant level and radiator,temperature signal is elevated (SHAP=-3.830),31,Low,2026-06-28 20:56:40
Vehicle_1125,100.0,54.23078797642962,86.26923639292889,99.69827,82.60769943104326,0.0002,0.0%,LOW,124,2480,temperature,-3.8072,Cooling system,Inspect coolant level and radiator,temperature signal is elevated (SHAP=-3.807),31,Low,2026-06-28 20:56:40
Vehicle_1126,97.4429954469309,67.0,88.31009681285161,22.126616,82.38605808771096,0.0002,0.0%,LOW,124,2480,temperature,-3.7556,Cooling system,Inspect coolant level and radiator,temperature signal is elevated (SHAP=-3.756),31,Low,2026-06-28 20:56:40
Vehicle_1127,70.0,100.0,79.0,99.68686,87.4,0.0025,0.2%,LOW,124,2480,fault_count,-6.1577,ECU fault logs,Review and clear fault codes,fault_count signal is elevated (SHAP=-6.158),31,Low,2026-06-28 20:56:40
Vehicle_1128,98.71802383095654,73.11293298722448,91.03649657783691,18.875605,87.24448454414704,0.0002,0.0%,LOW,124,2480,temperature,-3.8355,Cooling system,Inspect coolant level and radiator,temperature signal is elevated (SHAP=-3.836),31,Low,2026-06-28 20:56:40
Vehicle_1129,96.7486484354516,67.0,87.82405390481613,99.7552,86.09443234288968,0.0002,0.0%,LOW,124,2480,temperature,-3.7297,Cooling system,Inspect coolant level and radiator,temperature signal is elevated (SHAP=-3.730),31,Low,2026-06-28 20:56:40
Vehicle_1130,85.0,91.3768079445771,86.91304238337312,20.138336,78.42318701893929,0.0002,0.0%,LOW,124,2480,temperature,-3.8231,Cooling system,Inspect coolant level and radiator,temperature signal is elevated (SHAP=-3.823),31,Low,2026-06-28 20:56:40
Vehicle_1131,75.0,100.0,82.5,24.863546,81.5,0.0002,0.0%,LOW,124,2480,temperature,-3.7737,Cooling system,Inspect coolant level and radiator,temperature signal is elevated (SHAP=-3.774),31,Low,2026-06-28 20:56:40
Vehicle_1132,87.76976120788352,97.37678404530354,90.65186805910952,21.010471,85.86647764452641,0.0002,0.0%,LOW,124,2480,temperature,-3.7417,Cooling system,Inspect coolant level and radiator,temperature signal is elevated (SHAP=-3.742),31,Low,2026-06-28 20:56:40
Vehicle_1133,60.0,84.87494205184488,67.46248261555347,8.519429,63.45247797970106,0.0004,0.0%,LOW,124,2480,temperature,-5.8739,Cooling system,Inspect coolant level and radiator,temperature signal is elevated (SHAP=-5.874),31,Low,2026-06-28 20:56:40
Vehicle_1134,60.0,42.182309899112525,54.65469296973376,1.0204494,45.22927776166276,0.9991,99.9%,CRITICAL,5,100,temperature,4.4603,Cooling system,Inspect coolant level and radiator,temperature signal is rapidly deteriorating (SHAP=4.460),1,Immediate,2026-06-28 20:56:40
Vehicle_1135,90.0,93.08613830927489,90.92584149278244,16.165585,83.17273255752445,0.0002,0.0%,LOW,124,2480,temperature,-3.8049,Cooling system,Inspect coolant level and radiator,temperature signal is elevated (SHAP=-3.805),31,Low,2026-06-28 20:56:40
Vehicle_1136,68.00169547754828,71.34127617438274,69.00356968659861,14.227122,67.67039704683572,0.0002,0.0%,LOW,124,2480,temperature,-3.8782,Cooling system,Inspect coolant level and radiator,temperature signal is elevated (SHAP=-3.878),31,Low,2026-06-28 20:56:40
Vehicle_1137,76.61791861440581,93.33082393407236,81.63179021030577,23.994816,75.64523891299793,0.0002,0.0%,LOW,124,2480,temperature,-3.7621,Cooling system,Inspect coolant level and radiator,temperature signal is elevated (SHAP=-3.762),31,Low,2026-06-28 20:56:40
Vehicle_1138,75.0,69.03239050316967,73.2097171509509,16.860182,69.73230839120447,0.0002,0.0%,LOW,124,2480,temperature,-3.743,Cooling system,Inspect coolant level and radiator,temperature signal is elevated (SHAP=-3.743),31,Low,2026-06-28 20:56:40
Vehicle_1139,95.0,73.88624655197448,88.66587396559234,15.465832,79.9767736897503,0.0002,0.0%,LOW,124,2480,temperature,-3.8296,Cooling system,Inspect coolant level and radiator,temperature signal is elevated (SHAP=-3.830),31,Low,2026-06-28 20:56:40
Vehicle_1140,100.0,98.72435680659608,99.61730704197882,17.392307,95.5152555865065,0.0002,0.0%,LOW,124,2480,temperature,-3.831,Cooling system,Inspect coolant level and radiator,temperature signal is elevated (SHAP=-3.831),31,Low,2026-06-28 20:56:40
Vehicle_1141,70.0,99.51909915782312,78.85572974734694,17.152506,85.21725767997279,0.0023,0.2%,LOW,124,2480,fault_count,-6.161,ECU fault logs,Review and clear fault codes,fault_count signal is elevated (SHAP=-6.161),31,Low,2026-06-28 20:56:40
Vehicle_1142,100.0,95.06356507011762,98.51906952103528,20.788681,96.12415472664468,0.0002,0.0%,LOW,124,2480,temperature,-3.8108,Cooling system,Inspect coolant level and radiator,temperature signal is elevated (SHAP=-3.811),31,Low,2026-06-28 20:56:40
Vehicle_1143,85.0,90.1554927993077,86.5466478397923,19.392086,77.95908726373692,0.0002,0.0%,LOW,124,2480,temperature,-3.8172,Cooling system,Inspect coolant level and radiator,temperature signal is elevated (SHAP=-3.817),31,Low,2026-06-28 20:56:40
Vehicle_1144,80.0,100.0,86.0,19.392086,75.6,0.0006,0.1%,LOW,124,2480,temperature,-5.9584,Cooling system,Inspect coolant level and radiator,temperature signal is elevated (SHAP=-5.958),31,Low,2026-06-28 20:56:40
Vehicle_1145,95.0,57.97806510408361,83.89341953122508,17.961098,73.93166473955176,0.0002,0.0%,LOW,124,2480,temperature,-3.772,Cooling system,Inspect coolant level and radiator,temperature signal is elevated (SHAP=-3.772),31,Low,2026-06-28 20:56:40
Vehicle_1146,69.29686725707964,91.5547884160656,75.97424360477542,99.74547,83.89550384607837,0.0002,0.0%,LOW,124,2480,temperature,-3.7739,Cooling system,Inspect coolant level and radiator,temperature signal is elevated (SHAP=-3.774),31,Low,2026-06-28 20:56:40
Vehicle_1147,80.80738405917575,79.63859625783967,80.45674771877492,19.30874,72.20176788283288,0.0002,0.0%,LOW,124,2480,temperature,-3.8255,Cooling system,Inspect coolant level and radiator,temperature signal is elevated (SHAP=-3.825),31,Low,2026-06-28 20:56:40
Vehicle_1148,80.0,67.0,76.1,8.456427,61.06,0.0005,0.1%,LOW,124,2480,temperature,-6.1268,Cooling system,Inspect coolant level and radiator,temperature signal is elevated (SHAP=-6.127),31,Low,2026-06-28 20:56:40
Vehicle_1149,70.0,100.0,79.0,16.54427,77.4,0.0003,0.0%,LOW,124,2480,temperature,-3.8586,Cooling system,Inspect coolant level and radiator,temperature signal is elevated (SHAP=-3.859),31,Low,2026-06-28 20:56:40
Vehicle_1150,80.0,86.91465514386893,82.07439654316067,99.698524,86.6275689546702,0.0002,0.0%,LOW,124,2480,temperature,-3.8104,Cooling system,Inspect coolant level and radiator,temperature signal is elevated (SHAP=-3.810),31,Low,2026-06-28 20:56:40
Vehicle_1151,100.0,100.0,100.0,99.671844,100.0,0.0003,0.0%,LOW,124,2480,temperature,-3.8545,Cooling system,Inspect coolant level and radiator,temperature signal is elevated (SHAP=-3.854),31,Low,2026-06-28 20:56:40
Vehicle_1152,69.30432815706553,99.48909213131051,78.35975734933902,17.233616,76.91367283586553,0.0002,0.0%,LOW,124,2480,temperature,-3.8097,Cooling system,Inspect coolant level and radiator,temperature signal is elevated (SHAP=-3.810),31,Low,2026-06-28 20:56:40
Vehicle_1153,80.0,77.27500472118065,79.1825014163542,14.800512,66.96450179404866,0.0004,0.0%,LOW,124,2480,temperature,-6.1023,Cooling system,Inspect coolant level and radiator,temperature signal is elevated (SHAP=-6.102),31,Low,2026-06-28 20:56:40
Vehicle_1154,80.0,85.57641619257805,81.67292485777341,99.7439,86.11903815317966,0.0002,0.0%,LOW,124,2480,temperature,-3.7449,Cooling system,Inspect coolant level and radiator,temperature signal is elevated (SHAP=-3.745),31,Low,2026-06-28 20:56:40
Vehicle_1155,69.06549482999986,100.0,78.3458463809999,16.54427,73.00750782859994,0.0004,0.0%,LOW,124,2480,temperature,-5.8132,Cooling system,Inspect coolant level and radiator,temperature signal is elevated (SHAP=-5.813),31,Low,2026-06-28 20:56:40
Vehicle_1156,80.0,80.52697770699588,80.15809331209877,16.77857,70.20025152865844,0.0004,0.0%,LOW,124,2480,temperature,-5.7832,Cooling system,Inspect coolant level and radiator,temperature signal is elevated (SHAP=-5.783),31,Low,2026-06-28 20:56:40
Vehicle_1157,100.0,73.95384444548544,92.18615333364563,99.685196,90.10246088928449,0.0002,0.0%,LOW,124,2480,temperature,-3.8183,Cooling system,Inspect coolant level and radiator,temperature signal is elevated (SHAP=-3.818),31,Low,2026-06-28 20:56:41
Vehicle_1158,80.0,89.45225434885681,82.83567630465704,16.54427,83.59185665256558,0.0027,0.3%,LOW,124,2480,fault_count,-6.1323,ECU fault logs,Review and clear fault codes,fault_count signal is elevated (SHAP=-6.132),31,Low,2026-06-28 20:56:41
Vehicle_1159,85.03234990124957,95.1081292158125,88.05508369561845,99.67958,91.85467606053356,0.0002,0.0%,LOW,124,2480,temperature,-3.7917,Cooling system,Inspect coolant level and radiator,temperature signal is elevated (SHAP=-3.792),31,Low,2026-06-28 20:56:41
Vehicle_1160,90.0,83.37452428025249,88.01235728407573,21.125496,79.48231922649593,0.0002,0.0%,LOW,124,2480,temperature,-3.7812,Cooling system,Inspect coolant level and radiator,temperature signal is elevated (SHAP=-3.781),31,Low,2026-06-28 20:56:41
Vehicle_1161,100.0,66.89042480046604,90.06712744013981,17.715132,85.41836142417709,0.0002,0.0%,LOW,124,2480,temperature,-3.842,Cooling system,Inspect coolant level and radiator,temperature signal is elevated (SHAP=-3.842),31,Low,2026-06-28 20:56:41
Vehicle_1162,80.0,95.6054517661879,84.68163552985636,20.138336,71.9300716711514,0.0004,0.0%,LOW,124,2480,temperature,-5.9267,Cooling system,Inspect coolant level and radiator,temperature signal is elevated (SHAP=-5.927),31,Low,2026-06-28 20:56:41
Vehicle_1163,100.0,90.73009885009972,97.21902965502991,99.67958,96.4774375630379,0.0002,0.0%,LOW,124,2480,temperature,-3.8255,Cooling system,Inspect coolant level and radiator,temperature signal is elevated (SHAP=-3.825),31,Low,2026-06-28 20:56:41
Vehicle_1164,85.0,100.0,89.5,20.138336,81.69999999999999,0.0003,0.0%,LOW,124,2480,temperature,-3.8503,Cooling system,Inspect coolant level and radiator,temperature signal is elevated (SHAP=-3.850),31,Low,2026-06-28 20:56:41
Vehicle_1165,60.0,85.72397667515924,67.71719300254777,6.7485037,63.77511113656051,0.0003,0.0%,LOW,124,2480,temperature,-5.8123,Cooling system,Inspect coolant level and radiator,temperature signal is elevated (SHAP=-5.812),31,Low,2026-06-28 20:56:41
Vehicle_1166,87.19484461468674,100.0,91.03639123028071,19.876152,92.62183473816842,0.0002,0.0%,LOW,124,2480,temperature,-3.7745,Cooling system,Inspect coolant level and radiator,temperature signal is elevated (SHAP=-3.775),31,Low,2026-06-28 20:56:41
Vehicle_1167,66.88469011103744,67.0,66.9192830777262,12.2513,69.55156984663572,0.0017,0.2%,LOW,124,2480,fault_count,-6.1179,ECU fault logs,Review and clear fault codes,fault_count signal is elevated (SHAP=-6.118),31,Low,2026-06-28 20:56:41
Vehicle_1168,42.23616605876834,84.2647082369482,54.84472871222229,1.7723024,55.75977887472301,0.998,99.8%,CRITICAL,5,100,temperature,4.5316,Cooling system,Inspect coolant level and radiator,temperature signal is rapidly deteriorating (SHAP=4.532),1,Immediate,2026-06-28 20:56:41
Vehicle_1169,84.91013111880414,100.0,89.4370917831629,99.74526,93.66225506989774,0.0002,0.0%,LOW,124,2480,temperature,-3.7394,Cooling system,Inspect coolant level and radiator,temperature signal is elevated (SHAP=-3.739),31,Low,2026-06-28 20:56:41
Vehicle_1170,80.77008916176328,88.85750663184837,83.1963144027888,16.85328,79.68928996804294,0.0003,0.0%,LOW,124,2480,temperature,-3.8243,Cooling system,Inspect coolant level and radiator,temperature signal is elevated (SHAP=-3.824),31,Low,2026-06-28 20:56:41
Vehicle_1171,100.0,78.99062073540108,93.69718622062032,19.657219,88.01643587945242,0.0002,0.0%,LOW,124,2480,temperature,-3.8296,Cooling system,Inspect coolant level and radiator,temperature signal is elevated (SHAP=-3.830),31,Low,2026-06-28 20:56:41
Vehicle_1172,100.0,77.06794300239233,93.1203829007177,99.71455,91.28581834090907,0.0002,0.0%,LOW,124,2480,temperature,-3.8258,Cooling system,Inspect coolant level and radiator,temperature signal is elevated (SHAP=-3.826),31,Low,2026-06-28 20:56:41
Vehicle_1173,95.0,100.0,96.5,19.392086,89.9,0.0003,0.0%,LOW,124,2480,temperature,-3.831,Cooling system,Inspect coolant level and radiator,temperature signal is elevated (SHAP=-3.831),31,Low,2026-06-28 20:56:41
Vehicle_1174,75.48937273589252,81.46994073385774,77.28354313528207,24.714924,74.6641140279408,0.0002,0.0%,LOW,124,2480,temperature,-3.7448,Cooling system,Inspect coolant level and radiator,temperature signal is elevated (SHAP=-3.745),31,Low,2026-06-28 20:56:41
Vehicle_1175,97.04374561056414,87.31846435703599,94.12616123450567,20.351988,87.93938961211062,0.0002,0.0%,LOW,124,2480,temperature,-3.8255,Cooling system,Inspect coolant level and radiator,temperature signal is elevated (SHAP=-3.825),31,Low,2026-06-28 20:56:41
Vehicle_1176,60.0,100.0,72.0,3.925395,67.19999999999999,0.0018,0.2%,LOW,124,2480,temperature,-6.2425,Cooling system,Inspect coolant level and radiator,temperature signal is elevated (SHAP=-6.242),31,Low,2026-06-28 20:56:41
Vehicle_1177,96.14992271899992,82.7723140033688,92.1366401043106,99.676254,91.83644686326012,0.0002,0.0%,LOW,124,2480,temperature,-3.826,Cooling system,Inspect coolant level and radiator,temperature signal is elevated (SHAP=-3.826),31,Low,2026-06-28 20:56:41
Vehicle_1178,95.0,61.17567650804192,84.85270295241259,17.09106,75.14675707305594,0.0002,0.0%,LOW,124,2480,temperature,-3.8185,Cooling system,Inspect coolant level and radiator,temperature signal is elevated (SHAP=-3.818),31,Low,2026-06-28 20:56:41
Vehicle_1179,99.01371206648189,70.28210681250295,90.3942304902882,17.715132,86.2929596566735,0.0002,0.0%,LOW,124,2480,temperature,-3.8153,Cooling system,Inspect coolant level and radiator,temperature signal is elevated (SHAP=-3.815),31,Low,2026-06-28 20:56:41
Vehicle_1180,76.78813631528587,91.91426716438468,81.3259755700155,18.618567,73.17843877488623,0.0003,0.0%,LOW,124,2480,temperature,-5.7937,Cooling system,Inspect coolant level and radiator,temperature signal is elevated (SHAP=-5.794),31,Low,2026-06-28 20:56:41
Vehicle_1181,69.28988109781261,67.0,68.60291676846882,18.203396,64.56175006108128,0.0002,0.0%,LOW,124,2480,temperature,-3.8816,Cooling system,Inspect coolant level and radiator,temperature signal is elevated (SHAP=-3.882),31,Low,2026-06-28 20:56:41
Vehicle_1182,48.40647348654802,86.8468531145942,59.93858737496187,1.7736733,59.33252304789596,0.0091,0.9%,LOW,123,2460,temperature,-6.4174,Cooling system,Inspect coolant level and radiator,temperature signal is elevated (SHAP=-6.417),30,Low,2026-06-28 20:56:41
Vehicle_1183,100.0,68.78040748197415,90.63412224459223,21.125496,86.13655484315018,0.0002,0.0%,LOW,124,2480,temperature,-3.7962,Cooling system,Inspect coolant level and radiator,temperature signal is elevated (SHAP=-3.796),31,Low,2026-06-28 20:56:41
Vehicle_1184,73.72609173377931,100.0,81.60826421364553,20.987064,80.96495852818731,0.0002,0.0%,LOW,124,2480,temperature,-3.8506,Cooling system,Inspect coolant level and radiator,temperature signal is elevated (SHAP=-3.851),31,Low,2026-06-28 20:56:41
Vehicle_1185,100.0,100.0,100.0,99.692955,100.0,0.0003,0.0%,LOW,124,2480,temperature,-3.8507,Cooling system,Inspect coolant level and radiator,temperature signal is elevated (SHAP=-3.851),31,Low,2026-06-28 20:56:41
Vehicle_1186,87.16938534283528,74.28974781135585,83.30549408339145,20.411087,78.84124601230604,0.0002,0.0%,LOW,124,2480,temperature,-3.8,Cooling system,Inspect coolant level and radiator,temperature signal is elevated (SHAP=-3.800),31,Low,2026-06-28 20:56:41
Vehicle_1187,76.45361518076285,95.98651822062564,82.31348609272169,20.138336,70.58539529975815,0.0005,0.1%,LOW,124,2480,temperature,-5.8975,Cooling system,Inspect coolant level and radiator,temperature signal is elevated (SHAP=-5.897),31,Low,2026-06-28 20:56:41
Vehicle_1188,79.03908773808698,75.90333842205192,78.09836294327646,19.657219,68.03968545037625,0.0003,0.0%,LOW,124,2480,temperature,-5.8839,Cooling system,Inspect coolant level and radiator,temperature signal is elevated (SHAP=-5.884),31,Low,2026-06-28 20:56:41
Vehicle_1189,91.61103858576205,86.64629256610057,90.1216147798636,99.677315,91.40222738113827,0.0002,0.0%,LOW,124,2480,temperature,-3.8049,Cooling system,Inspect coolant level and radiator,temperature signal is elevated (SHAP=-3.805),31,Low,2026-06-28 20:56:41
Vehicle_1190,67.31078005953634,100.0,77.11754604167544,23.994816,80.27052762500526,0.0002,0.0%,LOW,124,2480,temperature,-3.7397,Cooling system,Inspect coolant level and radiator,temperature signal is elevated (SHAP=-3.740),31,Low,2026-06-28 20:56:41
Vehicle_1191,45.87075761263682,84.04963896251299,57.32442201759967,1.2455165,55.2045810030624,0.9996,100.0%,CRITICAL,5,100,temperature,4.8159,Cooling system,Inspect coolant level and radiator,temperature signal is rapidly deteriorating (SHAP=4.816),1,Immediate,2026-06-28 20:56:41
Vehicle_1192,80.0,85.9217661073238,81.77652983219714,16.77857,84.25027112078305,0.0002,0.0%,LOW,124,2480,temperature,-3.7912,Cooling system,Inspect coolant level and radiator,temperature signal is elevated (SHAP=-3.791),31,Low,2026-06-28 20:56:41
Vehicle_1193,80.0,67.72361619563236,76.31708485868971,13.79109,65.3349741543403,0.0004,0.0%,LOW,124,2480,temperature,-5.9818,Cooling system,Inspect coolant level and radiator,temperature signal is elevated (SHAP=-5.982),31,Low,2026-06-28 20:56:41
Vehicle_1194,79.16208148180789,66.0,75.21345703726551,16.77857,72.3280742223593,0.0003,0.0%,LOW,124,2480,temperature,-3.8073,Cooling system,Inspect coolant level and radiator,temperature signal is elevated (SHAP=-3.807),31,Low,2026-06-28 20:56:41
Vehicle_1195,45.0,67.0,51.6,2.3263693,56.35999999999999,0.0143,1.4%,LOW,123,2460,fault_count,-6.8122,ECU fault logs,Review and clear fault codes,fault_count signal is elevated (SHAP=-6.812),30,Low,2026-06-28 20:56:41
Vehicle_1196,50.0,84.44384419472827,60.33315325841848,1.2455165,57.08866079399674,0.9996,100.0%,CRITICAL,5,100,temperature,4.6821,Cooling system,Inspect coolant level and radiator,temperature signal is rapidly deteriorating (SHAP=4.682),1,Immediate,2026-06-28 20:56:41
Vehicle_1197,73.75728630207576,90.99287944676496,78.92796424548251,14.993679,73.5553544366425,0.0002,0.0%,LOW,124,2480,temperature,-3.7912,Cooling system,Inspect coolant level and radiator,temperature signal is elevated (SHAP=-3.791),31,Low,2026-06-28 20:56:41
Vehicle_1198,100.0,80.84222405745992,94.25266721723796,15.826941,88.72004514183476,0.0002,0.0%,LOW,124,2480,temperature,-3.8009,Cooling system,Inspect coolant level and radiator,temperature signal is elevated (SHAP=-3.801),31,Low,2026-06-28 20:56:41
Vehicle_1199,80.0,77.39414712891538,79.2182441386746,99.580505,83.00977590898785,0.0031,0.3%,LOW,124,2480,fault_count,-6.1384,ECU fault logs,Review and clear fault codes,fault_count signal is elevated (SHAP=-6.138),31,Low,2026-06-28 20:56:41
Vehicle_1200,100.0,100.0,100.0,19.392086,96.0,0.0003,0.0%,LOW,124,2480,temperature,-3.8339,Cooling system,Inspect coolant level and radiator,temperature signal is elevated (SHAP=-3.834),31,Low,2026-06-28 20:56:41
Vehicle_1201,95.0,48.75840489623681,81.12752146887104,17.961098,70.42819386056999,0.0002,0.0%,LOW,124,2480,temperature,-3.7938,Cooling system,Inspect coolant level and radiator,temperature signal is elevated (SHAP=-3.794),31,Low,2026-06-28 20:56:41
Vehicle_1202,100.0,98.54765212628868,99.5642956378866,16.85328,97.4481078079897,0.0003,0.0%,LOW,124,2480,temperature,-3.8586,Cooling system,Inspect coolant level and radiator,temperature signal is elevated (SHAP=-3.859),31,Low,2026-06-28 20:56:41
Vehicle_1203,77.39319871576242,57.75442439749518,71.50156642028224,6.943983,58.45182473166838,0.0005,0.1%,LOW,124,2480,temperature,-6.0326,Cooling system,Inspect coolant level and radiator,temperature signal is elevated (SHAP=-6.033),31,Low,2026-06-28 20:56:41
Vehicle_1204,100.0,91.13002046294432,97.33900613888328,99.67958,96.62940777591884,0.0003,0.0%,LOW,124,2480,temperature,-3.8394,Cooling system,Inspect coolant level and radiator,temperature signal is elevated (SHAP=-3.839),31,Low,2026-06-28 20:56:41
Vehicle_1205,90.0,94.222157025839,91.2666471077517,19.392086,83.60441966981881,0.0002,0.0%,LOW,124,2480,temperature,-3.8191,Cooling system,Inspect coolant level and radiator,temperature signal is elevated (SHAP=-3.819),31,Low,2026-06-28 20:56:41
Vehicle_1206,80.0,83.43893189762208,81.03167956928662,19.657219,67.30679412109639,0.0004,0.0%,LOW,124,2480,temperature,-6.0092,Cooling system,Inspect coolant level and radiator,temperature signal is elevated (SHAP=-6.009),31,Low,2026-06-28 20:56:41
Vehicle_1207,84.81452887640033,84.99544566034871,84.86880391158485,25.600946,81.92037147902064,0.0002,0.0%,LOW,124,2480,temperature,-3.7584,Cooling system,Inspect coolant level and radiator,temperature signal is elevated (SHAP=-3.758),31,Low,2026-06-28 20:56:41
Vehicle_1208,72.48442060933058,75.15688426725671,73.28615970670842,21.291887,69.00307267747638,0.0002,0.0%,LOW,124,2480,temperature,-3.8467,Cooling system,Inspect coolant level and radiator,temperature signal is elevated (SHAP=-3.847),31,Low,2026-06-28 20:56:41
Vehicle_1209,66.01248162678807,95.18889472075242,74.76540555497738,99.75105,83.89702227713691,0.0018,0.2%,LOW,124,2480,fault_count,-6.1396,ECU fault logs,Review and clear fault codes,fault_count signal is elevated (SHAP=-6.140),31,Low,2026-06-28 20:56:41
Vehicle_1210,80.0,76.56745320236985,78.97023596071095,19.657219,68.69563221690055,0.0003,0.0%,LOW,124,2480,temperature,-5.8809,Cooling system,Inspect coolant level and radiator,temperature signal is elevated (SHAP=-5.881),31,Low,2026-06-28 20:56:41
Vehicle_1211,63.39722836785785,55.50586771811621,61.02982017293535,5.9942245,49.71906564738445,0.0004,0.0%,LOW,124,2480,temperature,-6.0507,Cooling system,Inspect coolant level and radiator,temperature signal is elevated (SHAP=-6.051),31,Low,2026-06-28 20:56:42
Vehicle_1212,80.0,79.0338984216947,79.71016952650841,19.657219,69.63288140024399,0.0003,0.0%,LOW,124,2480,temperature,-5.8006,Cooling system,Inspect coolant level and radiator,temperature signal is elevated (SHAP=-5.801),31,Low,2026-06-28 20:56:42
Vehicle_1213,100.0,71.70168280328106,91.51050484098432,20.411087,87.2466394652468,0.0002,0.0%,LOW,124,2480,temperature,-3.8218,Cooling system,Inspect coolant level and radiator,temperature signal is elevated (SHAP=-3.822),31,Low,2026-06-28 20:56:42
Vehicle_1214,95.136425658541,78.01378531106178,89.99963355429722,18.95005,83.60253719479068,0.0002,0.0%,LOW,124,2480,temperature,-3.7957,Cooling system,Inspect coolant level and radiator,temperature signal is elevated (SHAP=-3.796),31,Low,2026-06-28 20:56:42
Vehicle_1215,80.0,72.77541856052525,77.83262556815757,18.444008,67.25465905299959,0.0003,0.0%,LOW,124,2480,temperature,-5.9746,Cooling system,Inspect coolant level and radiator,temperature signal is elevated (SHAP=-5.975),31,Low,2026-06-28 20:56:42
Vehicle_1216,80.0,84.81744393961645,81.44523318188493,20.411087,71.83062869705425,0.0003,0.0%,LOW,124,2480,temperature,-5.8089,Cooling system,Inspect coolant level and radiator,temperature signal is elevated (SHAP=-5.809),31,Low,2026-06-28 20:56:42
Vehicle_1217,83.39379823280929,98.88583594022886,88.04140954503515,20.138336,84.60201291506687,0.0003,0.0%,LOW,124,2480,temperature,-3.8092,Cooling system,Inspect coolant level and radiator,temperature signal is elevated (SHAP=-3.809),31,Low,2026-06-28 20:56:42
Vehicle_1218,73.35416850086516,93.74172084393643,79.47043420378654,26.473278,68.43060469105922,0.0004,0.0%,LOW,124,2480,temperature,-5.9598,Cooling system,Inspect coolant level and radiator,temperature signal is elevated (SHAP=-5.960),31,Low,2026-06-28 20:56:42
Vehicle_1219,80.0,100.0,86.0,24.7216,87.6,0.0002,0.0%,LOW,124,2480,temperature,-3.779,Cooling system,Inspect coolant level and radiator,temperature signal is elevated (SHAP=-3.779),31,Low,2026-06-28 20:56:42
Vehicle_1220,60.0,67.0,62.1,1.3566136,56.66,0.0117,1.2%,LOW,123,2460,temperature,-6.3138,Cooling system,Inspect coolant level and radiator,temperature signal is elevated (SHAP=-6.314),30,Low,2026-06-28 20:56:42
Vehicle_1221,75.0,99.49412594253413,82.34823778276024,16.62497,81.30776785816296,0.0002,0.0%,LOW,124,2480,temperature,-3.757,Cooling system,Inspect coolant level and radiator,temperature signal is elevated (SHAP=-3.757),31,Low,2026-06-28 20:56:42
Vehicle_1222,60.0,91.85593393565182,69.55678018069554,2.0945191,66.10525489554769,0.0113,1.1%,LOW,123,2460,temperature,-6.2913,Cooling system,Inspect coolant level and radiator,temperature signal is elevated (SHAP=-6.291),30,Low,2026-06-28 20:56:42
Vehicle_1223,67.7944046192495,100.0,77.45608323347466,12.938285,76.47364994008478,0.0003,0.0%,LOW,124,2480,temperature,-3.8092,Cooling system,Inspect coolant level and radiator,temperature signal is elevated (SHAP=-3.809),31,Low,2026-06-28 20:56:42
Vehicle_1224,59.960153167226366,100.0,71.97210721705845,4.0106,75.18326433023506,0.0003,0.0%,LOW,124,2480,temperature,-3.9819,Cooling system,Inspect coolant level and radiator,temperature signal is elevated (SHAP=-3.982),31,Low,2026-06-28 20:56:42
Vehicle_1225,66.8281596008107,69.91495437537341,67.7541980331795,8.760321,58.63550969498239,0.0004,0.0%,LOW,124,2480,temperature,-6.0112,Cooling system,Inspect coolant level and radiator,temperature signal is elevated (SHAP=-6.011),31,Low,2026-06-28 20:56:42
Vehicle_1226,74.28147137421988,94.59874620013647,80.37665382199486,19.392086,71.14574153322421,0.0004,0.0%,LOW,124,2480,temperature,-5.8968,Cooling system,Inspect coolant level and radiator,temperature signal is elevated (SHAP=-5.897),31,Low,2026-06-28 20:56:42
Vehicle_1227,66.1887422979132,79.47285798684503,70.17397700459274,10.334224,61.99895780012465,0.0004,0.0%,LOW,124,2480,temperature,-6.0651,Cooling system,Inspect coolant level and radiator,temperature signal is elevated (SHAP=-6.065),31,Low,2026-06-28 20:56:42
Vehicle_1228,100.0,100.0,100.0,99.67958,100.0,0.0003,0.0%,LOW,124,2480,temperature,-3.8399,Cooling system,Inspect coolant level and radiator,temperature signal is elevated (SHAP=-3.840),31,Low,2026-06-28 20:56:42
Vehicle_1229,88.213788881515,67.0,81.8496522170605,20.351988,74.5097913302363,0.0002,0.0%,LOW,124,2480,temperature,-3.8296,Cooling system,Inspect coolant level and radiator,temperature signal is elevated (SHAP=-3.830),31,Low,2026-06-28 20:56:42
Vehicle_1230,58.14818612046348,100.0,70.70373028432442,3.5469651,68.42223817059465,0.0016,0.2%,LOW,124,2480,temperature,-6.0691,Cooling system,Inspect coolant level and radiator,temperature signal is elevated (SHAP=-6.069),31,Low,2026-06-28 20:56:42
Vehicle_1231,80.0,91.3676381701042,83.41029145103126,19.392086,72.3197025046396,0.0004,0.0%,LOW,124,2480,temperature,-5.9046,Cooling system,Inspect coolant level and radiator,temperature signal is elevated (SHAP=-5.905),31,Low,2026-06-28 20:56:42
Vehicle_1232,100.0,78.80910359883595,93.6427310796508,19.657219,85.94745936755766,0.0002,0.0%,LOW,124,2480,temperature,-3.8191,Cooling system,Inspect coolant level and radiator,temperature signal is elevated (SHAP=-3.819),31,Low,2026-06-28 20:56:42
Vehicle_1233,74.19307887468702,87.91320220912905,78.30911587501963,19.392086,70.56810996683758,0.0003,0.0%,LOW,124,2480,temperature,-5.7704,Cooling system,Inspect coolant level and radiator,temperature signal is elevated (SHAP=-5.770),31,Low,2026-06-28 20:56:42
Vehicle_1234,87.28282802437367,89.12326212929173,87.83495825584909,19.701874,80.52562737936779,0.0003,0.0%,LOW,124,2480,temperature,-3.8255,Cooling system,Inspect coolant level and radiator,temperature signal is elevated (SHAP=-3.825),31,Low,2026-06-28 20:56:42
Vehicle_1235,92.0558203803876,100.0,94.4390742662713,21.837223,92.66344455976278,0.0002,0.0%,LOW,124,2480,temperature,-3.7664,Cooling system,Inspect coolant level and radiator,temperature signal is elevated (SHAP=-3.766),31,Low,2026-06-28 20:56:42
Vehicle_1236,80.0,92.53018446009818,83.75905533802946,16.85328,72.7614700948373,0.0005,0.1%,LOW,124,2480,temperature,-5.9584,Cooling system,Inspect coolant level and radiator,temperature signal is elevated (SHAP=-5.958),31,Low,2026-06-28 20:56:42
Vehicle_1237,76.55628558519687,100.0,83.58939990963782,21.381533,82.15363994578269,0.0002,0.0%,LOW,124,2480,temperature,-3.7838,Cooling system,Inspect coolant level and radiator,temperature signal is elevated (SHAP=-3.784),31,Low,2026-06-28 20:56:42
Vehicle_1238,77.88388891584543,82.42212453281903,79.2453596009375,20.351988,72.03164066712631,0.0002,0.0%,LOW,124,2480,temperature,-3.815,Cooling system,Inspect coolant level and radiator,temperature signal is elevated (SHAP=-3.815),31,Low,2026-06-28 20:56:42
Vehicle_1239,91.45427856004096,100.0,94.01799499202868,19.392086,92.4107969952172,0.0003,0.0%,LOW,124,2480,temperature,-3.831,Cooling system,Inspect coolant level and radiator,temperature signal is elevated (SHAP=-3.831),31,Low,2026-06-28 20:56:42
Vehicle_1240,72.18702257793429,100.0,80.530915804554,99.7163,88.31854948273241,0.0027,0.3%,LOW,124,2480,fault_count,-6.1256,ECU fault logs,Review and clear fault codes,fault_count signal is elevated (SHAP=-6.126),31,Low,2026-06-28 20:56:42
Vehicle_1241,66.6479471178724,76.48484807962086,69.59901740639694,18.53739,69.05638005976233,0.0002,0.0%,LOW,124,2480,temperature,-3.8338,Cooling system,Inspect coolant level and radiator,temperature signal is elevated (SHAP=-3.834),31,Low,2026-06-28 20:56:42
Vehicle_1242,79.53536524876432,70.94681159585876,76.95879915289265,17.527039,66.36464181090734,0.0003,0.0%,LOW,124,2480,temperature,-5.9406,Cooling system,Inspect coolant level and radiator,temperature signal is elevated (SHAP=-5.941),31,Low,2026-06-28 20:56:42
Vehicle_1243,70.0,90.70586467287303,76.21175940186191,16.85328,77.86822857569176,0.0026,0.3%,LOW,124,2480,fault_count,-6.1654,ECU fault logs,Review and clear fault codes,fault_count signal is elevated (SHAP=-6.165),31,Low,2026-06-28 20:56:42
Vehicle_1244,80.0,100.0,86.0,20.138336,73.6,0.0005,0.1%,LOW,124,2480,temperature,-5.9396,Cooling system,Inspect coolant level and radiator,temperature signal is elevated (SHAP=-5.940),31,Low,2026-06-28 20:56:42
Vehicle_1245,53.2911588973957,56.669889688884375,54.3047781348423,1.8517852,49.91684481868225,0.0049,0.5%,LOW,124,2480,temperature,-6.3198,Cooling system,Inspect coolant level and radiator,temperature signal is elevated (SHAP=-6.320),31,Low,2026-06-28 20:56:42
Vehicle_1246,85.0,79.85518518370233,83.4565555551107,17.09106,74.04497036980688,0.0002,0.0%,LOW,124,2480,temperature,-3.8183,Cooling system,Inspect coolant level and radiator,temperature signal is elevated (SHAP=-3.818),31,Low,2026-06-28 20:56:42
Vehicle_1247,67.50173733153042,100.0,77.25121613207129,20.138336,70.35072967924278,0.0005,0.1%,LOW,124,2480,temperature,-5.8982,Cooling system,Inspect coolant level and radiator,temperature signal is elevated (SHAP=-5.898),31,Low,2026-06-28 20:56:42
Vehicle_1248,67.60318210490281,92.4384396189646,75.05375935912134,20.138336,67.51994353926573,0.0004,0.0%,LOW,124,2480,temperature,-5.9885,Cooling system,Inspect coolant level and radiator,temperature signal is elevated (SHAP=-5.989),31,Low,2026-06-28 20:56:42
Vehicle_1249,60.0,100.0,72.0,8.253402,69.19999999999999,0.0005,0.1%,LOW,124,2480,temperature,-5.839,Cooling system,Inspect coolant level and radiator,temperature signal is elevated (SHAP=-5.839),31,Low,2026-06-28 20:56:42
Vehicle_1250,80.0,68.46243700774033,76.5387311023221,14.562929,63.61572606294133,0.0004,0.0%,LOW,124,2480,temperature,-6.0794,Cooling system,Inspect coolant level and radiator,temperature signal is elevated (SHAP=-6.079),31,Low,2026-06-28 20:56:42
Vehicle_1251,60.981022924716825,100.0,72.68671604730177,17.470497,69.61202962838107,0.0004,0.0%,LOW,124,2480,temperature,-5.8341,Cooling system,Inspect coolant level and radiator,temperature signal is elevated (SHAP=-5.834),31,Low,2026-06-28 20:56:42
Vehicle_1252,60.0,67.0,62.1,1.3566136,54.66,0.9996,100.0%,CRITICAL,5,100,temperature,4.8272,Cooling system,Inspect coolant level and radiator,temperature signal is rapidly deteriorating (SHAP=4.827),1,Immediate,2026-06-28 20:56:42
Vehicle_1253,86.27605534375294,67.0,80.49323874062705,20.411087,79.69594324437622,0.0003,0.0%,LOW,124,2480,temperature,-3.7958,Cooling system,Inspect coolant level and radiator,temperature signal is elevated (SHAP=-3.796),31,Low,2026-06-28 20:56:42
Vehicle_1254,100.0,90.77793913829444,97.23338174148832,16.85328,90.49561687255188,0.0002,0.0%,LOW,124,2480,temperature,-3.8255,Cooling system,Inspect coolant level and radiator,temperature signal is elevated (SHAP=-3.825),31,Low,2026-06-28 20:56:42
Vehicle_1255,80.0,73.03142768394083,77.90942830518225,16.257309,65.35194251989752,0.0004,0.0%,LOW,124,2480,temperature,-6.0775,Cooling system,Inspect coolant level and radiator,temperature signal is elevated (SHAP=-6.077),31,Low,2026-06-28 20:56:42
Vehicle_1256,92.39437027528145,91.11053154325948,92.00921865567484,24.402285,85.4276375020568,0.0002,0.0%,LOW,124,2480,temperature,-3.7534,Cooling system,Inspect coolant level and radiator,temperature signal is elevated (SHAP=-3.753),31,Low,2026-06-28 20:56:42
Vehicle_1257,86.76515888403887,90.53350649724804,87.89566316800162,99.68686,90.84409920025058,0.0002,0.0%,LOW,124,2480,temperature,-3.7912,Cooling system,Inspect coolant level and radiator,temperature signal is elevated (SHAP=-3.791),31,Low,2026-06-28 20:56:42
Vehicle_1258,80.0,88.5197255002274,82.55591765006821,19.392086,71.2374956900864,0.0004,0.0%,LOW,124,2480,temperature,-5.9131,Cooling system,Inspect coolant level and radiator,temperature signal is elevated (SHAP=-5.913),31,Low,2026-06-28 20:56:42
Vehicle_1259,51.68484756483598,77.8502179687531,59.53445868601111,1.7476678,59.29071880535728,0.0205,2.1%,LOW,122,2440,fault_count,-7.1477,ECU fault logs,Review and clear fault codes,fault_count signal is elevated (SHAP=-7.148),30,Low,2026-06-28 20:56:42
Vehicle_1260,80.0,64.8888265175649,75.46664795526947,8.166957,60.25775407667466,0.0005,0.1%,LOW,124,2480,temperature,-6.0477,Cooling system,Inspect coolant level and radiator,temperature signal is elevated (SHAP=-6.048),31,Low,2026-06-28 20:56:42
Vehicle_1261,80.01991002576531,80.57865550093882,80.18753366831736,99.692085,84.22825130117818,0.0002,0.0%,LOW,124,2480,temperature,-3.8296,Cooling system,Inspect coolant level and radiator,temperature signal is elevated (SHAP=-3.830),31,Low,2026-06-28 20:56:42
Vehicle_1262,93.787624149913,100.0,95.6513369049391,19.392086,95.39080214296344,0.0003,0.0%,LOW,124,2480,temperature,-3.8172,Cooling system,Inspect coolant level and radiator,temperature signal is elevated (SHAP=-3.817),31,Low,2026-06-28 20:56:42
Vehicle_1263,76.12665970767301,82.37752962175527,78.00192068189769,17.715132,73.27665833348966,0.0002,0.0%,LOW,124,2480,temperature,-3.8145,Cooling system,Inspect coolant level and radiator,temperature signal is elevated (SHAP=-3.814),31,Low,2026-06-28 20:56:43
Vehicle_1264,100.0,75.83331752270128,92.74999525681038,20.73297,88.81666065862649,0.0003,0.0%,LOW,124,2480,temperature,-3.8218,Cooling system,Inspect coolant level and radiator,temperature signal is elevated (SHAP=-3.822),31,Low,2026-06-28 20:56:43
Vehicle_1265,82.61904467862148,64.66439879852028,77.23265091459112,21.666563,69.27247030845874,0.0002,0.0%,LOW,124,2480,temperature,-3.7287,Cooling system,Inspect coolant level and radiator,temperature signal is elevated (SHAP=-3.729),31,Low,2026-06-28 20:56:43
Vehicle_1266,80.0,88.91019438110186,82.67305831433056,21.010471,81.3858738648187,0.0002,0.0%,LOW,124,2480,temperature,-3.743,Cooling system,Inspect coolant level and radiator,temperature signal is elevated (SHAP=-3.743),31,Low,2026-06-28 20:56:43
Vehicle_1267,59.20696477683202,70.8081245725167,62.687312715537416,11.752665,67.77401254382579,0.0002,0.0%,LOW,124,2480,temperature,-3.8223,Cooling system,Inspect coolant level and radiator,temperature signal is elevated (SHAP=-3.822),31,Low,2026-06-28 20:56:43
Vehicle_1268,70.13755396254743,69.47562940892117,69.93897659645954,13.401848,61.858511839659954,0.0004,0.0%,LOW,124,2480,temperature,-5.9608,Cooling system,Inspect coolant level and radiator,temperature signal is elevated (SHAP=-5.961),31,Low,2026-06-28 20:56:43
Vehicle_1269,86.11723256554086,100.0,90.2820627958786,99.73955,94.16923767752716,0.0002,0.0%,LOW,124,2480,temperature,-3.762,Cooling system,Inspect coolant level and radiator,temperature signal is elevated (SHAP=-3.762),31,Low,2026-06-28 20:56:43
Vehicle_1270,72.19335915283301,67.0,70.6353514069831,6.9537106,59.78121084418986,0.0004,0.0%,LOW,124,2480,temperature,-6.0613,Cooling system,Inspect coolant level and radiator,temperature signal is elevated (SHAP=-6.061),31,Low,2026-06-28 20:56:43
Vehicle_1271,80.0,100.0,86.0,16.85328,89.6,0.004,0.4%,LOW,124,2480,fault_count,-6.1384,ECU fault logs,Review and clear fault codes,fault_count signal is elevated (SHAP=-6.138),31,Low,2026-06-28 20:56:43
Vehicle_1272,70.0,94.38532034252644,77.31559610275794,16.85328,75.26642173016005,0.0026,0.3%,LOW,124,2480,fault_count,-6.1371,ECU fault logs,Review and clear fault codes,fault_count signal is elevated (SHAP=-6.137),31,Low,2026-06-28 20:56:43
Vehicle_1273,76.97757549563777,91.02659658808815,81.19228182337288,24.402285,68.92068841164136,0.0004,0.0%,LOW,124,2480,temperature,-5.945,Cooling system,Inspect coolant level and radiator,temperature signal is elevated (SHAP=-5.945),31,Low,2026-06-28 20:56:43
Vehicle_1274,98.80843044697464,74.67636198091532,91.56880990715683,17.09106,87.87655834047717,0.0002,0.0%,LOW,124,2480,temperature,-3.7966,Cooling system,Inspect coolant level and radiator,temperature signal is elevated (SHAP=-3.797),31,Low,2026-06-28 20:56:43
Vehicle_1275,60.0,100.0,72.0,3.4210622,65.19999999999999,0.0015,0.1%,LOW,124,2480,temperature,-6.2563,Cooling system,Inspect coolant level and radiator,temperature signal is elevated (SHAP=-6.256),31,Low,2026-06-28 20:56:43
Vehicle_1276,92.73625142660713,91.702068595643,92.42599657731787,18.286812,87.79601166551933,0.0002,0.0%,LOW,124,2480,temperature,-3.7852,Cooling system,Inspect coolant level and radiator,temperature signal is elevated (SHAP=-3.785),31,Low,2026-06-28 20:56:43
Vehicle_1277,80.0,67.17340614634838,76.15202184390452,15.249073,65.12589433561239,0.0004,0.0%,LOW,124,2480,temperature,-5.9653,Cooling system,Inspect coolant level and radiator,temperature signal is elevated (SHAP=-5.965),31,Low,2026-06-28 20:56:43
Vehicle_1278,29.05552124116929,95.04710749475124,48.85299711724387,2.026391,52.321219769296576,0.9993,99.9%,CRITICAL,5,100,temperature,4.7033,Cooling system,Inspect coolant level and radiator,temperature signal is rapidly deteriorating (SHAP=4.703),1,Immediate,2026-06-28 20:56:43
Vehicle_1279,86.32730468517231,67.0,80.5291132796206,22.705729,77.71746796777236,0.0002,0.0%,LOW,124,2480,temperature,-3.732,Cooling system,Inspect coolant level and radiator,temperature signal is elevated (SHAP=-3.732),31,Low,2026-06-28 20:56:43
Vehicle_1280,98.3945101144716,64.29466131339177,88.16455547414765,17.09106,79.75766554716694,0.0002,0.0%,LOW,124,2480,temperature,-3.8007,Cooling system,Inspect coolant level and radiator,temperature signal is elevated (SHAP=-3.801),31,Low,2026-06-28 20:56:43
Vehicle_1281,52.970670275024034,43.328918906229006,50.07814486438552,1.8517852,42.71267069987712,0.0069,0.7%,LOW,124,2480,temperature,-6.4225,Cooling system,Inspect coolant level and radiator,temperature signal is elevated (SHAP=-6.423),31,Low,2026-06-28 20:56:43
Vehicle_1282,100.0,97.51719991556033,99.25515997466808,21.156872,97.05653596791292,0.0002,0.0%,LOW,124,2480,temperature,-3.8261,Cooling system,Inspect coolant level and radiator,temperature signal is elevated (SHAP=-3.826),31,Low,2026-06-28 20:56:43
Vehicle_1283,100.0,91.69623769019888,97.50887130705966,20.138336,94.84457032227556,0.0002,0.0%,LOW,124,2480,temperature,-3.797,Cooling system,Inspect coolant level and radiator,temperature signal is elevated (SHAP=-3.797),31,Low,2026-06-28 20:56:43
Vehicle_1284,86.12484034340679,100.0,90.28738824038476,19.392086,88.17243294423085,0.0003,0.0%,LOW,124,2480,temperature,-3.8399,Cooling system,Inspect coolant level and radiator,temperature signal is elevated (SHAP=-3.840),31,Low,2026-06-28 20:56:43
Vehicle_1285,85.0,76.57016743921848,82.47105023176553,17.09106,72.79666362690301,0.0002,0.0%,LOW,124,2480,temperature,-3.7995,Cooling system,Inspect coolant level and radiator,temperature signal is elevated (SHAP=-3.800),31,Low,2026-06-28 20:56:43
Vehicle_1286,80.0,100.0,86.0,19.392086,75.6,0.0005,0.1%,LOW,124,2480,temperature,-5.9277,Cooling system,Inspect coolant level and radiator,temperature signal is elevated (SHAP=-5.928),31,Low,2026-06-28 20:56:43
Vehicle_1287,77.38694609784763,55.87113588547789,70.9322030341367,10.518193,63.7335489975776,0.0002,0.0%,LOW,124,2480,temperature,-3.885,Cooling system,Inspect coolant level and radiator,temperature signal is elevated (SHAP=-3.885),31,Low,2026-06-28 20:56:43
Vehicle_1288,95.0,76.18975428677469,89.3569262860324,19.657219,80.85210662897438,0.0002,0.0%,LOW,124,2480,temperature,-3.8183,Cooling system,Inspect coolant level and radiator,temperature signal is elevated (SHAP=-3.818),31,Low,2026-06-28 20:56:43
Vehicle_1289,36.8390485339472,64.1075765667632,45.019606943792,2.060163,43.83327947962784,0.999,99.9%,CRITICAL,5,100,temperature,4.6203,Cooling system,Inspect coolant level and radiator,temperature signal is rapidly deteriorating (SHAP=4.620),1,Immediate,2026-06-28 20:56:43
Vehicle_1290,80.58990962353364,90.6608043389537,83.61117803815965,17.080957,86.29886769068654,0.0002,0.0%,LOW,124,2480,temperature,-3.7915,Cooling system,Inspect coolant level and radiator,temperature signal is elevated (SHAP=-3.792),31,Low,2026-06-28 20:56:43
Vehicle_1291,74.48856669607666,81.36953329660093,76.55285667623394,18.240112,64.20562066506055,0.0004,0.0%,LOW,124,2480,temperature,-6.0089,Cooling system,Inspect coolant level and radiator,temperature signal is elevated (SHAP=-6.009),31,Low,2026-06-28 20:56:43
Vehicle_1292,100.0,92.44298493787755,97.73289548136329,19.392086,91.12833427639347,0.0002,0.0%,LOW,124,2480,temperature,-3.8161,Cooling system,Inspect coolant level and radiator,temperature signal is elevated (SHAP=-3.816),31,Low,2026-06-28 20:56:43
Vehicle_1293,97.4531395848128,89.61274863203303,95.10102229897883,21.381533,90.98316310579392,0.0002,0.0%,LOW,124,2480,temperature,-3.7373,Cooling system,Inspect coolant level and radiator,temperature signal is elevated (SHAP=-3.737),31,Low,2026-06-28 20:56:43
Vehicle_1294,67.99001074177676,89.2141468694612,74.35725158008209,18.694609,64.4571803219415,0.0004,0.0%,LOW,124,2480,temperature,-6.007,Cooling system,Inspect coolant level and radiator,temperature signal is elevated (SHAP=-6.007),31,Low,2026-06-28 20:56:43
Vehicle_1295,72.97905404028106,84.9422130264718,76.56800173613827,21.666563,70.92924364697733,0.0002,0.0%,LOW,124,2480,temperature,-3.7373,Cooling system,Inspect coolant level and radiator,temperature signal is elevated (SHAP=-3.737),31,Low,2026-06-28 20:56:43
Vehicle_1296,79.63550674554438,70.21834910825497,76.81035945435755,17.09106,72.12988549426552,0.0002,0.0%,LOW,124,2480,temperature,-3.8171,Cooling system,Inspect coolant level and radiator,temperature signal is elevated (SHAP=-3.817),31,Low,2026-06-28 20:56:43
Vehicle_1297,100.0,92.9836293622654,97.89508880867962,19.392086,91.33377915766084,0.0002,0.0%,LOW,124,2480,temperature,-3.8213,Cooling system,Inspect coolant level and radiator,temperature signal is elevated (SHAP=-3.821),31,Low,2026-06-28 20:56:43
Vehicle_1298,95.0,78.50521283359667,90.051563850079,19.657219,81.73198087676674,0.0002,0.0%,LOW,124,2480,temperature,-3.8213,Cooling system,Inspect coolant level and radiator,temperature signal is elevated (SHAP=-3.821),31,Low,2026-06-28 20:56:43
Vehicle_1299,80.0,74.9145736838729,78.47437210516188,20.411087,68.0675379998717,0.0003,0.0%,LOW,124,2480,temperature,-5.8893,Cooling system,Inspect coolant level and radiator,temperature signal is elevated (SHAP=-5.889),31,Low,2026-06-28 20:56:43
Vehicle_1300,80.0,87.77845257230699,82.3335357716921,23.994816,84.95581197747666,0.0002,0.0%,LOW,124,2480,temperature,-3.7449,Cooling system,Inspect coolant level and radiator,temperature signal is elevated (SHAP=-3.745),31,Low,2026-06-28 20:56:43
Vehicle_1301,100.0,100.0,100.0,16.919046,98.0,0.0003,0.0%,LOW,124,2480,temperature,-3.8394,Cooling system,Inspect coolant level and radiator,temperature signal is elevated (SHAP=-3.839),31,Low,2026-06-28 20:56:43
Vehicle_1302,100.0,94.81262287690124,98.44378686307036,20.788681,92.02879669322246,0.0002,0.0%,LOW,124,2480,temperature,-3.8302,Cooling system,Inspect coolant level and radiator,temperature signal is elevated (SHAP=-3.830),31,Low,2026-06-28 20:56:43
Vehicle_1303,79.41861461017565,82.98615356209979,80.48887629575289,20.838665,76.8905564898717,0.0002,0.0%,LOW,124,2480,temperature,-3.7621,Cooling system,Inspect coolant level and radiator,temperature signal is elevated (SHAP=-3.762),31,Low,2026-06-28 20:56:43
Vehicle_1304,67.38434790198954,82.32279004518037,71.86588054494678,10.130178,63.58408633600414,0.0004,0.0%,LOW,124,2480,temperature,-6.1023,Cooling system,Inspect coolant level and radiator,temperature signal is elevated (SHAP=-6.102),31,Low,2026-06-28 20:56:43
Vehicle_1305,96.16389133357488,100.0,97.3147239335024,25.280869,94.38883436010144,0.0002,0.0%,LOW,124,2480,temperature,-3.7703,Cooling system,Inspect coolant level and radiator,temperature signal is elevated (SHAP=-3.770),31,Low,2026-06-28 20:56:43
Vehicle_1306,80.0,38.12110117292726,67.43633035187818,9.409642,54.08601844571236,0.0003,0.0%,LOW,124,2480,temperature,-5.9222,Cooling system,Inspect coolant level and radiator,temperature signal is elevated (SHAP=-5.922),31,Low,2026-06-28 20:56:43
Vehicle_1307,80.0,100.0,86.0,20.138336,73.6,0.0005,0.1%,LOW,124,2480,temperature,-5.9391,Cooling system,Inspect coolant level and radiator,temperature signal is elevated (SHAP=-5.939),31,Low,2026-06-28 20:56:43
Vehicle_1308,75.0,35.37678586122378,63.11303575836713,6.2436104,56.94317862726504,0.0002,0.0%,LOW,124,2480,temperature,-3.8942,Cooling system,Inspect coolant level and radiator,temperature signal is elevated (SHAP=-3.894),31,Low,2026-06-28 20:56:43
Vehicle_1309,75.78481653788192,68.39576951267084,73.56810243031859,9.96173,59.82001536072532,0.0004,0.0%,LOW,124,2480,temperature,-6.0568,Cooling system,Inspect coolant level and radiator,temperature signal is elevated (SHAP=-6.057),31,Low,2026-06-28 20:56:43
Vehicle_1310,80.0,73.14811934097855,77.94443580229357,14.057339,65.39628534957185,0.0004,0.0%,LOW,124,2480,temperature,-6.0599,Cooling system,Inspect coolant level and radiator,temperature signal is elevated (SHAP=-6.060),31,Low,2026-06-28 20:56:43
Vehicle_1311,80.0,100.0,86.0,20.8457,77.6,0.0004,0.0%,LOW,124,2480,temperature,-5.793,Cooling system,Inspect coolant level and radiator,temperature signal is elevated (SHAP=-5.793),31,Low,2026-06-28 20:56:43
Vehicle_1312,71.04374128582624,100.0,79.73061890007837,24.402285,81.83837134004702,0.0002,0.0%,LOW,124,2480,temperature,-3.7851,Cooling system,Inspect coolant level and radiator,temperature signal is elevated (SHAP=-3.785),31,Low,2026-06-28 20:56:43
Vehicle_1313,87.5558056195884,100.0,91.28906393371189,24.402285,88.77343836022712,0.0002,0.0%,LOW,124,2480,temperature,-3.7593,Cooling system,Inspect coolant level and radiator,temperature signal is elevated (SHAP=-3.759),31,Low,2026-06-28 20:56:43
Vehicle_1314,74.13542534309168,97.63294924187495,81.18468251272665,24.402285,72.23739935601098,0.0004,0.0%,LOW,124,2480,temperature,-5.8599,Cooling system,Inspect coolant level and radiator,temperature signal is elevated (SHAP=-5.860),31,Low,2026-06-28 20:56:43
Vehicle_1315,88.03618742492722,67.0,81.72533119744905,18.110687,74.43519871846942,0.0002,0.0%,LOW,124,2480,temperature,-3.8258,Cooling system,Inspect coolant level and radiator,temperature signal is elevated (SHAP=-3.826),31,Low,2026-06-28 20:56:43
Vehicle_1316,70.0,94.33650968753156,77.30095290625947,99.70013,85.24787368126199,0.002,0.2%,LOW,124,2480,fault_count,-6.1577,ECU fault logs,Review and clear fault codes,fault_count signal is elevated (SHAP=-6.158),31,Low,2026-06-28 20:56:43
Vehicle_1317,80.0,82.6878449437605,80.80635348312815,20.351988,71.02138107862899,0.0003,0.0%,LOW,124,2480,temperature,-5.7967,Cooling system,Inspect coolant level and radiator,temperature signal is elevated (SHAP=-5.797),31,Low,2026-06-28 20:56:43
Vehicle_1318,98.71866891132166,76.05889170006174,91.92073574794368,17.09106,84.36421978877856,0.0003,0.0%,LOW,124,2480,temperature,-3.7995,Cooling system,Inspect coolant level and radiator,temperature signal is elevated (SHAP=-3.800),31,Low,2026-06-28 20:56:43
Vehicle_1319,80.0,94.30425098458193,84.29127529537458,20.079834,71.43561537414112,0.0004,0.0%,LOW,124,2480,temperature,-5.9067,Cooling system,Inspect coolant level and radiator,temperature signal is elevated (SHAP=-5.907),31,Low,2026-06-28 20:56:44
Vehicle_1320,60.0,64.04624157943391,61.21387247383017,1.3866603,53.537571800184885,0.0146,1.5%,LOW,123,2460,temperature,-6.5957,Cooling system,Inspect coolant level and radiator,temperature signal is elevated (SHAP=-6.596),30,Low,2026-06-28 20:56:44
Vehicle_1321,72.94538995211097,75.24937842956022,73.63658649534574,21.666563,77.23182758311948,0.0002,0.0%,LOW,124,2480,temperature,-3.7417,Cooling system,Inspect coolant level and radiator,temperature signal is elevated (SHAP=-3.742),31,Low,2026-06-28 20:56:44
Vehicle_1322,80.0,67.0,76.1,9.96173,61.06,0.0005,0.1%,LOW,124,2480,temperature,-6.0687,Cooling system,Inspect coolant level and radiator,temperature signal is elevated (SHAP=-6.069),31,Low,2026-06-28 20:56:44
Vehicle_1323,80.0,92.98768846870874,83.89630654061261,19.392086,70.93532161810931,0.0004,0.0%,LOW,124,2480,temperature,-5.9299,Cooling system,Inspect coolant level and radiator,temperature signal is elevated (SHAP=-5.930),31,Low,2026-06-28 20:56:44
Vehicle_1324,60.0,77.2448958120183,65.1734687436055,4.258108,60.55306040856696,0.0003,0.0%,LOW,124,2480,temperature,-5.8579,Cooling system,Inspect coolant level and radiator,temperature signal is elevated (SHAP=-5.858),31,Low,2026-06-28 20:56:44
Vehicle_1325,100.0,84.99100882289108,95.49730264686733,17.393625,90.2965833526986,0.0002,0.0%,LOW,124,2480,temperature,-3.8296,Cooling system,Inspect coolant level and radiator,temperature signal is elevated (SHAP=-3.830),31,Low,2026-06-28 20:56:44
Vehicle_1326,65.97601181224968,96.77633592140752,75.21610904499703,13.975954,72.48493261127972,0.0002,0.0%,LOW,124,2480,temperature,-3.8219,Cooling system,Inspect coolant level and radiator,temperature signal is elevated (SHAP=-3.822),31,Low,2026-06-28 20:56:44
Vehicle_1327,77.6385695253616,73.3144202669339,76.34132474783328,10.865909,64.46767890208675,0.0004,0.0%,LOW,124,2480,temperature,-6.0981,Cooling system,Inspect coolant level and radiator,temperature signal is elevated (SHAP=-6.098),31,Low,2026-06-28 20:56:44
Vehicle_1328,80.0,94.4598302986557,84.3379490895967,15.603429,73.49473551348916,0.0004,0.0%,LOW,124,2480,temperature,-5.9293,Cooling system,Inspect coolant level and radiator,temperature signal is elevated (SHAP=-5.929),31,Low,2026-06-28 20:56:44
Vehicle_1329,95.0,88.24641961404717,92.97392588421415,17.233616,85.43363945333793,0.0002,0.0%,LOW,124,2480,temperature,-3.7995,Cooling system,Inspect coolant level and radiator,temperature signal is elevated (SHAP=-3.800),31,Low,2026-06-28 20:56:44
Vehicle_1330,67.7391329106153,80.85031672458135,71.67248805480511,14.042271,65.17355617779934,0.0004,0.0%,LOW,124,2480,temperature,-5.9705,Cooling system,Inspect coolant level and radiator,temperature signal is elevated (SHAP=-5.971),31,Low,2026-06-28 20:56:44
Vehicle_1331,100.0,83.98555398081986,95.19566619424596,20.411087,87.91451051271154,0.0002,0.0%,LOW,124,2480,temperature,-3.8218,Cooling system,Inspect coolant level and radiator,temperature signal is elevated (SHAP=-3.822),31,Low,2026-06-28 20:56:44
Vehicle_1332,100.0,89.19989379541576,96.75996813862471,19.392086,91.895959642258,0.0002,0.0%,LOW,124,2480,temperature,-3.8213,Cooling system,Inspect coolant level and radiator,temperature signal is elevated (SHAP=-3.821),31,Low,2026-06-28 20:56:44
Vehicle_1333,48.703691877554405,72.32333571345512,55.78958502832462,1.2731314,55.9384181596858,0.0009,0.1%,LOW,124,2480,temperature,-4.3292,Cooling system,Inspect coolant level and radiator,temperature signal is elevated (SHAP=-4.329),31,Low,2026-06-28 20:56:44
Vehicle_1334,75.0,91.86705884287264,80.06011765286179,21.460415,78.4094823602916,0.0002,0.0%,LOW,124,2480,temperature,-3.7183,Cooling system,Inspect coolant level and radiator,temperature signal is elevated (SHAP=-3.718),31,Low,2026-06-28 20:56:44
Vehicle_1335,97.64085253619736,87.16008574250976,94.49662249809109,19.994253,90.1299906473566,0.0002,0.0%,LOW,124,2480,temperature,-3.818,Cooling system,Inspect coolant level and radiator,temperature signal is elevated (SHAP=-3.818),31,Low,2026-06-28 20:56:44
Vehicle_1336,55.0,81.66383813839514,62.999151441518535,2.8883636,62.13225849259016,0.0292,2.9%,LOW,121,2420,fault_count,-7.046,ECU fault logs,Review and clear fault codes,fault_count signal is elevated (SHAP=-7.046),30,Low,2026-06-28 20:56:44
Vehicle_1337,95.94341664481392,100.0,97.16039165136974,16.54427,92.29623499082184,0.0003,0.0%,LOW,124,2480,temperature,-3.8462,Cooling system,Inspect coolant level and radiator,temperature signal is elevated (SHAP=-3.846),31,Low,2026-06-28 20:56:44
Vehicle_1338,80.26335968700462,85.28702763762338,81.77046007219025,19.30874,76.11968157083882,0.0002,0.0%,LOW,124,2480,temperature,-3.828,Cooling system,Inspect coolant level and radiator,temperature signal is elevated (SHAP=-3.828),31,Low,2026-06-28 20:56:44
Vehicle_1339,64.10502751083278,85.43524816172129,70.50409370609934,14.500374,73.38950585600386,0.002,0.2%,LOW,124,2480,fault_count,-6.1401,ECU fault logs,Review and clear fault codes,fault_count signal is elevated (SHAP=-6.140),31,Low,2026-06-28 20:56:44
Vehicle_1340,60.92698686517093,94.15669710860772,70.89589993820196,16.587824,65.36887938464272,0.0004,0.0%,LOW,124,2480,temperature,-6.0448,Cooling system,Inspect coolant level and radiator,temperature signal is elevated (SHAP=-6.045),31,Low,2026-06-28 20:56:44
Vehicle_1341,80.0,74.80746774323708,78.44224032297112,16.908228,66.02683774243009,0.0004,0.0%,LOW,124,2480,temperature,-6.0787,Cooling system,Inspect coolant level and radiator,temperature signal is elevated (SHAP=-6.079),31,Low,2026-06-28 20:56:44
Vehicle_1342,92.16610805258604,84.54326848815339,89.87925618325623,20.351988,82.83620740758441,0.0002,0.0%,LOW,124,2480,temperature,-3.8218,Cooling system,Inspect coolant level and radiator,temperature signal is elevated (SHAP=-3.822),31,Low,2026-06-28 20:56:44
Vehicle_1343,65.13216070484344,86.4687220677689,71.53312911372107,15.646076,66.21362188178642,0.0003,0.0%,LOW,124,2480,temperature,-5.8951,Cooling system,Inspect coolant level and radiator,temperature signal is elevated (SHAP=-5.895),31,Low,2026-06-28 20:56:44
Vehicle_1344,100.0,71.17790048648689,91.35337014594606,20.411087,87.04760218486501,0.0002,0.0%,LOW,124,2480,temperature,-3.8197,Cooling system,Inspect coolant level and radiator,temperature signal is elevated (SHAP=-3.820),31,Low,2026-06-28 20:56:44
Vehicle_1345,44.76166976314767,98.14134179190796,60.77557137177575,2.1125853,58.09361118144704,0.0035,0.4%,LOW,124,2480,temperature,-6.4242,Cooling system,Inspect coolant level and radiator,temperature signal is elevated (SHAP=-6.424),31,Low,2026-06-28 20:56:44
Vehicle_1346,70.0,83.40739040688835,74.02221712206651,16.77857,77.09480835461757,0.0022,0.2%,LOW,124,2480,fault_count,-6.1542,ECU fault logs,Review and clear fault codes,fault_count signal is elevated (SHAP=-6.154),31,Low,2026-06-28 20:56:44
Vehicle_1347,80.0,51.88479998711784,71.56543999613535,5.18229,57.31622399510478,0.0004,0.0%,LOW,124,2480,temperature,-6.0142,Cooling system,Inspect coolant level and radiator,temperature signal is elevated (SHAP=-6.014),31,Low,2026-06-28 20:56:44
Vehicle_1348,60.0,82.36612232446465,66.7098366973394,4.258108,60.49912648329656,0.0004,0.0%,LOW,124,2480,temperature,-5.9725,Cooling system,Inspect coolant level and radiator,temperature signal is elevated (SHAP=-5.973),31,Low,2026-06-28 20:56:44
Vehicle_1349,82.52209093161204,100.0,87.76546365212843,12.938285,90.65927819127704,0.0003,0.0%,LOW,124,2480,temperature,-3.8586,Cooling system,Inspect coolant level and radiator,temperature signal is elevated (SHAP=-3.859),31,Low,2026-06-28 20:56:44
Vehicle_1350,97.99082528494174,80.81685002212882,92.83863270609784,99.67009,91.86654962808448,0.0002,0.0%,LOW,124,2480,temperature,-3.7995,Cooling system,Inspect coolant level and radiator,temperature signal is elevated (SHAP=-3.800),31,Low,2026-06-28 20:56:44
Vehicle_1351,75.58556964839877,67.0,73.00989875387914,18.613571,63.20593925232748,0.0003,0.0%,LOW,124,2480,temperature,-5.9076,Cooling system,Inspect coolant level and radiator,temperature signal is elevated (SHAP=-5.908),31,Low,2026-06-28 20:56:44
Vehicle_1352,64.35371484459242,67.0,65.14760039121468,7.721573,56.48856023472881,0.0004,0.0%,LOW,124,2480,temperature,-6.0112,Cooling system,Inspect coolant level and radiator,temperature signal is elevated (SHAP=-6.011),31,Low,2026-06-28 20:56:44
Vehicle_1353,78.91921660574711,100.0,85.24345162402298,21.355003,77.14607097441379,0.0004,0.0%,LOW,124,2480,temperature,-5.8148,Cooling system,Inspect coolant level and radiator,temperature signal is elevated (SHAP=-5.815),31,Low,2026-06-28 20:56:44
Vehicle_1354,99.42118388248484,100.0,99.59482871773938,99.68686,99.75689723064365,0.0003,0.0%,LOW,124,2480,temperature,-3.8285,Cooling system,Inspect coolant level and radiator,temperature signal is elevated (SHAP=-3.829),31,Low,2026-06-28 20:56:44
Vehicle_1355,55.0,67.42860825847342,58.72858247754202,1.3866603,56.72287113821989,0.0478,4.8%,LOW,119,2380,fault_count,-7.2581,ECU fault logs,Review and clear fault codes,fault_count signal is elevated (SHAP=-7.258),29,Low,2026-06-28 20:56:44
Vehicle_1356,66.01467013408069,100.0,76.21026909385648,20.138336,79.72616145631389,0.0003,0.0%,LOW,124,2480,temperature,-3.829,Cooling system,Inspect coolant level and radiator,temperature signal is elevated (SHAP=-3.829),31,Low,2026-06-28 20:56:44
Vehicle_1357,80.0,100.0,86.0,19.392086,73.6,0.0005,0.1%,LOW,124,2480,temperature,-5.9043,Cooling system,Inspect coolant level and radiator,temperature signal is elevated (SHAP=-5.904),31,Low,2026-06-28 20:56:44
Vehicle_1358,80.0,72.47167223287744,77.74150166986323,13.122511,65.13923544849342,0.0004,0.0%,LOW,124,2480,temperature,-6.0775,Cooling system,Inspect coolant level and radiator,temperature signal is elevated (SHAP=-6.077),31,Low,2026-06-28 20:56:44
Vehicle_1359,70.29168741092435,87.45263631778616,75.43997208298289,21.666563,68.75451051334696,0.0003,0.0%,LOW,124,2480,temperature,-5.8159,Cooling system,Inspect coolant level and radiator,temperature signal is elevated (SHAP=-5.816),31,Low,2026-06-28 20:56:44
Vehicle_1360,95.0,94.73435873585832,94.9203076207575,17.516422,87.89905631962617,0.0002,0.0%,LOW,124,2480,temperature,-3.8183,Cooling system,Inspect coolant level and radiator,temperature signal is elevated (SHAP=-3.818),31,Low,2026-06-28 20:56:44
Vehicle_1361,100.0,92.07067617833836,97.62120285350152,16.85328,90.9868569477686,0.0003,0.0%,LOW,124,2480,temperature,-3.8394,Cooling system,Inspect coolant level and radiator,temperature signal is elevated (SHAP=-3.839),31,Low,2026-06-28 20:56:44
Vehicle_1362,42.51065676776301,98.30536033231787,59.249067837129466,1.7110646,59.21051276874125,0.009,0.9%,LOW,123,2460,temperature,-6.5686,Cooling system,Inspect coolant level and radiator,temperature signal is elevated (SHAP=-6.569),30,Low,2026-06-28 20:56:44
Vehicle_1363,99.22196447323653,80.58266302032155,93.63017403736202,19.657219,90.29463702648152,0.0002,0.0%,LOW,124,2480,temperature,-3.8255,Cooling system,Inspect coolant level and radiator,temperature signal is elevated (SHAP=-3.825),31,Low,2026-06-28 20:56:44
Vehicle_1364,81.86021934869932,86.68699820180557,83.30825300463118,17.09106,85.32235144313982,0.0002,0.0%,LOW,124,2480,temperature,-3.7912,Cooling system,Inspect coolant level and radiator,temperature signal is elevated (SHAP=-3.791),31,Low,2026-06-28 20:56:44
Vehicle_1365,100.0,100.0,100.0,99.67958,100.0,0.0003,0.0%,LOW,124,2480,temperature,-3.8586,Cooling system,Inspect coolant level and radiator,temperature signal is elevated (SHAP=-3.859),31,Low,2026-06-28 20:56:44
Vehicle_1366,76.01119378910508,61.8950276553872,71.7763439489897,12.322199,65.44481190047125,0.0002,0.0%,LOW,124,2480,temperature,-3.8777,Cooling system,Inspect coolant level and radiator,temperature signal is elevated (SHAP=-3.878),31,Low,2026-06-28 20:56:44
Vehicle_1367,85.40107525998863,100.0,89.78075268199203,99.74526,93.8684516091952,0.0002,0.0%,LOW,124,2480,temperature,-3.7718,Cooling system,Inspect coolant level and radiator,temperature signal is elevated (SHAP=-3.772),31,Low,2026-06-28 20:56:44
Vehicle_1368,50.62385586176073,100.0,65.43669910323251,6.823206,69.2620194619395,0.0008,0.1%,LOW,124,2480,fault_count,-5.1569,ECU fault logs,Review and clear fault codes,fault_count signal is elevated (SHAP=-5.157),31,Low,2026-06-28 20:56:44
Vehicle_1369,62.39262706848729,96.26040277596216,72.55295978072975,21.381533,80.78385642363028,0.0002,0.0%,LOW,124,2480,temperature,-3.7299,Cooling system,Inspect coolant level and radiator,temperature signal is elevated (SHAP=-3.730),31,Low,2026-06-28 20:56:44
Vehicle_1370,61.212284227497776,93.54353185024864,70.91165851432302,11.458135,65.25570147864354,0.0004,0.0%,LOW,124,2480,temperature,-6.0898,Cooling system,Inspect coolant level and radiator,temperature signal is elevated (SHAP=-6.090),31,Low,2026-06-28 20:56:44
Vehicle_1371,75.0,94.39016068639638,80.81704820591892,23.994816,79.36826106083063,0.0002,0.0%,LOW,124,2480,temperature,-3.7445,Cooling system,Inspect coolant level and radiator,temperature signal is elevated (SHAP=-3.744),31,Low,2026-06-28 20:56:44
Vehicle_1372,68.25583233095654,100.0,77.77908263166958,99.69341,86.66744957900175,0.0002,0.0%,LOW,124,2480,temperature,-3.8054,Cooling system,Inspect coolant level and radiator,temperature signal is elevated (SHAP=-3.805),31,Low,2026-06-28 20:56:44
Vehicle_1373,47.40135624786399,96.1042423871906,62.01222208966196,3.6579728,64.4281817312353,0.0003,0.0%,LOW,124,2480,temperature,-4.0062,Cooling system,Inspect coolant level and radiator,temperature signal is elevated (SHAP=-4.006),31,Low,2026-06-28 20:56:45
Vehicle_1374,100.0,63.21955310752141,88.96586593225642,15.210032,80.02343018085813,0.0002,0.0%,LOW,124,2480,temperature,-3.7938,Cooling system,Inspect coolant level and radiator,temperature signal is elevated (SHAP=-3.794),31,Low,2026-06-28 20:56:45
Vehicle_1375,100.0,98.11172029154984,99.43351608746497,12.938285,95.28245371078891,0.0002,0.0%,LOW,124,2480,temperature,-3.8261,Cooling system,Inspect coolant level and radiator,temperature signal is elevated (SHAP=-3.826),31,Low,2026-06-28 20:56:45
Vehicle_1376,64.06396532900212,90.64436904827666,72.03808644478448,18.382597,69.35172567652603,0.0002,0.0%,LOW,124,2480,temperature,-3.7252,Cooling system,Inspect coolant level and radiator,temperature signal is elevated (SHAP=-3.725),31,Low,2026-06-28 20:56:45
Vehicle_1377,73.31774178530549,86.66377746280625,77.32155248855571,11.130482,65.72568698569468,0.0004,0.0%,LOW,124,2480,temperature,-6.0901,Cooling system,Inspect coolant level and radiator,temperature signal is elevated (SHAP=-6.090),31,Low,2026-06-28 20:56:45
Vehicle_1378,76.61051264021806,100.0,83.62735884815264,16.62497,72.17641530889159,0.0005,0.1%,LOW,124,2480,temperature,-5.8717,Cooling system,Inspect coolant level and radiator,temperature signal is elevated (SHAP=-5.872),31,Low,2026-06-28 20:56:45
Vehicle_1379,83.56783526702165,67.0,78.59748468691515,24.303907,72.55849081214909,0.0002,0.0%,LOW,124,2480,temperature,-3.732,Cooling system,Inspect coolant level and radiator,temperature signal is elevated (SHAP=-3.732),31,Low,2026-06-28 20:56:45
Vehicle_1380,60.0,100.0,72.0,2.7745962,67.19999999999999,0.9994,99.9%,CRITICAL,5,100,temperature,4.8379,Cooling system,Inspect coolant level and radiator,temperature signal is rapidly deteriorating (SHAP=4.838),1,Immediate,2026-06-28 20:56:45
Vehicle_1381,80.0,77.51592941981181,79.25477882594355,17.09106,79.05605317952849,0.0002,0.0%,LOW,124,2480,temperature,-3.7906,Cooling system,Inspect coolant level and radiator,temperature signal is elevated (SHAP=-3.791),31,Low,2026-06-28 20:56:45
Vehicle_1382,80.0,93.91472557416604,84.1744176722498,21.156872,73.28759571818308,0.0004,0.0%,LOW,124,2480,temperature,-5.9299,Cooling system,Inspect coolant level and radiator,temperature signal is elevated (SHAP=-5.930),31,Low,2026-06-28 20:56:45
Vehicle_1383,60.0,100.0,72.0,7.4177504,65.19999999999999,0.0005,0.1%,LOW,124,2480,temperature,-6.0188,Cooling system,Inspect coolant level and radiator,temperature signal is elevated (SHAP=-6.019),31,Low,2026-06-28 20:56:45
Vehicle_1384,90.0,75.870911585403,85.7612734756209,13.831579,76.63094640245313,0.0002,0.0%,LOW,124,2480,temperature,-3.7995,Cooling system,Inspect coolant level and radiator,temperature signal is elevated (SHAP=-3.800),31,Low,2026-06-28 20:56:45
Vehicle_1385,90.0,79.80610119535014,86.94183035860503,15.826941,78.12631845423304,0.0002,0.0%,LOW,124,2480,temperature,-3.826,Cooling system,Inspect coolant level and radiator,temperature signal is elevated (SHAP=-3.826),31,Low,2026-06-28 20:56:45
Vehicle_1386,90.0,91.46102333699858,90.43830700109956,14.993679,82.55518886805945,0.0002,0.0%,LOW,124,2480,temperature,-3.8218,Cooling system,Inspect coolant level and radiator,temperature signal is elevated (SHAP=-3.822),31,Low,2026-06-28 20:56:45
Vehicle_1387,80.0,77.77092019908255,79.33127605972476,99.570755,83.15294967565137,0.0002,0.0%,LOW,124,2480,temperature,-3.7916,Cooling system,Inspect coolant level and radiator,temperature signal is elevated (SHAP=-3.792),31,Low,2026-06-28 20:56:45
Vehicle_1388,80.0,100.0,86.0,20.138336,75.6,0.0005,0.1%,LOW,124,2480,temperature,-5.9035,Cooling system,Inspect coolant level and radiator,temperature signal is elevated (SHAP=-5.904),31,Low,2026-06-28 20:56:45
Vehicle_1389,45.07155783622281,82.93026430495563,56.42916977684265,2.24607,56.44355472709671,0.004,0.4%,LOW,124,2480,temperature,-6.3022,Cooling system,Inspect coolant level and radiator,temperature signal is elevated (SHAP=-6.302),31,Low,2026-06-28 20:56:45
Vehicle_1390,80.0,100.0,86.0,19.047188,75.6,0.0005,0.1%,LOW,124,2480,temperature,-5.9143,Cooling system,Inspect coolant level and radiator,temperature signal is elevated (SHAP=-5.914),31,Low,2026-06-28 20:56:45
Vehicle_1391,94.23114209477278,69.81837932529886,86.90731326393059,20.351988,84.10806382341812,0.0002,0.0%,LOW,124,2480,temperature,-3.7831,Cooling system,Inspect coolant level and radiator,temperature signal is elevated (SHAP=-3.783),31,Low,2026-06-28 20:56:45
Vehicle_1392,40.0,67.0,48.1,1.2731314,46.26,0.9994,99.9%,CRITICAL,5,100,temperature,4.8003,Cooling system,Inspect coolant level and radiator,temperature signal is rapidly deteriorating (SHAP=4.800),1,Immediate,2026-06-28 20:56:45
Vehicle_1393,100.0,87.97174784727467,96.3915243541824,19.392086,89.42926418196437,0.0002,0.0%,LOW,124,2480,temperature,-3.789,Cooling system,Inspect coolant level and radiator,temperature signal is elevated (SHAP=-3.789),31,Low,2026-06-28 20:56:45
Vehicle_1394,71.00342403128634,67.0,69.80239682190043,6.8177643,59.28143809314025,0.0004,0.0%,LOW,124,2480,temperature,-6.0651,Cooling system,Inspect coolant level and radiator,temperature signal is elevated (SHAP=-6.065),31,Low,2026-06-28 20:56:45
Vehicle_1395,64.60820244536336,100.0,75.22574171175435,21.16453,67.13544502705261,0.0005,0.1%,LOW,124,2480,temperature,-6.0418,Cooling system,Inspect coolant level and radiator,temperature signal is elevated (SHAP=-6.042),31,Low,2026-06-28 20:56:45
Vehicle_1396,50.0,67.0,55.1,1.2731314,50.46,0.9996,100.0%,CRITICAL,5,100,temperature,4.6855,Cooling system,Inspect coolant level and radiator,temperature signal is rapidly deteriorating (SHAP=4.686),1,Immediate,2026-06-28 20:56:45
Vehicle_1397,70.22732366086404,74.62816965343347,71.54757745863486,6.8177643,59.85418040586761,0.0005,0.1%,LOW,124,2480,temperature,-6.0651,Cooling system,Inspect coolant level and radiator,temperature signal is elevated (SHAP=-6.065),31,Low,2026-06-28 20:56:45
Vehicle_1398,83.49016832076958,98.5747281103311,88.01553625763803,23.994816,90.52426737664904,0.0002,0.0%,LOW,124,2480,temperature,-3.755,Cooling system,Inspect coolant level and radiator,temperature signal is elevated (SHAP=-3.755),31,Low,2026-06-28 20:56:45
Vehicle_1399,72.73360470000316,82.07499482397691,75.53602173719527,19.657219,75.73661200711254,0.0002,0.0%,LOW,124,2480,temperature,-3.7895,Cooling system,Inspect coolant level and radiator,temperature signal is elevated (SHAP=-3.789),31,Low,2026-06-28 20:56:45
Vehicle_1400,80.0,67.0,76.1,20.146257,75.06,0.0002,0.0%,LOW,124,2480,temperature,-3.7225,Cooling system,Inspect coolant level and radiator,temperature signal is elevated (SHAP=-3.723),31,Low,2026-06-28 20:56:45
Vehicle_1401,70.0,100.0,79.0,17.152506,77.4,0.0003,0.0%,LOW,124,2480,temperature,-3.8548,Cooling system,Inspect coolant level and radiator,temperature signal is elevated (SHAP=-3.855),31,Low,2026-06-28 20:56:45
Vehicle_1402,80.0,75.22304224786706,78.56691267436011,13.987106,64.18475605418948,0.0004,0.0%,LOW,124,2480,temperature,-6.0951,Cooling system,Inspect coolant level and radiator,temperature signal is elevated (SHAP=-6.095),31,Low,2026-06-28 20:56:45
Vehicle_1403,77.54280401430883,88.51174617630699,80.83348666290827,23.994816,74.20244123300635,0.0002,0.0%,LOW,124,2480,temperature,-3.7282,Cooling system,Inspect coolant level and radiator,temperature signal is elevated (SHAP=-3.728),31,Low,2026-06-28 20:56:45
Vehicle_1404,90.0,88.29832341825049,89.48949702547515,19.047188,81.35336289893519,0.0002,0.0%,LOW,124,2480,temperature,-3.8296,Cooling system,Inspect coolant level and radiator,temperature signal is elevated (SHAP=-3.830),31,Low,2026-06-28 20:56:45
Vehicle_1405,63.62339388367669,66.0,64.33637571857368,5.9942245,55.80182543114421,0.0005,0.1%,LOW,124,2480,temperature,-6.0274,Cooling system,Inspect coolant level and radiator,temperature signal is elevated (SHAP=-6.027),31,Low,2026-06-28 20:56:45
Vehicle_1406,79.21681447169672,96.79283432725715,84.48962042836484,17.516422,88.05233912247034,0.0003,0.0%,LOW,124,2480,temperature,-3.7979,Cooling system,Inspect coolant level and radiator,temperature signal is elevated (SHAP=-3.798),31,Low,2026-06-28 20:56:45
Vehicle_1407,85.0,78.1077828774384,82.93233486323152,17.475641,73.38095749342659,0.0002,0.0%,LOW,124,2480,temperature,-3.8108,Cooling system,Inspect coolant level and radiator,temperature signal is elevated (SHAP=-3.811),31,Low,2026-06-28 20:56:45
Vehicle_1408,80.44755575790879,86.37385091218546,82.22544430419178,19.657219,76.61003676495216,0.0002,0.0%,LOW,124,2480,temperature,-3.8302,Cooling system,Inspect coolant level and radiator,temperature signal is elevated (SHAP=-3.830),31,Low,2026-06-28 20:56:45
Vehicle_1409,96.1144028094713,78.76147998962372,90.90852596351702,21.666563,86.29741157603496,0.0002,0.0%,LOW,124,2480,temperature,-3.7504,Cooling system,Inspect coolant level and radiator,temperature signal is elevated (SHAP=-3.750),31,Low,2026-06-28 20:56:45
Vehicle_1410,77.10538269795347,100.0,83.97376788856744,21.381533,78.38426073314045,0.0002,0.0%,LOW,124,2480,temperature,-3.7718,Cooling system,Inspect coolant level and radiator,temperature signal is elevated (SHAP=-3.772),31,Low,2026-06-28 20:56:45
Vehicle_1411,60.0,72.47268840483308,63.74180652144992,1.3866603,56.73962159383657,0.0061,0.6%,LOW,124,2480,temperature,-6.5494,Cooling system,Inspect coolant level and radiator,temperature signal is elevated (SHAP=-6.549),31,Low,2026-06-28 20:56:45
Vehicle_1412,30.0,87.76694241563865,47.33008272469159,1.2520909,49.951438117942686,0.9995,100.0%,CRITICAL,5,100,temperature,4.6773,Cooling system,Inspect coolant level and radiator,temperature signal is rapidly deteriorating (SHAP=4.677),1,Immediate,2026-06-28 20:56:45
Vehicle_1413,80.0,79.22347410691918,79.76704223207575,20.411087,67.70492016062929,0.0004,0.0%,LOW,124,2480,temperature,-6.034,Cooling system,Inspect coolant level and radiator,temperature signal is elevated (SHAP=-6.034),31,Low,2026-06-28 20:56:45
Vehicle_1414,60.0,91.6056349535162,69.48169048605486,2.43814,64.01014128233615,0.0112,1.1%,LOW,123,2460,temperature,-6.4288,Cooling system,Inspect coolant level and radiator,temperature signal is elevated (SHAP=-6.429),30,Low,2026-06-28 20:56:45
Vehicle_1415,68.45995562834918,48.4743041609154,62.46426018811904,5.9942245,59.1734169450545,0.0033,0.3%,LOW,124,2480,fault_count,-6.118,ECU fault logs,Review and clear fault codes,fault_count signal is elevated (SHAP=-6.118),31,Low,2026-06-28 20:56:45
Vehicle_1416,99.37861036375251,70.33037630792978,90.6641401470057,99.72076,88.46455934978937,0.0002,0.0%,LOW,124,2480,temperature,-3.807,Cooling system,Inspect coolant level and radiator,temperature signal is elevated (SHAP=-3.807),31,Low,2026-06-28 20:56:45
Vehicle_1417,50.0,77.32193125021922,58.19657937506577,1.3073921,52.382333875083305,0.9996,100.0%,CRITICAL,5,100,temperature,4.6862,Cooling system,Inspect coolant level and radiator,temperature signal is rapidly deteriorating (SHAP=4.686),1,Immediate,2026-06-28 20:56:45
Vehicle_1418,75.13529151164045,75.73636690853976,75.31561413071023,17.09106,72.3366418601341,0.0002,0.0%,LOW,124,2480,temperature,-3.8213,Cooling system,Inspect coolant level and radiator,temperature signal is elevated (SHAP=-3.821),31,Low,2026-06-28 20:56:45
Vehicle_1419,58.610395518589,84.91475910144533,66.5017045934459,2.9380739,64.8839745763566,0.0005,0.1%,LOW,124,2480,temperature,-4.2303,Cooling system,Inspect coolant level and radiator,temperature signal is elevated (SHAP=-4.230),31,Low,2026-06-28 20:56:45
Vehicle_1420,100.0,75.59707702539824,92.67912310761947,99.692085,90.72688926965132,0.0002,0.0%,LOW,124,2480,temperature,-3.8104,Cooling system,Inspect coolant level and radiator,temperature signal is elevated (SHAP=-3.810),31,Low,2026-06-28 20:56:45
Vehicle_1421,80.0,100.0,86.0,17.233616,75.6,0.0005,0.1%,LOW,124,2480,temperature,-5.9391,Cooling system,Inspect coolant level and radiator,temperature signal is elevated (SHAP=-5.939),31,Low,2026-06-28 20:56:45
Vehicle_1422,80.0,78.83076572724678,79.64922971817404,20.411087,67.55569097635379,0.0004,0.0%,LOW,124,2480,temperature,-6.009,Cooling system,Inspect coolant level and radiator,temperature signal is elevated (SHAP=-6.009),31,Low,2026-06-28 20:56:45
Vehicle_1423,78.28408211041449,77.0020443580434,77.89947078470317,12.287563,64.14009134243058,0.0004,0.0%,LOW,124,2480,temperature,-6.094,Cooling system,Inspect coolant level and radiator,temperature signal is elevated (SHAP=-6.094),31,Low,2026-06-28 20:56:45
Vehicle_1424,71.27181882718546,85.26601374206507,75.47007730164934,21.666563,80.33524912940263,0.0014,0.1%,LOW,124,2480,fault_count,-6.0987,ECU fault logs,Review and clear fault codes,fault_count signal is elevated (SHAP=-6.099),31,Low,2026-06-28 20:56:45
Vehicle_1425,60.0,100.0,72.0,3.883177,67.19999999999999,0.0007,0.1%,LOW,124,2480,temperature,-6.1393,Cooling system,Inspect coolant level and radiator,temperature signal is elevated (SHAP=-6.139),31,Low,2026-06-28 20:56:45
Vehicle_1426,85.0,95.29545686457163,88.08863705937148,14.993679,79.91227360853722,0.0002,0.0%,LOW,124,2480,temperature,-3.8261,Cooling system,Inspect coolant level and radiator,temperature signal is elevated (SHAP=-3.826),31,Low,2026-06-28 20:56:45
Vehicle_1427,85.26718812845061,73.24228012291793,81.65971572679081,13.129557,81.64428546065807,0.0002,0.0%,LOW,124,2480,temperature,-3.8213,Cooling system,Inspect coolant level and radiator,temperature signal is elevated (SHAP=-3.821),31,Low,2026-06-28 20:56:46
Vehicle_1428,72.36547760815623,68.10476129551678,71.08726271436439,8.9802265,66.27330988772198,0.0002,0.0%,LOW,124,2480,temperature,-4.0026,Cooling system,Inspect coolant level and radiator,temperature signal is elevated (SHAP=-4.003),31,Low,2026-06-28 20:56:46
Vehicle_1429,85.36021414656642,72.89531041224876,81.62074302627113,13.129557,75.55150789821244,0.0002,0.0%,LOW,124,2480,temperature,-3.8296,Cooling system,Inspect coolant level and radiator,temperature signal is elevated (SHAP=-3.830),31,Low,2026-06-28 20:56:46
Vehicle_1430,66.03583279380018,65.6253391469466,65.9126846997441,6.098384,60.672678649235785,0.0003,0.0%,LOW,124,2480,temperature,-3.9808,Cooling system,Inspect coolant level and radiator,temperature signal is elevated (SHAP=-3.981),31,Low,2026-06-28 20:56:46
Vehicle_1431,63.810214921086285,66.0,64.46715044476039,99.74421,71.88029026685624,0.0002,0.0%,LOW,124,2480,temperature,-3.7384,Cooling system,Inspect coolant level and radiator,temperature signal is elevated (SHAP=-3.738),31,Low,2026-06-28 20:56:46
Vehicle_1432,90.0,100.0,93.0,19.392086,85.8,0.0002,0.0%,LOW,124,2480,temperature,-3.831,Cooling system,Inspect coolant level and radiator,temperature signal is elevated (SHAP=-3.831),31,Low,2026-06-28 20:56:46
Vehicle_1433,71.79768426056252,77.53326160275078,73.51835746321899,24.303907,67.61766679848155,0.0002,0.0%,LOW,124,2480,temperature,-3.8333,Cooling system,Inspect coolant level and radiator,temperature signal is elevated (SHAP=-3.833),31,Low,2026-06-28 20:56:46
Vehicle_1434,80.0,82.43786787687668,80.731360363063,20.052576,70.92638979321313,0.0003,0.0%,LOW,124,2480,temperature,-5.8089,Cooling system,Inspect coolant level and radiator,temperature signal is elevated (SHAP=-5.809),31,Low,2026-06-28 20:56:46
Vehicle_1435,51.93291262604832,78.13271209208402,59.79285246585903,2.4441957,57.50225389793222,0.0022,0.2%,LOW,124,2480,temperature,-6.2911,Cooling system,Inspect coolant level and radiator,temperature signal is elevated (SHAP=-6.291),31,Low,2026-06-28 20:56:46
Vehicle_1436,85.0,77.13328992971829,82.63998697891547,19.30874,73.01065017329294,0.0002,0.0%,LOW,124,2480,temperature,-3.8296,Cooling system,Inspect coolant level and radiator,temperature signal is elevated (SHAP=-3.830),31,Low,2026-06-28 20:56:46
Vehicle_1437,80.0,46.270470575177626,69.88114117255328,6.6779795,57.1827788185675,0.0004,0.0%,LOW,124,2480,temperature,-5.8699,Cooling system,Inspect coolant level and radiator,temperature signal is elevated (SHAP=-5.870),31,Low,2026-06-28 20:56:46
Vehicle_1438,100.0,87.00565235705882,96.10169570711764,99.703865,95.06214789568234,0.0002,0.0%,LOW,124,2480,temperature,-3.8296,Cooling system,Inspect coolant level and radiator,temperature signal is elevated (SHAP=-3.830),31,Low,2026-06-28 20:56:46
Vehicle_1439,80.0,94.7332018397482,84.41996055192446,19.392086,75.59861669910433,0.0004,0.0%,LOW,124,2480,temperature,-5.8254,Cooling system,Inspect coolant level and radiator,temperature signal is elevated (SHAP=-5.825),31,Low,2026-06-28 20:56:46
Vehicle_1440,78.42471939423542,100.0,84.8973035759648,18.618567,84.93838214557888,0.0002,0.0%,LOW,124,2480,temperature,-3.8548,Cooling system,Inspect coolant level and radiator,temperature signal is elevated (SHAP=-3.855),31,Low,2026-06-28 20:56:46
Vehicle_1441,70.95643627429814,100.0,79.66950539200869,24.863546,77.80170323520521,0.0002,0.0%,LOW,124,2480,temperature,-3.7875,Cooling system,Inspect coolant level and radiator,temperature signal is elevated (SHAP=-3.788),31,Low,2026-06-28 20:56:46
Vehicle_1442,89.18224967029477,100.0,92.42757476920632,16.919046,85.4565448615238,0.0003,0.0%,LOW,124,2480,temperature,-3.8314,Cooling system,Inspect coolant level and radiator,temperature signal is elevated (SHAP=-3.831),31,Low,2026-06-28 20:56:46
Vehicle_1443,80.0,84.77612533663138,81.43283760098942,21.125496,67.81492762791993,0.0004,0.0%,LOW,124,2480,temperature,-6.034,Cooling system,Inspect coolant level and radiator,temperature signal is elevated (SHAP=-6.034),31,Low,2026-06-28 20:56:46
Vehicle_1444,80.0,100.0,86.0,16.85328,85.6,0.0028,0.3%,LOW,124,2480,fault_count,-6.1371,ECU fault logs,Review and clear fault codes,fault_count signal is elevated (SHAP=-6.137),31,Low,2026-06-28 20:56:46
Vehicle_1445,93.16668942688229,85.9942605402772,91.01496076090076,24.714924,85.8078285645959,0.0002,0.0%,LOW,124,2480,temperature,-3.7598,Cooling system,Inspect coolant level and radiator,temperature signal is elevated (SHAP=-3.760),31,Low,2026-06-28 20:56:46
Vehicle_1446,80.0,100.0,86.0,19.392086,77.6,0.0004,0.0%,LOW,124,2480,temperature,-5.8137,Cooling system,Inspect coolant level and radiator,temperature signal is elevated (SHAP=-5.814),31,Low,2026-06-28 20:56:46
Vehicle_1447,35.0,82.40634076167339,49.22190222850202,2.0158052,54.01440948943589,0.0211,2.1%,LOW,122,2440,fault_count,-6.9301,ECU fault logs,Review and clear fault codes,fault_count signal is elevated (SHAP=-6.930),30,Low,2026-06-28 20:56:46
Vehicle_1448,80.0,93.0143897647751,83.90431692943253,17.152506,82.94546811061454,0.003,0.3%,LOW,124,2480,fault_count,-6.1384,ECU fault logs,Review and clear fault codes,fault_count signal is elevated (SHAP=-6.138),31,Low,2026-06-28 20:56:46
Vehicle_1449,100.0,73.9208108388093,92.1762432516428,17.09106,84.08990811874753,0.0002,0.0%,LOW,124,2480,temperature,-3.8049,Cooling system,Inspect coolant level and radiator,temperature signal is elevated (SHAP=-3.805),31,Low,2026-06-28 20:56:46
Vehicle_1450,80.0,100.0,86.0,19.047188,75.6,0.0005,0.1%,LOW,124,2480,temperature,-5.9584,Cooling system,Inspect coolant level and radiator,temperature signal is elevated (SHAP=-5.958),31,Low,2026-06-28 20:56:46
Vehicle_1451,49.61682486774379,68.09311949169299,55.15971325492855,3.0581057,50.71445185129573,0.0012,0.1%,LOW,124,2480,temperature,-6.1653,Cooling system,Inspect coolant level and radiator,temperature signal is elevated (SHAP=-6.165),31,Low,2026-06-28 20:56:46
Vehicle_1452,94.70305254570394,100.0,96.29213678199277,17.470497,95.77528206919564,0.0003,0.0%,LOW,124,2480,temperature,-3.8496,Cooling system,Inspect coolant level and radiator,temperature signal is elevated (SHAP=-3.850),31,Low,2026-06-28 20:56:46
Vehicle_1453,100.0,88.67846217700672,96.60353865310202,20.079834,89.69781562726256,0.0002,0.0%,LOW,124,2480,temperature,-3.8216,Cooling system,Inspect coolant level and radiator,temperature signal is elevated (SHAP=-3.822),31,Low,2026-06-28 20:56:46
Vehicle_1454,63.26063192724233,68.54854189904171,64.84700491878213,10.511684,58.61791133107762,0.0003,0.0%,LOW,124,2480,temperature,-5.8833,Cooling system,Inspect coolant level and radiator,temperature signal is elevated (SHAP=-5.883),31,Low,2026-06-28 20:56:46
Vehicle_1455,80.0,79.3385394278896,79.80156182836689,17.09106,81.74864498259805,0.0028,0.3%,LOW,124,2480,fault_count,-6.1294,ECU fault logs,Review and clear fault codes,fault_count signal is elevated (SHAP=-6.129),31,Low,2026-06-28 20:56:46
Vehicle_1456,90.75800003458347,67.0,83.63060002420842,25.600946,81.57836001452505,0.0002,0.0%,LOW,124,2480,temperature,-3.7346,Cooling system,Inspect coolant level and radiator,temperature signal is elevated (SHAP=-3.735),31,Low,2026-06-28 20:56:46
Vehicle_1457,70.0,100.0,79.0,16.85328,85.4,0.0027,0.3%,LOW,124,2480,fault_count,-6.1623,ECU fault logs,Review and clear fault codes,fault_count signal is elevated (SHAP=-6.162),31,Low,2026-06-28 20:56:46
Vehicle_1458,87.36416181513465,68.2521348300679,81.63055371961462,19.30874,72.62875919778236,0.0002,0.0%,LOW,124,2480,temperature,-3.7882,Cooling system,Inspect coolant level and radiator,temperature signal is elevated (SHAP=-3.788),31,Low,2026-06-28 20:56:46
Vehicle_1459,45.91680242393841,94.53301649237758,60.50166664447016,3.9894402,67.2076032851576,0.0064,0.6%,LOW,124,2480,fault_count,-6.6966,ECU fault logs,Review and clear fault codes,fault_count signal is elevated (SHAP=-6.697),31,Low,2026-06-28 20:56:46
Vehicle_1460,79.2804173186812,100.0,85.49629212307684,16.62497,85.2977752738461,0.0002,0.0%,LOW,124,2480,temperature,-3.7763,Cooling system,Inspect coolant level and radiator,temperature signal is elevated (SHAP=-3.776),31,Low,2026-06-28 20:56:46
Vehicle_1461,81.11118280251657,71.39559412311345,78.19650619869563,13.129557,79.19702254384006,0.0002,0.0%,LOW,124,2480,temperature,-3.8213,Cooling system,Inspect coolant level and radiator,temperature signal is elevated (SHAP=-3.821),31,Low,2026-06-28 20:56:46
Vehicle_1462,71.09661545757068,87.32628906509757,75.96551753982874,15.826941,71.04456833691675,0.0002,0.0%,LOW,124,2480,temperature,-3.8,Cooling system,Inspect coolant level and radiator,temperature signal is elevated (SHAP=-3.800),31,Low,2026-06-28 20:56:46
Vehicle_1463,68.43930146709391,70.2444509363857,68.98084630788145,6.8597555,59.43739797200601,0.0004,0.0%,LOW,124,2480,temperature,-6.0425,Cooling system,Inspect coolant level and radiator,temperature signal is elevated (SHAP=-6.043),31,Low,2026-06-28 20:56:46
Vehicle_1464,70.33979031408708,85.34210770230524,74.84048553055253,20.83168,77.97271285879256,0.0002,0.0%,LOW,124,2480,temperature,-3.7323,Cooling system,Inspect coolant level and radiator,temperature signal is elevated (SHAP=-3.732),31,Low,2026-06-28 20:56:46
Vehicle_1465,55.397619959963805,100.0,68.77833397197466,6.4389825,69.2670003831848,0.0002,0.0%,LOW,124,2480,temperature,-3.7862,Cooling system,Inspect coolant level and radiator,temperature signal is elevated (SHAP=-3.786),31,Low,2026-06-28 20:56:46
Vehicle_1466,80.0,67.0,76.1,14.256514,65.06,0.0004,0.0%,LOW,124,2480,temperature,-5.9739,Cooling system,Inspect coolant level and radiator,temperature signal is elevated (SHAP=-5.974),31,Low,2026-06-28 20:56:46
Vehicle_1467,85.3076872200845,87.38194808825551,85.9299654805358,25.600946,79.03436890597258,0.0002,0.0%,LOW,124,2480,temperature,-3.7598,Cooling system,Inspect coolant level and radiator,temperature signal is elevated (SHAP=-3.760),31,Low,2026-06-28 20:56:46
Vehicle_1468,70.0,81.65714740300172,73.49714422090051,19.657219,70.42971601314065,0.0002,0.0%,LOW,124,2480,temperature,-3.7953,Cooling system,Inspect coolant level and radiator,temperature signal is elevated (SHAP=-3.795),31,Low,2026-06-28 20:56:46
Vehicle_1469,100.0,91.04654897166884,97.31396469150064,19.392086,94.59768860923415,0.0002,0.0%,LOW,124,2480,temperature,-3.8213,Cooling system,Inspect coolant level and radiator,temperature signal is elevated (SHAP=-3.821),31,Low,2026-06-28 20:56:46
Vehicle_1470,80.0,93.89583741119505,84.16875122335851,20.138336,71.28041821625412,0.0005,0.1%,LOW,124,2480,temperature,-5.9299,Cooling system,Inspect coolant level and radiator,temperature signal is elevated (SHAP=-5.930),31,Low,2026-06-28 20:56:46
Vehicle_1471,62.91280130730982,74.83389881891179,66.48913056079041,6.098384,56.8602581002566,0.0004,0.0%,LOW,124,2480,temperature,-6.0568,Cooling system,Inspect coolant level and radiator,temperature signal is elevated (SHAP=-6.057),31,Low,2026-06-28 20:56:46
Vehicle_1472,60.0,100.0,72.0,3.5469651,69.19999999999999,0.0019,0.2%,LOW,124,2480,temperature,-6.0868,Cooling system,Inspect coolant level and radiator,temperature signal is elevated (SHAP=-6.087),31,Low,2026-06-28 20:56:46
Vehicle_1473,80.0,76.01811641400323,78.80543492420097,14.256514,64.48688423732122,0.0004,0.0%,LOW,124,2480,temperature,-6.1034,Cooling system,Inspect coolant level and radiator,temperature signal is elevated (SHAP=-6.103),31,Low,2026-06-28 20:56:46
Vehicle_1474,77.59195133469409,68.31683303749455,74.80941584553422,20.949203,66.54901611481944,0.0002,0.0%,LOW,124,2480,temperature,-3.9158,Cooling system,Inspect coolant level and radiator,temperature signal is elevated (SHAP=-3.916),31,Low,2026-06-28 20:56:46
Vehicle_1475,73.58171874268834,97.85822504132844,80.86467063228037,17.713797,76.0904473876339,0.0002,0.0%,LOW,124,2480,temperature,-3.7959,Cooling system,Inspect coolant level and radiator,temperature signal is elevated (SHAP=-3.796),31,Low,2026-06-28 20:56:46
Vehicle_1476,73.56837836613907,72.46741106618745,73.23808817615358,18.240112,62.43633511892964,0.0004,0.0%,LOW,124,2480,temperature,-6.0012,Cooling system,Inspect coolant level and radiator,temperature signal is elevated (SHAP=-6.001),31,Low,2026-06-28 20:56:46
Vehicle_1477,47.33777529599081,100.0,63.13644270719357,99.47983,77.88186562431613,0.002,0.2%,LOW,124,2480,fault_count,-6.194,ECU fault logs,Review and clear fault codes,fault_count signal is elevated (SHAP=-6.194),31,Low,2026-06-28 20:56:46
Vehicle_1478,100.0,91.5143698954506,97.45431096863516,20.138336,92.7754605602712,0.0002,0.0%,LOW,124,2480,temperature,-3.8088,Cooling system,Inspect coolant level and radiator,temperature signal is elevated (SHAP=-3.809),31,Low,2026-06-28 20:56:47
Vehicle_1479,100.0,67.0,90.1,17.961098,83.46,0.0002,0.0%,LOW,124,2480,temperature,-3.8213,Cooling system,Inspect coolant level and radiator,temperature signal is elevated (SHAP=-3.821),31,Low,2026-06-28 20:56:47
Vehicle_1480,55.0,93.55673557175568,66.5670206715267,2.5246143,66.65155951726716,0.0342,3.4%,LOW,120,2400,fault_count,-7.2231,ECU fault logs,Review and clear fault codes,fault_count signal is elevated (SHAP=-7.223),30,Low,2026-06-28 20:56:47
Vehicle_1481,76.50064975960356,67.0,73.65045483172248,21.746206,73.5902728990335,0.0002,0.0%,LOW,124,2480,temperature,-3.7202,Cooling system,Inspect coolant level and radiator,temperature signal is elevated (SHAP=-3.720),31,Low,2026-06-28 20:56:47
Vehicle_1482,93.10060779450724,100.0,95.17042545615509,19.783419,91.10225527369305,0.0003,0.0%,LOW,124,2480,temperature,-3.8316,Cooling system,Inspect coolant level and radiator,temperature signal is elevated (SHAP=-3.832),31,Low,2026-06-28 20:56:47
Vehicle_1483,76.17639872176566,87.64621356736521,79.61734317544553,21.291887,77.29964861874036,0.0002,0.0%,LOW,124,2480,temperature,-3.76,Cooling system,Inspect coolant level and radiator,temperature signal is elevated (SHAP=-3.760),31,Low,2026-06-28 20:56:47
Vehicle_1484,73.98040993361634,100.0,81.78628695353143,23.994816,75.07177217211886,0.0004,0.0%,LOW,124,2480,temperature,-5.7704,Cooling system,Inspect coolant level and radiator,temperature signal is elevated (SHAP=-5.770),31,Low,2026-06-28 20:56:47
Vehicle_1485,76.67171409164393,96.9836082131662,82.76528232810061,17.152506,79.0558910394936,0.0002,0.0%,LOW,124,2480,temperature,-3.8435,Cooling system,Inspect coolant level and radiator,temperature signal is elevated (SHAP=-3.844),31,Low,2026-06-28 20:56:47
Vehicle_1486,100.0,74.24857364717491,92.27457209415248,99.68493,90.21445798592649,0.0002,0.0%,LOW,124,2480,temperature,-3.8296,Cooling system,Inspect coolant level and radiator,temperature signal is elevated (SHAP=-3.830),31,Low,2026-06-28 20:56:47
Vehicle_1487,68.11759689744254,67.0,67.78231782820977,10.334224,62.06939069692586,0.0002,0.0%,LOW,124,2480,temperature,-3.9984,Cooling system,Inspect coolant level and radiator,temperature signal is elevated (SHAP=-3.998),31,Low,2026-06-28 20:56:47
Vehicle_1488,75.0,78.50923076631295,76.05276922989388,24.714924,73.33350769119892,0.0002,0.0%,LOW,124,2480,temperature,-3.7477,Cooling system,Inspect coolant level and radiator,temperature signal is elevated (SHAP=-3.748),31,Low,2026-06-28 20:56:47
Vehicle_1489,96.98482430573311,71.59923305329883,89.36914693000283,21.666563,85.94133476866146,0.0002,0.0%,LOW,124,2480,temperature,-3.7557,Cooling system,Inspect coolant level and radiator,temperature signal is elevated (SHAP=-3.756),31,Low,2026-06-28 20:56:47
Vehicle_1490,69.675026581878,100.0,78.7725186073146,21.010471,75.26351116438875,0.0002,0.0%,LOW,124,2480,temperature,-3.7786,Cooling system,Inspect coolant level and radiator,temperature signal is elevated (SHAP=-3.779),31,Low,2026-06-28 20:56:47
Vehicle_1491,90.9031609665666,91.57980812187752,91.10615511315989,19.392086,88.97965469227142,0.0002,0.0%,LOW,124,2480,temperature,-3.7912,Cooling system,Inspect coolant level and radiator,temperature signal is elevated (SHAP=-3.791),31,Low,2026-06-28 20:56:47
Vehicle_1492,92.0725237883246,76.75910578384689,87.47849838698127,16.77857,79.83892018895814,0.0003,0.0%,LOW,124,2480,temperature,-3.7987,Cooling system,Inspect coolant level and radiator,temperature signal is elevated (SHAP=-3.799),31,Low,2026-06-28 20:56:47
Vehicle_1493,68.35556026228909,75.75274797925694,70.57471657737943,12.3789425,59.495379542279046,0.0004,0.0%,LOW,124,2480,temperature,-5.9871,Cooling system,Inspect coolant level and radiator,temperature signal is elevated (SHAP=-5.987),31,Low,2026-06-28 20:56:47
Vehicle_1494,100.0,88.7854864433694,96.63564593301082,20.138336,91.73848484848035,0.0002,0.0%,LOW,124,2480,temperature,-3.8213,Cooling system,Inspect coolant level and radiator,temperature signal is elevated (SHAP=-3.821),31,Low,2026-06-28 20:56:47
Vehicle_1495,80.0,91.21165412860306,83.36349623858092,20.138336,72.26042856886916,0.0004,0.0%,LOW,124,2480,temperature,-5.9299,Cooling system,Inspect coolant level and radiator,temperature signal is elevated (SHAP=-5.930),31,Low,2026-06-28 20:56:47
Vehicle_1496,95.0,100.0,96.5,19.392086,89.9,0.0003,0.0%,LOW,124,2480,temperature,-3.8503,Cooling system,Inspect coolant level and radiator,temperature signal is elevated (SHAP=-3.850),31,Low,2026-06-28 20:56:47
Vehicle_1497,80.0,96.89180846863088,85.06754254058927,19.392086,72.41888721807973,0.0005,0.1%,LOW,124,2480,temperature,-5.9258,Cooling system,Inspect coolant level and radiator,temperature signal is elevated (SHAP=-5.926),31,Low,2026-06-28 20:56:47
Vehicle_1498,80.0,74.30399158263504,78.29119747479051,16.908228,65.83551680140131,0.0004,0.0%,LOW,124,2480,temperature,-6.0847,Cooling system,Inspect coolant level and radiator,temperature signal is elevated (SHAP=-6.085),31,Low,2026-06-28 20:56:47
Vehicle_1499,68.64068931026847,100.0,78.04848251718792,17.233616,70.82908951031274,0.0005,0.1%,LOW,124,2480,temperature,-5.9459,Cooling system,Inspect coolant level and radiator,temperature signal is elevated (SHAP=-5.946),31,Low,2026-06-28 20:56:47
Vehicle_1500,100.0,86.91854426672586,96.07556328001776,19.657219,91.02904682135582,0.0002,0.0%,LOW,124,2480,temperature,-3.8213,Cooling system,Inspect coolant level and radiator,temperature signal is elevated (SHAP=-3.821),31,Low,2026-06-28 20:56:47
Vehicle_1501,60.0,84.2339179560353,67.27017538681059,6.5471115,63.20888882329342,0.0003,0.0%,LOW,124,2480,temperature,-5.8527,Cooling system,Inspect coolant level and radiator,temperature signal is elevated (SHAP=-5.853),31,Low,2026-06-28 20:56:47
Vehicle_1502,100.0,67.0,90.1,15.826941,81.46,0.0002,0.0%,LOW,124,2480,temperature,-3.8197,Cooling system,Inspect coolant level and radiator,temperature signal is elevated (SHAP=-3.820),31,Low,2026-06-28 20:56:47
Vehicle_1503,60.0,100.0,72.0,1.9731224,65.19999999999999,0.0213,2.1%,LOW,122,2440,temperature,-6.4456,Cooling system,Inspect coolant level and radiator,temperature signal is elevated (SHAP=-6.446),30,Low,2026-06-28 20:56:47
Vehicle_1504,59.92638263596004,93.41670855442106,69.97348041149834,6.9651423,62.66742995778322,0.0005,0.1%,LOW,124,2480,temperature,-5.9819,Cooling system,Inspect coolant level and radiator,temperature signal is elevated (SHAP=-5.982),31,Low,2026-06-28 20:56:47
Vehicle_1505,81.55143531996445,93.39877333393142,85.10563672415454,21.010471,77.743136701279,0.0002,0.0%,LOW,124,2480,temperature,-3.7598,Cooling system,Inspect coolant level and radiator,temperature signal is elevated (SHAP=-3.760),31,Low,2026-06-28 20:56:47
Vehicle_1506,75.0384167679083,66.1134494424765,72.36092657027875,8.166957,58.63924583066255,0.0004,0.0%,LOW,124,2480,temperature,-6.0794,Cooling system,Inspect coolant level and radiator,temperature signal is elevated (SHAP=-6.079),31,Low,2026-06-28 20:56:47
Vehicle_1507,88.22246954658326,82.2589056378091,86.433400373951,22.448427,78.31182135193242,0.0002,0.0%,LOW,124,2480,temperature,-3.8133,Cooling system,Inspect coolant level and radiator,temperature signal is elevated (SHAP=-3.813),31,Low,2026-06-28 20:56:47
Vehicle_1508,100.0,75.46916276880124,92.64074883064038,99.692085,90.67828185214448,0.0002,0.0%,LOW,124,2480,temperature,-3.8217,Cooling system,Inspect coolant level and radiator,temperature signal is elevated (SHAP=-3.822),31,Low,2026-06-28 20:56:47
Vehicle_1509,50.0,99.39215437360018,64.81764631208006,1.9582272,62.76901866196807,0.9996,100.0%,CRITICAL,5,100,temperature,4.6887,Cooling system,Inspect coolant level and radiator,temperature signal is rapidly deteriorating (SHAP=4.689),1,Immediate,2026-06-28 20:56:47
Vehicle_1510,85.12105042004958,79.62580059135242,83.47247547144043,17.09106,76.00864540113474,0.0002,0.0%,LOW,124,2480,temperature,-3.8092,Cooling system,Inspect coolant level and radiator,temperature signal is elevated (SHAP=-3.809),31,Low,2026-06-28 20:56:47
Vehicle_1511,100.0,87.93797879181912,96.38139363754571,99.67958,95.41643194089126,0.0002,0.0%,LOW,124,2480,temperature,-3.8183,Cooling system,Inspect coolant level and radiator,temperature signal is elevated (SHAP=-3.818),31,Low,2026-06-28 20:56:47
Vehicle_1512,80.10410496190309,100.0,86.07287347333215,99.67958,91.64372408399927,0.0003,0.0%,LOW,124,2480,temperature,-3.7984,Cooling system,Inspect coolant level and radiator,temperature signal is elevated (SHAP=-3.798),31,Low,2026-06-28 20:56:47
Vehicle_1513,63.13184270056962,90.44692601321164,71.32636769436223,12.141043,66.88520581925967,0.0004,0.0%,LOW,124,2480,temperature,-5.9173,Cooling system,Inspect coolant level and radiator,temperature signal is elevated (SHAP=-5.917),31,Low,2026-06-28 20:56:47
Vehicle_1514,80.0,59.35951552499458,73.80785465749837,10.098118,58.156615899497936,0.0004,0.0%,LOW,124,2480,temperature,-6.0596,Cooling system,Inspect coolant level and radiator,temperature signal is elevated (SHAP=-6.060),31,Low,2026-06-28 20:56:47
Vehicle_1515,85.0,95.0238569859715,88.00715709579144,20.138336,79.80906565466917,0.0002,0.0%,LOW,124,2480,temperature,-3.8296,Cooling system,Inspect coolant level and radiator,temperature signal is elevated (SHAP=-3.830),31,Low,2026-06-28 20:56:47
Vehicle_1516,95.0,69.3201240948513,87.29603722845539,19.657219,78.2416471560435,0.0002,0.0%,LOW,124,2480,temperature,-3.8172,Cooling system,Inspect coolant level and radiator,temperature signal is elevated (SHAP=-3.817),31,Low,2026-06-28 20:56:47
Vehicle_1517,100.0,95.58985209980764,98.67695562994228,19.392086,92.3241437979269,0.0002,0.0%,LOW,124,2480,temperature,-3.8261,Cooling system,Inspect coolant level and radiator,temperature signal is elevated (SHAP=-3.826),31,Low,2026-06-28 20:56:47
Vehicle_1518,75.0,67.0,72.6,17.715132,68.96,0.0002,0.0%,LOW,124,2480,temperature,-3.8998,Cooling system,Inspect coolant level and radiator,temperature signal is elevated (SHAP=-3.900),31,Low,2026-06-28 20:56:47
Vehicle_1519,80.0,74.79250516026786,78.43775154808036,19.399792,76.02115196090179,0.0002,0.0%,LOW,124,2480,temperature,-3.743,Cooling system,Inspect coolant level and radiator,temperature signal is elevated (SHAP=-3.743),31,Low,2026-06-28 20:56:47
Vehicle_1520,99.84787299319976,33.0,79.79351109523984,18.207146,70.4761066571439,0.0002,0.0%,LOW,124,2480,temperature,-3.7856,Cooling system,Inspect coolant level and radiator,temperature signal is elevated (SHAP=-3.786),31,Low,2026-06-28 20:56:47
Vehicle_1521,89.77544671714821,88.86057028092029,89.50098378627983,24.863546,89.47270432795196,0.0002,0.0%,LOW,124,2480,temperature,-3.732,Cooling system,Inspect coolant level and radiator,temperature signal is elevated (SHAP=-3.732),31,Low,2026-06-28 20:56:47
Vehicle_1522,90.0,87.27980412710794,89.18394123813238,21.067917,80.96632556830102,0.0003,0.0%,LOW,124,2480,temperature,-3.8473,Cooling system,Inspect coolant level and radiator,temperature signal is elevated (SHAP=-3.847),31,Low,2026-06-28 20:56:47
Vehicle_1523,100.0,89.81823509215631,96.94547052764688,17.152506,92.1309293350194,0.0002,0.0%,LOW,124,2480,temperature,-3.8133,Cooling system,Inspect coolant level and radiator,temperature signal is elevated (SHAP=-3.813),31,Low,2026-06-28 20:56:47
Vehicle_1524,81.94551900959387,100.0,87.3618633067157,19.392086,90.41711798402945,0.0003,0.0%,LOW,124,2480,temperature,-3.8092,Cooling system,Inspect coolant level and radiator,temperature signal is elevated (SHAP=-3.809),31,Low,2026-06-28 20:56:47
Vehicle_1525,97.9090618500168,100.0,98.53634329501176,19.701874,95.12180597700704,0.0003,0.0%,LOW,124,2480,temperature,-3.8285,Cooling system,Inspect coolant level and radiator,temperature signal is elevated (SHAP=-3.829),31,Low,2026-06-28 20:56:47
Vehicle_1526,40.0,97.80156747968324,57.34047024390497,1.5763402,59.964595642279626,0.0038,0.4%,LOW,124,2480,temperature,-6.2819,Cooling system,Inspect coolant level and radiator,temperature signal is elevated (SHAP=-6.282),31,Low,2026-06-28 20:56:47
Vehicle_1527,70.0,68.39949902914249,69.51984970874275,11.63044,65.39180963107415,0.0002,0.0%,LOW,124,2480,temperature,-3.985,Cooling system,Inspect coolant level and radiator,temperature signal is elevated (SHAP=-3.985),31,Low,2026-06-28 20:56:47
Vehicle_1528,83.23388076636667,81.39511805485868,82.68225195291427,14.055753,77.8883747827203,0.0002,0.0%,LOW,124,2480,temperature,-3.7912,Cooling system,Inspect coolant level and radiator,temperature signal is elevated (SHAP=-3.791),31,Low,2026-06-28 20:56:47
Vehicle_1529,73.03149497963815,91.7608604356796,78.65030461645058,19.783419,75.54235485700627,0.0002,0.0%,LOW,124,2480,temperature,-3.7887,Cooling system,Inspect coolant level and radiator,temperature signal is elevated (SHAP=-3.789),31,Low,2026-06-28 20:56:47
Vehicle_1530,78.75484919482108,81.30723835319475,79.52056594233318,21.291887,73.97378723603886,0.0002,0.0%,LOW,124,2480,temperature,-3.7568,Cooling system,Inspect coolant level and radiator,temperature signal is elevated (SHAP=-3.757),31,Low,2026-06-28 20:56:47
Vehicle_1531,88.33919314474275,82.54156450307835,86.59990455224343,17.09106,80.46825563196172,0.0002,0.0%,LOW,124,2480,temperature,-3.8213,Cooling system,Inspect coolant level and radiator,temperature signal is elevated (SHAP=-3.821),31,Low,2026-06-28 20:56:47
Vehicle_1532,80.0,100.0,86.0,17.86177,75.6,0.0005,0.1%,LOW,124,2480,temperature,-5.9182,Cooling system,Inspect coolant level and radiator,temperature signal is elevated (SHAP=-5.918),31,Low,2026-06-28 20:56:47
Vehicle_1533,51.138813600819134,100.0,65.79716952057339,3.4970999,65.47830171234403,0.0011,0.1%,LOW,124,2480,temperature,-6.0873,Cooling system,Inspect coolant level and radiator,temperature signal is elevated (SHAP=-6.087),31,Low,2026-06-28 20:56:47
Vehicle_1534,100.0,67.0,90.1,20.411087,85.46,0.0002,0.0%,LOW,124,2480,temperature,-3.8213,Cooling system,Inspect coolant level and radiator,temperature signal is elevated (SHAP=-3.821),31,Low,2026-06-28 20:56:47
Vehicle_1535,50.0,78.2502029546464,58.47506088639392,1.2731314,54.73507712276563,0.9996,100.0%,CRITICAL,5,100,temperature,4.6855,Cooling system,Inspect coolant level and radiator,temperature signal is rapidly deteriorating (SHAP=4.686),1,Immediate,2026-06-28 20:56:48
Vehicle_1536,70.74690813546319,84.09392761592899,74.75101397960293,25.600946,79.66939391094756,0.0002,0.0%,LOW,124,2480,temperature,-3.7212,Cooling system,Inspect coolant level and radiator,temperature signal is elevated (SHAP=-3.721),31,Low,2026-06-28 20:56:48
Vehicle_1537,87.52331218397435,100.0,91.26631852878204,99.6772,94.75979111726924,0.0003,0.0%,LOW,124,2480,temperature,-3.8228,Cooling system,Inspect coolant level and radiator,temperature signal is elevated (SHAP=-3.823),31,Low,2026-06-28 20:56:48
Vehicle_1538,95.0,66.0,86.3,17.475641,76.97999999999999,0.0003,0.0%,LOW,124,2480,temperature,-3.8119,Cooling system,Inspect coolant level and radiator,temperature signal is elevated (SHAP=-3.812),31,Low,2026-06-28 20:56:48
Vehicle_1539,99.44682966446597,100.0,99.61278076512616,21.355003,93.7676684590757,0.0002,0.0%,LOW,124,2480,temperature,-3.8548,Cooling system,Inspect coolant level and radiator,temperature signal is elevated (SHAP=-3.855),31,Low,2026-06-28 20:56:48
Vehicle_1540,60.0,84.06639061133612,67.21991718340084,2.2062302,63.14522843230773,0.9987,99.9%,CRITICAL,5,100,temperature,4.7574,Cooling system,Inspect coolant level and radiator,temperature signal is rapidly deteriorating (SHAP=4.757),1,Immediate,2026-06-28 20:56:48
Vehicle_1541,85.0,50.89047621335652,74.76714286400696,12.287563,63.03838096107548,0.0002,0.0%,LOW,124,2480,temperature,-3.9287,Cooling system,Inspect coolant level and radiator,temperature signal is elevated (SHAP=-3.929),31,Low,2026-06-28 20:56:48
Vehicle_1542,84.80232184601607,100.0,89.36162529221124,99.70013,93.61697517532674,0.0002,0.0%,LOW,124,2480,temperature,-3.8355,Cooling system,Inspect coolant level and radiator,temperature signal is elevated (SHAP=-3.836),31,Low,2026-06-28 20:56:48
Vehicle_1543,95.0,80.49342413724486,90.64802724117344,17.475641,82.48750117215305,0.0002,0.0%,LOW,124,2480,temperature,-3.8183,Cooling system,Inspect coolant level and radiator,temperature signal is elevated (SHAP=-3.818),31,Low,2026-06-28 20:56:48
Vehicle_1544,80.0,89.4241292854065,82.82723878562194,16.85328,73.58116912845446,0.0003,0.0%,LOW,124,2480,temperature,-5.801,Cooling system,Inspect coolant level and radiator,temperature signal is elevated (SHAP=-5.801),31,Low,2026-06-28 20:56:48
Vehicle_1545,40.0,84.90187120507147,53.47056136152144,2.8069139,55.06271105792716,0.9965,99.7%,CRITICAL,5,100,temperature,4.4234,Cooling system,Inspect coolant level and radiator,temperature signal is rapidly deteriorating (SHAP=4.423),1,Immediate,2026-06-28 20:56:48
Vehicle_1546,90.0,67.0,83.1,20.351988,73.25999999999999,0.0002,0.0%,LOW,124,2480,temperature,-3.7915,Cooling system,Inspect coolant level and radiator,temperature signal is elevated (SHAP=-3.792),31,Low,2026-06-28 20:56:48
Vehicle_1547,85.0,93.78334829750052,87.63500448925015,21.156872,79.3376723530502,0.0002,0.0%,LOW,124,2480,temperature,-3.8141,Cooling system,Inspect coolant level and radiator,temperature signal is elevated (SHAP=-3.814),31,Low,2026-06-28 20:56:48
Vehicle_1548,90.0,88.74104417150394,89.62231325145117,19.392086,81.5215967851715,0.0002,0.0%,LOW,124,2480,temperature,-3.8213,Cooling system,Inspect coolant level and radiator,temperature signal is elevated (SHAP=-3.821),31,Low,2026-06-28 20:56:48
Vehicle_1549,76.33078910653741,100.0,83.43155237457619,21.381533,86.05893142474571,0.0002,0.0%,LOW,124,2480,temperature,-3.7589,Cooling system,Inspect coolant level and radiator,temperature signal is elevated (SHAP=-3.759),31,Low,2026-06-28 20:56:48
Vehicle_1550,88.13472680912474,91.84059172434988,89.24648628369228,17.131138,81.91601011508534,0.0003,0.0%,LOW,124,2480,temperature,-3.8217,Cooling system,Inspect coolant level and radiator,temperature signal is elevated (SHAP=-3.822),31,Low,2026-06-28 20:56:48
Vehicle_1551,65.0,71.04666660781614,66.81399998234484,16.191608,62.29773331097013,0.0002,0.0%,LOW,124,2480,temperature,-3.8455,Cooling system,Inspect coolant level and radiator,temperature signal is elevated (SHAP=-3.845),31,Low,2026-06-28 20:56:48
Vehicle_1552,91.56756855210422,85.27690192623277,89.68036856434279,99.67009,90.86360152385222,0.0002,0.0%,LOW,124,2480,temperature,-3.7912,Cooling system,Inspect coolant level and radiator,temperature signal is elevated (SHAP=-3.791),31,Low,2026-06-28 20:56:48
Vehicle_1553,76.14776794766468,67.0,73.40343756336527,20.30341,65.44206253801916,0.0002,0.0%,LOW,124,2480,temperature,-3.9158,Cooling system,Inspect coolant level and radiator,temperature signal is elevated (SHAP=-3.916),31,Low,2026-06-28 20:56:48
Vehicle_1554,75.9801146830031,71.76985571920588,74.71703699386393,24.714924,75.18419334015954,0.0002,0.0%,LOW,124,2480,temperature,-3.732,Cooling system,Inspect coolant level and radiator,temperature signal is elevated (SHAP=-3.732),31,Low,2026-06-28 20:56:48
Vehicle_1555,100.0,100.0,100.0,99.67241,100.0,0.0003,0.0%,LOW,124,2480,temperature,-3.831,Cooling system,Inspect coolant level and radiator,temperature signal is elevated (SHAP=-3.831),31,Low,2026-06-28 20:56:48
Vehicle_1556,80.0,59.24865682473712,73.77459704742114,12.763232,62.11448959340011,0.0003,0.0%,LOW,124,2480,temperature,-5.9228,Cooling system,Inspect coolant level and radiator,temperature signal is elevated (SHAP=-5.923),31,Low,2026-06-28 20:56:48
Vehicle_1557,80.0,100.0,86.0,24.402285,85.6,0.0002,0.0%,LOW,124,2480,temperature,-3.7445,Cooling system,Inspect coolant level and radiator,temperature signal is elevated (SHAP=-3.744),31,Low,2026-06-28 20:56:48
Vehicle_1558,81.85400220714243,67.0,77.3978015449997,17.09106,71.83868092699981,0.0002,0.0%,LOW,124,2480,temperature,-3.8213,Cooling system,Inspect coolant level and radiator,temperature signal is elevated (SHAP=-3.821),31,Low,2026-06-28 20:56:48
Vehicle_1559,70.72636067029268,87.7493869441581,75.8332685524523,19.047188,71.049838520303,0.0002,0.0%,LOW,124,2480,temperature,-3.8302,Cooling system,Inspect coolant level and radiator,temperature signal is elevated (SHAP=-3.830),31,Low,2026-06-28 20:56:48
Vehicle_1560,90.0,50.904043776601554,78.27121313298046,16.598415,67.14353663510859,0.0002,0.0%,LOW,124,2480,temperature,-3.9073,Cooling system,Inspect coolant level and radiator,temperature signal is elevated (SHAP=-3.907),31,Low,2026-06-28 20:56:48
Vehicle_1561,85.0,100.0,89.5,19.047188,81.69999999999999,0.0003,0.0%,LOW,124,2480,temperature,-3.8352,Cooling system,Inspect coolant level and radiator,temperature signal is elevated (SHAP=-3.835),31,Low,2026-06-28 20:56:48
Vehicle_1562,70.17193329562627,100.0,79.1203533069384,17.713797,69.47221198416304,0.0005,0.1%,LOW,124,2480,temperature,-5.9265,Cooling system,Inspect coolant level and radiator,temperature signal is elevated (SHAP=-5.926),31,Low,2026-06-28 20:56:48
Vehicle_1563,54.85468497116709,100.0,68.39827947981695,12.812752,69.03896768789016,0.0002,0.0%,LOW,124,2480,temperature,-3.8076,Cooling system,Inspect coolant level and radiator,temperature signal is elevated (SHAP=-3.808),31,Low,2026-06-28 20:56:48
Vehicle_1564,100.0,100.0,100.0,99.67241,100.0,0.0003,0.0%,LOW,124,2480,temperature,-3.8507,Cooling system,Inspect coolant level and radiator,temperature signal is elevated (SHAP=-3.851),31,Low,2026-06-28 20:56:48
Vehicle_1565,100.0,85.67656269677168,95.7029688090315,20.052576,90.55709382477325,0.0002,0.0%,LOW,124,2480,temperature,-3.8296,Cooling system,Inspect coolant level and radiator,temperature signal is elevated (SHAP=-3.830),31,Low,2026-06-28 20:56:48
Vehicle_1566,95.0,100.0,96.5,20.481514,89.9,0.0003,0.0%,LOW,124,2480,temperature,-3.8592,Cooling system,Inspect coolant level and radiator,temperature signal is elevated (SHAP=-3.859),31,Low,2026-06-28 20:56:48
Vehicle_1567,95.0,74.52059851048435,88.8561795531453,19.30874,80.21782743398404,0.0002,0.0%,LOW,124,2480,temperature,-3.8296,Cooling system,Inspect coolant level and radiator,temperature signal is elevated (SHAP=-3.830),31,Low,2026-06-28 20:56:48
Vehicle_1568,91.43175628395912,61.3561042350136,82.40906066927546,17.09106,75.716657248568,0.0002,0.0%,LOW,124,2480,temperature,-3.7721,Cooling system,Inspect coolant level and radiator,temperature signal is elevated (SHAP=-3.772),31,Low,2026-06-28 20:56:48
Vehicle_1569,88.10852978648876,100.0,91.67597085054211,19.392086,93.00558251032528,0.0003,0.0%,LOW,124,2480,temperature,-3.8399,Cooling system,Inspect coolant level and radiator,temperature signal is elevated (SHAP=-3.840),31,Low,2026-06-28 20:56:48
Vehicle_1570,100.0,58.660621400251735,87.59818642007552,21.125496,82.29103613209566,0.0002,0.0%,LOW,124,2480,temperature,-3.8034,Cooling system,Inspect coolant level and radiator,temperature signal is elevated (SHAP=-3.803),31,Low,2026-06-28 20:56:48
Vehicle_1571,83.1963266306876,100.0,88.2374286414813,25.280869,90.94245718488878,0.0002,0.0%,LOW,124,2480,temperature,-3.7701,Cooling system,Inspect coolant level and radiator,temperature signal is elevated (SHAP=-3.770),31,Low,2026-06-28 20:56:48
Vehicle_1572,80.0,93.4216676964019,84.02650030892056,20.138336,71.10023372463272,0.0004,0.0%,LOW,124,2480,temperature,-5.9215,Cooling system,Inspect coolant level and radiator,temperature signal is elevated (SHAP=-5.921),31,Low,2026-06-28 20:56:48
Vehicle_1573,99.7547394338959,100.0,99.82831760372711,19.392086,93.89699056223628,0.0003,0.0%,LOW,124,2480,temperature,-3.8482,Cooling system,Inspect coolant level and radiator,temperature signal is elevated (SHAP=-3.848),31,Low,2026-06-28 20:56:48
Vehicle_1574,80.0,86.18221987741978,81.85466596322593,17.09106,68.34924355341951,0.0004,0.0%,LOW,124,2480,temperature,-6.034,Cooling system,Inspect coolant level and radiator,temperature signal is elevated (SHAP=-6.034),31,Low,2026-06-28 20:56:48
Vehicle_1575,98.90010948172235,92.6748076138762,97.0325189213685,22.15603,90.75447287559636,0.0002,0.0%,LOW,124,2480,temperature,-3.7903,Cooling system,Inspect coolant level and radiator,temperature signal is elevated (SHAP=-3.790),31,Low,2026-06-28 20:56:48
Vehicle_1576,80.0,67.0,76.1,20.411087,73.06,0.0002,0.0%,LOW,124,2480,temperature,-3.7984,Cooling system,Inspect coolant level and radiator,temperature signal is elevated (SHAP=-3.798),31,Low,2026-06-28 20:56:48
Vehicle_1577,95.0,80.81628242401368,90.7448847272041,17.961098,82.6101873211252,0.0002,0.0%,LOW,124,2480,temperature,-3.8183,Cooling system,Inspect coolant level and radiator,temperature signal is elevated (SHAP=-3.818),31,Low,2026-06-28 20:56:48
Vehicle_1578,60.0,80.09759592641133,66.0292787779234,1.4119565,57.6370864520363,0.0142,1.4%,LOW,123,2460,temperature,-6.5773,Cooling system,Inspect coolant level and radiator,temperature signal is elevated (SHAP=-6.577),30,Low,2026-06-28 20:56:48
Vehicle_1579,90.0,99.57808575741646,92.87342572722493,21.131474,85.63967258781825,0.0002,0.0%,LOW,124,2480,temperature,-3.8277,Cooling system,Inspect coolant level and radiator,temperature signal is elevated (SHAP=-3.828),31,Low,2026-06-28 20:56:48
Vehicle_1580,87.52715396692314,57.73521786239437,78.5895731355645,99.692085,78.70078745381758,0.0002,0.0%,LOW,124,2480,temperature,-3.7756,Cooling system,Inspect coolant level and radiator,temperature signal is elevated (SHAP=-3.776),31,Low,2026-06-28 20:56:48
Vehicle_1581,77.37160500546105,85.02932036447936,79.66891961316654,21.666563,80.80721584079579,0.0002,0.0%,LOW,124,2480,temperature,-3.7598,Cooling system,Inspect coolant level and radiator,temperature signal is elevated (SHAP=-3.760),31,Low,2026-06-28 20:56:48
Vehicle_1582,80.0,90.38406235498849,83.11521870649655,19.392086,69.94594369489563,0.0005,0.1%,LOW,124,2480,temperature,-5.9293,Cooling system,Inspect coolant level and radiator,temperature signal is elevated (SHAP=-5.929),31,Low,2026-06-28 20:56:48
Vehicle_1583,93.49392511920678,100.0,95.44574758344474,17.233616,95.26744855006685,0.0003,0.0%,LOW,124,2480,temperature,-3.8545,Cooling system,Inspect coolant level and radiator,temperature signal is elevated (SHAP=-3.854),31,Low,2026-06-28 20:56:48
Vehicle_1584,66.55271370814273,84.44019628879175,71.91895848233744,17.513138,64.03941434716081,0.0004,0.0%,LOW,124,2480,temperature,-6.0035,Cooling system,Inspect coolant level and radiator,temperature signal is elevated (SHAP=-6.003),31,Low,2026-06-28 20:56:48
Vehicle_1585,80.0,75.97311935090674,78.79193580527202,12.763232,64.46978535334456,0.0004,0.0%,LOW,124,2480,temperature,-6.0901,Cooling system,Inspect coolant level and radiator,temperature signal is elevated (SHAP=-6.090),31,Low,2026-06-28 20:56:48
Vehicle_1586,97.21098843147522,44.43543430354453,81.378322193096,25.889896,73.71408017656651,0.0002,0.0%,LOW,124,2480,temperature,-3.751,Cooling system,Inspect coolant level and radiator,temperature signal is elevated (SHAP=-3.751),31,Low,2026-06-28 20:56:48
Vehicle_1587,85.43245371920261,91.05117652040764,87.11807055956412,20.138336,80.48107763982,0.0002,0.0%,LOW,124,2480,temperature,-3.7995,Cooling system,Inspect coolant level and radiator,temperature signal is elevated (SHAP=-3.800),31,Low,2026-06-28 20:56:48
Vehicle_1588,71.71702596324175,96.57296400575878,79.17380737599686,17.470497,76.81887722674988,0.0003,0.0%,LOW,124,2480,temperature,-3.8394,Cooling system,Inspect coolant level and radiator,temperature signal is elevated (SHAP=-3.839),31,Low,2026-06-28 20:56:48
Vehicle_1589,80.0,100.0,86.0,20.079834,77.6,0.0004,0.0%,LOW,124,2480,temperature,-5.7885,Cooling system,Inspect coolant level and radiator,temperature signal is elevated (SHAP=-5.788),31,Low,2026-06-28 20:56:48
Vehicle_1590,80.0,93.53559042690382,84.06067712807115,16.85328,75.14352436222346,0.0003,0.0%,LOW,124,2480,temperature,-5.7762,Cooling system,Inspect coolant level and radiator,temperature signal is elevated (SHAP=-5.776),31,Low,2026-06-28 20:56:48
Vehicle_1591,100.0,100.0,100.0,99.67958,100.0,0.0003,0.0%,LOW,124,2480,temperature,-3.8394,Cooling system,Inspect coolant level and radiator,temperature signal is elevated (SHAP=-3.839),31,Low,2026-06-28 20:56:48
Vehicle_1592,85.3002606579671,100.0,89.71018246057696,25.280869,87.82610947634618,0.0002,0.0%,LOW,124,2480,temperature,-3.7718,Cooling system,Inspect coolant level and radiator,temperature signal is elevated (SHAP=-3.772),31,Low,2026-06-28 20:56:49
Vehicle_1593,80.0,100.0,86.0,16.85328,73.6,0.0005,0.1%,LOW,124,2480,temperature,-5.9584,Cooling system,Inspect coolant level and radiator,temperature signal is elevated (SHAP=-5.958),31,Low,2026-06-28 20:56:49
Vehicle_1594,100.0,100.0,100.0,17.713797,94.0,0.0003,0.0%,LOW,124,2480,temperature,-3.8394,Cooling system,Inspect coolant level and radiator,temperature signal is elevated (SHAP=-3.839),31,Low,2026-06-28 20:56:49
Vehicle_1595,98.66087006015906,80.76550082869588,93.2922592907201,17.09106,88.12845574017123,0.0002,0.0%,LOW,124,2480,temperature,-3.8256,Cooling system,Inspect coolant level and radiator,temperature signal is elevated (SHAP=-3.826),31,Low,2026-06-28 20:56:49
Vehicle_1596,81.42384743061226,88.9500627516569,83.68171202692565,17.470497,75.99903976648677,0.0002,0.0%,LOW,124,2480,temperature,-3.8175,Cooling system,Inspect coolant level and radiator,temperature signal is elevated (SHAP=-3.817),31,Low,2026-06-28 20:56:49
Vehicle_1597,91.73277893475256,69.85354230103513,85.16900794463731,22.126616,83.07211322698942,0.0002,0.0%,LOW,124,2480,temperature,-3.7373,Cooling system,Inspect coolant level and radiator,temperature signal is elevated (SHAP=-3.737),31,Low,2026-06-28 20:56:49
Vehicle_1598,100.0,100.0,100.0,20.138336,98.0,0.0003,0.0%,LOW,124,2480,temperature,-3.8151,Cooling system,Inspect coolant level and radiator,temperature signal is elevated (SHAP=-3.815),31,Low,2026-06-28 20:56:49
Vehicle_1599,36.87088117467159,88.2500239165488,52.284623997234746,1.7748237,55.02077918165061,0.999,99.9%,CRITICAL,5,100,temperature,4.7241,Cooling system,Inspect coolant level and radiator,temperature signal is rapidly deteriorating (SHAP=4.724),1,Immediate,2026-06-28 20:56:49
Vehicle_1600,84.15512913006017,100.0,88.90859039104211,25.280869,91.34515423462526,0.0002,0.0%,LOW,124,2480,temperature,-3.7911,Cooling system,Inspect coolant level and radiator,temperature signal is elevated (SHAP=-3.791),31,Low,2026-06-28 20:56:49
Vehicle_1601,72.23485597216427,100.0,80.56439918051498,24.402285,72.33863950830899,0.0005,0.1%,LOW,124,2480,temperature,-5.8803,Cooling system,Inspect coolant level and radiator,temperature signal is elevated (SHAP=-5.880),31,Low,2026-06-28 20:56:49
Vehicle_1602,80.0,100.0,86.0,16.85328,87.6,0.0003,0.0%,LOW,124,2480,temperature,-3.8586,Cooling system,Inspect coolant level and radiator,temperature signal is elevated (SHAP=-3.859),31,Low,2026-06-28 20:56:49
Vehicle_1603,56.19266182585939,100.0,69.33486327810158,6.6425266,79.60091796686095,0.0002,0.0%,LOW,124,2480,temperature,-3.7083,Cooling system,Inspect coolant level and radiator,temperature signal is elevated (SHAP=-3.708),31,Low,2026-06-28 20:56:49
Vehicle_1604,70.84766854199424,95.52537476698735,78.25098040949217,25.280869,72.05566319909278,0.0003,0.0%,LOW,124,2480,temperature,-5.7438,Cooling system,Inspect coolant level and radiator,temperature signal is elevated (SHAP=-5.744),31,Low,2026-06-28 20:56:49
Vehicle_1605,100.0,68.89777849812516,90.66933354943755,19.657219,86.18115582928756,0.0002,0.0%,LOW,124,2480,temperature,-3.8296,Cooling system,Inspect coolant level and radiator,temperature signal is elevated (SHAP=-3.830),31,Low,2026-06-28 20:56:49
Vehicle_1606,80.0,89.87232798390122,82.96169839517036,16.85328,81.75148463388246,0.0022,0.2%,LOW,124,2480,fault_count,-6.1384,ECU fault logs,Review and clear fault codes,fault_count signal is elevated (SHAP=-6.138),31,Low,2026-06-28 20:56:49
Vehicle_1607,59.03049616345916,82.63369461162324,66.11145569790838,7.6667366,70.19361234106968,0.0002,0.0%,LOW,124,2480,temperature,-3.732,Cooling system,Inspect coolant level and radiator,temperature signal is elevated (SHAP=-3.732),31,Low,2026-06-28 20:56:49
Vehicle_1608,90.0,95.23991522163578,91.57197456649072,17.470497,83.99116778422159,0.0002,0.0%,LOW,124,2480,temperature,-3.8258,Cooling system,Inspect coolant level and radiator,temperature signal is elevated (SHAP=-3.826),31,Low,2026-06-28 20:56:49
Vehicle_1609,95.0,92.64946757410932,94.2948402722328,19.392086,87.10679767816154,0.0002,0.0%,LOW,124,2480,temperature,-3.8296,Cooling system,Inspect coolant level and radiator,temperature signal is elevated (SHAP=-3.830),31,Low,2026-06-28 20:56:49
Vehicle_1610,91.24575290247397,99.53360421602729,93.73210829653992,21.381533,94.1459858211294,0.0002,0.0%,LOW,124,2480,temperature,-3.7665,Cooling system,Inspect coolant level and radiator,temperature signal is elevated (SHAP=-3.767),31,Low,2026-06-28 20:56:49
Vehicle_1611,100.0,90.1440432926146,97.0432129877844,16.85328,92.25473645119357,0.0002,0.0%,LOW,124,2480,temperature,-3.8183,Cooling system,Inspect coolant level and radiator,temperature signal is elevated (SHAP=-3.818),31,Low,2026-06-28 20:56:49
Vehicle_1612,100.0,100.0,100.0,19.392086,98.0,0.0003,0.0%,LOW,124,2480,temperature,-3.8092,Cooling system,Inspect coolant level and radiator,temperature signal is elevated (SHAP=-3.809),31,Low,2026-06-28 20:56:49
Vehicle_1613,93.6129234479982,67.0,85.62904641359873,99.74951,84.77742784815923,0.0002,0.0%,LOW,124,2480,temperature,-3.74,Cooling system,Inspect coolant level and radiator,temperature signal is elevated (SHAP=-3.740),31,Low,2026-06-28 20:56:49
Vehicle_1614,85.0,94.88489399010447,87.96546819703133,20.079834,79.7562597162397,0.0002,0.0%,LOW,124,2480,temperature,-3.7969,Cooling system,Inspect coolant level and radiator,temperature signal is elevated (SHAP=-3.797),31,Low,2026-06-28 20:56:49
Vehicle_1615,75.0,100.0,82.5,19.392086,81.5,0.0003,0.0%,LOW,124,2480,temperature,-3.8285,Cooling system,Inspect coolant level and radiator,temperature signal is elevated (SHAP=-3.829),31,Low,2026-06-28 20:56:49
Vehicle_1616,94.03611878355684,100.0,95.8252831484898,16.85328,95.49516988909387,0.0003,0.0%,LOW,124,2480,temperature,-3.8586,Cooling system,Inspect coolant level and radiator,temperature signal is elevated (SHAP=-3.859),31,Low,2026-06-28 20:56:49
Vehicle_1617,70.0,100.0,79.0,17.131138,81.4,0.003,0.3%,LOW,124,2480,fault_count,-6.1577,ECU fault logs,Review and clear fault codes,fault_count signal is elevated (SHAP=-6.158),31,Low,2026-06-28 20:56:49
Vehicle_1618,85.0,95.20936197410715,88.06280859223213,19.392086,79.87955755016071,0.0003,0.0%,LOW,124,2480,temperature,-3.8285,Cooling system,Inspect coolant level and radiator,temperature signal is elevated (SHAP=-3.829),31,Low,2026-06-28 20:56:49
Vehicle_1619,100.0,94.5374439300193,98.36123317900578,16.85328,93.92422869340731,0.0002,0.0%,LOW,124,2480,temperature,-3.8296,Cooling system,Inspect coolant level and radiator,temperature signal is elevated (SHAP=-3.830),31,Low,2026-06-28 20:56:49
Vehicle_1620,85.61835474737829,91.79723250279656,87.47201807400377,25.280869,82.84265734496157,0.0002,0.0%,LOW,124,2480,temperature,-3.75,Cooling system,Inspect coolant level and radiator,temperature signal is elevated (SHAP=-3.750),31,Low,2026-06-28 20:56:49
Vehicle_1621,62.01823786434757,100.0,73.4127665050433,18.69223,70.04765990302597,0.0003,0.0%,LOW,124,2480,temperature,-5.7992,Cooling system,Inspect coolant level and radiator,temperature signal is elevated (SHAP=-5.799),31,Low,2026-06-28 20:56:49
Vehicle_1622,85.0,60.12684409742521,77.53805322922756,14.59012,66.54820075702158,0.0002,0.0%,LOW,124,2480,temperature,-3.8918,Cooling system,Inspect coolant level and radiator,temperature signal is elevated (SHAP=-3.892),31,Low,2026-06-28 20:56:49
Vehicle_1623,65.14626725632047,78.84110177771359,69.2547176127384,11.511219,63.32105092318576,0.0003,0.0%,LOW,124,2480,temperature,-5.9478,Cooling system,Inspect coolant level and radiator,temperature signal is elevated (SHAP=-5.948),31,Low,2026-06-28 20:56:49
Vehicle_1624,80.0,81.60101308263395,80.48030392479018,17.09106,78.6083849714009,0.0002,0.0%,LOW,124,2480,temperature,-3.8191,Cooling system,Inspect coolant level and radiator,temperature signal is elevated (SHAP=-3.819),31,Low,2026-06-28 20:56:49
Vehicle_1625,95.0,73.39947704974338,88.51984311492302,19.657219,79.79180127890248,0.0002,0.0%,LOW,124,2480,temperature,-3.8218,Cooling system,Inspect coolant level and radiator,temperature signal is elevated (SHAP=-3.822),31,Low,2026-06-28 20:56:49
Vehicle_1626,47.43364467189819,100.0,63.20355127032873,3.5109758,61.922130762197234,0.0018,0.2%,LOW,124,2480,temperature,-6.2011,Cooling system,Inspect coolant level and radiator,temperature signal is elevated (SHAP=-6.201),31,Low,2026-06-28 20:56:49
Vehicle_1627,80.0,91.93796490625787,83.58138947187736,20.138336,72.53642666437798,0.0004,0.0%,LOW,124,2480,temperature,-5.921,Cooling system,Inspect coolant level and radiator,temperature signal is elevated (SHAP=-5.921),31,Low,2026-06-28 20:56:49
Vehicle_1628,77.7741270315882,71.4138866635084,75.86605492116425,99.70513,79.80241028540024,0.002,0.2%,LOW,124,2480,fault_count,-6.1451,ECU fault logs,Review and clear fault codes,fault_count signal is elevated (SHAP=-6.145),31,Low,2026-06-28 20:56:49
Vehicle_1629,78.74813544322978,82.39971801218469,79.84361021391625,17.475641,68.38610973078669,0.0004,0.0%,LOW,124,2480,temperature,-6.034,Cooling system,Inspect coolant level and radiator,temperature signal is elevated (SHAP=-6.034),31,Low,2026-06-28 20:56:49
Vehicle_1630,59.309369685939686,100.0,71.51655878015778,2.880019,66.90993526809467,0.0058,0.6%,LOW,124,2480,temperature,-6.5281,Cooling system,Inspect coolant level and radiator,temperature signal is elevated (SHAP=-6.528),31,Low,2026-06-28 20:56:49
Vehicle_1631,80.0,100.0,86.0,20.138336,73.6,0.0006,0.1%,LOW,124,2480,temperature,-5.9286,Cooling system,Inspect coolant level and radiator,temperature signal is elevated (SHAP=-5.929),31,Low,2026-06-28 20:56:49
Vehicle_1632,80.0,73.09651905766444,77.92895571729933,20.448488,77.37667724191249,0.0002,0.0%,LOW,124,2480,temperature,-3.7434,Cooling system,Inspect coolant level and radiator,temperature signal is elevated (SHAP=-3.743),31,Low,2026-06-28 20:56:49
Vehicle_1633,82.41875939559544,70.50320294870227,78.84409246152748,19.399792,71.40709606665695,0.0002,0.0%,LOW,124,2480,temperature,-3.723,Cooling system,Inspect coolant level and radiator,temperature signal is elevated (SHAP=-3.723),31,Low,2026-06-28 20:56:49
Vehicle_1634,100.0,96.15067014965258,98.84520104489576,99.573395,98.537254656868,0.0003,0.0%,LOW,124,2480,temperature,-3.8394,Cooling system,Inspect coolant level and radiator,temperature signal is elevated (SHAP=-3.839),31,Low,2026-06-28 20:56:49
Vehicle_1635,100.0,69.06030156493817,90.71809046948144,15.465832,86.2429145946765,0.0002,0.0%,LOW,124,2480,temperature,-3.8177,Cooling system,Inspect coolant level and radiator,temperature signal is elevated (SHAP=-3.818),31,Low,2026-06-28 20:56:49
Vehicle_1636,39.02208311402515,100.0,57.3154581798176,2.4163246,64.38927490789055,0.0006,0.1%,LOW,124,2480,temperature,-4.1735,Cooling system,Inspect coolant level and radiator,temperature signal is elevated (SHAP=-4.173),31,Low,2026-06-28 20:56:49
Vehicle_1637,100.0,87.07684837409282,96.12305451222784,19.30874,91.08920238215526,0.0003,0.0%,LOW,124,2480,temperature,-3.8462,Cooling system,Inspect coolant level and radiator,temperature signal is elevated (SHAP=-3.846),31,Low,2026-06-28 20:56:49
Vehicle_1638,80.78542784848074,100.0,86.54979949393652,17.957193,87.92987969636191,0.0002,0.0%,LOW,124,2480,temperature,-3.8465,Cooling system,Inspect coolant level and radiator,temperature signal is elevated (SHAP=-3.846),31,Low,2026-06-28 20:56:49
Vehicle_1639,80.0,100.0,86.0,19.137293,87.6,0.0002,0.0%,LOW,124,2480,temperature,-3.757,Cooling system,Inspect coolant level and radiator,temperature signal is elevated (SHAP=-3.757),31,Low,2026-06-28 20:56:49
Vehicle_1640,82.2099367892708,100.0,87.54695575248955,14.595694,84.52817345149373,0.0002,0.0%,LOW,124,2480,temperature,-3.8054,Cooling system,Inspect coolant level and radiator,temperature signal is elevated (SHAP=-3.805),31,Low,2026-06-28 20:56:49
Vehicle_1641,82.65985412004156,100.0,87.86189788402908,19.783419,90.71713873041745,0.0003,0.0%,LOW,124,2480,temperature,-3.829,Cooling system,Inspect coolant level and radiator,temperature signal is elevated (SHAP=-3.829),31,Low,2026-06-28 20:56:49
Vehicle_1642,72.1254597027151,67.0,70.58782179190057,8.760321,59.752693075140336,0.0004,0.0%,LOW,124,2480,temperature,-5.9933,Cooling system,Inspect coolant level and radiator,temperature signal is elevated (SHAP=-5.993),31,Low,2026-06-28 20:56:49
Vehicle_1643,85.0,84.08846134466951,84.72653840340084,20.757711,75.6536153109744,0.0002,0.0%,LOW,124,2480,temperature,-3.8302,Cooling system,Inspect coolant level and radiator,temperature signal is elevated (SHAP=-3.830),31,Low,2026-06-28 20:56:49
Vehicle_1644,70.5481796628386,100.0,79.38372576398703,19.392086,73.6302354583922,0.0004,0.0%,LOW,124,2480,temperature,-5.7765,Cooling system,Inspect coolant level and radiator,temperature signal is elevated (SHAP=-5.777),31,Low,2026-06-28 20:56:50
Vehicle_1645,80.0,86.18476437060775,81.85542931118232,20.411087,68.35021046083094,0.0004,0.0%,LOW,124,2480,temperature,-6.0132,Cooling system,Inspect coolant level and radiator,temperature signal is elevated (SHAP=-6.013),31,Low,2026-06-28 20:56:50
Vehicle_1646,69.54461389638402,100.0,78.6812297274688,19.392086,75.20873783648128,0.0003,0.0%,LOW,124,2480,temperature,-3.8185,Cooling system,Inspect coolant level and radiator,temperature signal is elevated (SHAP=-3.818),31,Low,2026-06-28 20:56:50
Vehicle_1647,100.0,91.10065800488184,97.33019740146456,19.392086,90.61825004185508,0.0002,0.0%,LOW,124,2480,temperature,-3.8191,Cooling system,Inspect coolant level and radiator,temperature signal is elevated (SHAP=-3.819),31,Low,2026-06-28 20:56:50
Vehicle_1648,60.0,90.01276646662639,69.00382993998792,1.5617073,61.40485125731803,0.0154,1.5%,LOW,123,2460,temperature,-6.5529,Cooling system,Inspect coolant level and radiator,temperature signal is elevated (SHAP=-6.553),30,Low,2026-06-28 20:56:50
Vehicle_1649,90.0,58.17318421283487,80.45195526385045,17.09106,69.90581000087724,0.0002,0.0%,LOW,124,2480,temperature,-3.808,Cooling system,Inspect coolant level and radiator,temperature signal is elevated (SHAP=-3.808),31,Low,2026-06-28 20:56:50
Vehicle_1650,95.0,64.4771263227524,85.84313789682572,19.970196,76.4013080026459,0.0002,0.0%,LOW,124,2480,temperature,-3.8183,Cooling system,Inspect coolant level and radiator,temperature signal is elevated (SHAP=-3.818),31,Low,2026-06-28 20:56:50
Vehicle_1651,95.0,82.06934732089334,91.120804196268,17.09106,83.08635198193947,0.0002,0.0%,LOW,124,2480,temperature,-3.8296,Cooling system,Inspect coolant level and radiator,temperature signal is elevated (SHAP=-3.830),31,Low,2026-06-28 20:56:50
Vehicle_1652,80.0,96.22424389780682,84.86727316934204,99.692955,90.1652126811666,0.0003,0.0%,LOW,124,2480,temperature,-3.7958,Cooling system,Inspect coolant level and radiator,temperature signal is elevated (SHAP=-3.796),31,Low,2026-06-28 20:56:50
Vehicle_1653,73.91109092457319,78.96967806392271,75.42866706637804,13.710469,63.05113585261137,0.0004,0.0%,LOW,124,2480,temperature,-6.0984,Cooling system,Inspect coolant level and radiator,temperature signal is elevated (SHAP=-6.098),31,Low,2026-06-28 20:56:50
Vehicle_1654,80.0,100.0,86.0,20.138336,75.6,0.0006,0.1%,LOW,124,2480,temperature,-5.9396,Cooling system,Inspect coolant level and radiator,temperature signal is elevated (SHAP=-5.940),31,Low,2026-06-28 20:56:50
Vehicle_1655,85.0,78.69926087920797,83.10977826376238,17.372013,73.60571913409902,0.0003,0.0%,LOW,124,2480,temperature,-3.828,Cooling system,Inspect coolant level and radiator,temperature signal is elevated (SHAP=-3.828),31,Low,2026-06-28 20:56:50
Vehicle_1656,100.0,100.0,100.0,20.138336,96.0,0.0003,0.0%,LOW,124,2480,temperature,-3.8592,Cooling system,Inspect coolant level and radiator,temperature signal is elevated (SHAP=-3.859),31,Low,2026-06-28 20:56:50
Vehicle_1657,58.34577397445378,60.10853713791138,58.874602923491054,2.5313973,49.34646918167691,0.0015,0.1%,LOW,124,2480,temperature,-6.3918,Cooling system,Inspect coolant level and radiator,temperature signal is elevated (SHAP=-6.392),31,Low,2026-06-28 20:56:50
Vehicle_1658,100.0,67.0,90.1,21.067917,85.46,0.0002,0.0%,LOW,124,2480,temperature,-3.8213,Cooling system,Inspect coolant level and radiator,temperature signal is elevated (SHAP=-3.821),31,Low,2026-06-28 20:56:50
Vehicle_1659,85.6796183826347,81.42745015576948,84.40396791457513,15.452546,82.92787077989897,0.0002,0.0%,LOW,124,2480,temperature,-3.7887,Cooling system,Inspect coolant level and radiator,temperature signal is elevated (SHAP=-3.789),31,Low,2026-06-28 20:56:50
Vehicle_1660,82.28336981377022,100.0,87.59835886963916,99.66076,92.55901532178348,0.0002,0.0%,LOW,124,2480,temperature,-3.7848,Cooling system,Inspect coolant level and radiator,temperature signal is elevated (SHAP=-3.785),31,Low,2026-06-28 20:56:50
Vehicle_1661,67.44905522060276,66.0,67.01433865442193,12.899012,69.40860319265316,0.0022,0.2%,LOW,124,2480,fault_count,-6.1391,ECU fault logs,Review and clear fault codes,fault_count signal is elevated (SHAP=-6.139),31,Low,2026-06-28 20:56:50
Vehicle_1662,100.0,64.38944816027102,89.31683444808131,17.475641,80.46799030090298,0.0002,0.0%,LOW,124,2480,temperature,-3.8296,Cooling system,Inspect coolant level and radiator,temperature signal is elevated (SHAP=-3.830),31,Low,2026-06-28 20:56:50
Vehicle_1663,80.0,98.75445021811716,85.62633506543514,19.047188,77.12669108288452,0.0004,0.0%,LOW,124,2480,temperature,-5.7939,Cooling system,Inspect coolant level and radiator,temperature signal is elevated (SHAP=-5.794),31,Low,2026-06-28 20:56:50
Vehicle_1664,70.0,100.0,79.0,16.54427,81.4,0.0027,0.3%,LOW,124,2480,fault_count,-6.1577,ECU fault logs,Review and clear fault codes,fault_count signal is elevated (SHAP=-6.158),31,Low,2026-06-28 20:56:50
Vehicle_1665,40.0,69.17159402790779,48.75147820837233,1.5735388,45.08520573060496,0.004,0.4%,LOW,124,2480,temperature,-6.4497,Cooling system,Inspect coolant level and radiator,temperature signal is elevated (SHAP=-6.450),31,Low,2026-06-28 20:56:50
Vehicle_1666,75.95493545201525,100.0,83.16845481641067,19.137293,83.9010728898464,0.0002,0.0%,LOW,124,2480,temperature,-3.7587,Cooling system,Inspect coolant level and radiator,temperature signal is elevated (SHAP=-3.759),31,Low,2026-06-28 20:56:50
Vehicle_1667,90.0,82.19643079560166,87.65892923868049,13.129557,79.03464370232862,0.0002,0.0%,LOW,124,2480,temperature,-3.8213,Cooling system,Inspect coolant level and radiator,temperature signal is elevated (SHAP=-3.821),31,Low,2026-06-28 20:56:50
Vehicle_1668,83.58643200727636,90.25376606397032,85.58663222428454,12.938285,79.40273254736479,0.0002,0.0%,LOW,124,2480,temperature,-3.7995,Cooling system,Inspect coolant level and radiator,temperature signal is elevated (SHAP=-3.800),31,Low,2026-06-28 20:56:50
Vehicle_1669,60.0,92.1424468806586,69.64273406419758,4.1600285,64.21412981465028,0.0013,0.1%,LOW,124,2480,temperature,-6.2423,Cooling system,Inspect coolant level and radiator,temperature signal is elevated (SHAP=-6.242),31,Low,2026-06-28 20:56:50
Vehicle_1670,80.0,100.0,86.0,19.392086,77.6,0.0004,0.0%,LOW,124,2480,temperature,-5.8379,Cooling system,Inspect coolant level and radiator,temperature signal is elevated (SHAP=-5.838),31,Low,2026-06-28 20:56:50
Vehicle_1671,60.0,79.2894943896768,65.78684831690305,2.5591671,59.33000786807719,0.0016,0.2%,LOW,124,2480,temperature,-6.4405,Cooling system,Inspect coolant level and radiator,temperature signal is elevated (SHAP=-6.441),31,Low,2026-06-28 20:56:50
Vehicle_1672,80.0,67.0,76.1,7.50317,61.06,0.0004,0.0%,LOW,124,2480,temperature,-6.1023,Cooling system,Inspect coolant level and radiator,temperature signal is elevated (SHAP=-6.102),31,Low,2026-06-28 20:56:50
Vehicle_1673,100.0,97.07876233285072,99.12362869985522,12.938285,96.88992968648328,0.0002,0.0%,LOW,124,2480,temperature,-3.8344,Cooling system,Inspect coolant level and radiator,temperature signal is elevated (SHAP=-3.834),31,Low,2026-06-28 20:56:50
Vehicle_1674,76.49937979734503,60.24321382059556,71.62253000432018,99.58783,75.02216076671122,0.0002,0.0%,LOW,124,2480,temperature,-3.7762,Cooling system,Inspect coolant level and radiator,temperature signal is elevated (SHAP=-3.776),31,Low,2026-06-28 20:56:50
Vehicle_1675,82.33559373022072,74.24673985706883,79.90893756827515,13.129557,74.79471051237886,0.0002,0.0%,LOW,124,2480,temperature,-3.7882,Cooling system,Inspect coolant level and radiator,temperature signal is elevated (SHAP=-3.788),31,Low,2026-06-28 20:56:50
Vehicle_1676,100.0,100.0,100.0,21.156872,98.0,0.0003,0.0%,LOW,124,2480,temperature,-3.8503,Cooling system,Inspect coolant level and radiator,temperature signal is elevated (SHAP=-3.850),31,Low,2026-06-28 20:56:50
Vehicle_1677,70.21103387260726,100.0,79.14772371082508,16.85328,79.48863422649504,0.0003,0.0%,LOW,124,2480,temperature,-3.7874,Cooling system,Inspect coolant level and radiator,temperature signal is elevated (SHAP=-3.787),31,Low,2026-06-28 20:56:50
Vehicle_1678,89.06424886021594,100.0,92.34497420215116,19.392086,85.4069845212907,0.0003,0.0%,LOW,124,2480,temperature,-3.831,Cooling system,Inspect coolant level and radiator,temperature signal is elevated (SHAP=-3.831),31,Low,2026-06-28 20:56:50
Vehicle_1679,100.0,100.0,100.0,20.138336,96.0,0.0003,0.0%,LOW,124,2480,temperature,-3.7984,Cooling system,Inspect coolant level and radiator,temperature signal is elevated (SHAP=-3.798),31,Low,2026-06-28 20:56:50
Vehicle_1680,100.0,88.2147973528775,96.46443920586324,99.69315,95.52162299409343,0.0003,0.0%,LOW,124,2480,temperature,-3.8473,Cooling system,Inspect coolant level and radiator,temperature signal is elevated (SHAP=-3.847),31,Low,2026-06-28 20:56:50
Vehicle_1681,77.38139032113286,53.32239560665328,70.16369190678898,9.160936,54.76269426540404,0.0004,0.0%,LOW,124,2480,temperature,-5.942,Cooling system,Inspect coolant level and radiator,temperature signal is elevated (SHAP=-5.942),31,Low,2026-06-28 20:56:50
Vehicle_1682,99.67386199237332,98.31917267063736,99.26745519585252,20.457024,93.224307651639,0.0003,0.0%,LOW,124,2480,temperature,-3.8357,Cooling system,Inspect coolant level and radiator,temperature signal is elevated (SHAP=-3.836),31,Low,2026-06-28 20:56:50
Vehicle_1683,80.0,84.52101222499127,81.35630366749737,19.657219,69.71798464549667,0.0004,0.0%,LOW,124,2480,temperature,-5.921,Cooling system,Inspect coolant level and radiator,temperature signal is elevated (SHAP=-5.921),31,Low,2026-06-28 20:56:50
Vehicle_1684,65.0,100.0,75.5,16.85328,73.3,0.0003,0.0%,LOW,124,2480,temperature,-3.7787,Cooling system,Inspect coolant level and radiator,temperature signal is elevated (SHAP=-3.779),31,Low,2026-06-28 20:56:50
Vehicle_1685,79.79586912766295,90.73401454516684,83.07731275291411,19.392086,75.99319056078183,0.0002,0.0%,LOW,124,2480,temperature,-3.7832,Cooling system,Inspect coolant level and radiator,temperature signal is elevated (SHAP=-3.783),31,Low,2026-06-28 20:56:50
Vehicle_1686,70.79359022013725,100.0,79.55551315409608,19.392086,73.73330789245765,0.0004,0.0%,LOW,124,2480,temperature,-5.8279,Cooling system,Inspect coolant level and radiator,temperature signal is elevated (SHAP=-5.828),31,Low,2026-06-28 20:56:50
Vehicle_1687,90.89474882297785,82.99153673586738,88.5237851968447,20.411087,85.7125784652803,0.0002,0.0%,LOW,124,2480,temperature,-3.7958,Cooling system,Inspect coolant level and radiator,temperature signal is elevated (SHAP=-3.796),31,Low,2026-06-28 20:56:50
Vehicle_1688,97.74570198681774,96.01476593042416,97.22642116989964,23.331678,93.53880588802464,0.0002,0.0%,LOW,124,2480,temperature,-3.7885,Cooling system,Inspect coolant level and radiator,temperature signal is elevated (SHAP=-3.788),31,Low,2026-06-28 20:56:50
Vehicle_1689,80.0,88.74825221672972,82.62447566501892,16.85328,69.3243358423573,0.0005,0.1%,LOW,124,2480,temperature,-5.9391,Cooling system,Inspect coolant level and radiator,temperature signal is elevated (SHAP=-5.939),31,Low,2026-06-28 20:56:50
Vehicle_1690,63.40411954533708,91.21439236006482,71.7472013897554,23.5003,69.2911993058662,0.0002,0.0%,LOW,124,2480,temperature,-3.7572,Cooling system,Inspect coolant level and radiator,temperature signal is elevated (SHAP=-3.757),31,Low,2026-06-28 20:56:50
Vehicle_1691,97.46764392034126,100.0,98.22735074423888,24.402285,94.93641044654332,0.0002,0.0%,LOW,124,2480,temperature,-3.7653,Cooling system,Inspect coolant level and radiator,temperature signal is elevated (SHAP=-3.765),31,Low,2026-06-28 20:56:50
Vehicle_1692,65.0,62.06086239423173,64.11825871826952,7.881361,58.88312770980805,0.0002,0.0%,LOW,124,2480,temperature,-3.8235,Cooling system,Inspect coolant level and radiator,temperature signal is elevated (SHAP=-3.824),31,Low,2026-06-28 20:56:50
Vehicle_1693,67.23342672157965,97.62325222415492,76.35037437235222,25.280869,79.33487506824231,0.0002,0.0%,LOW,124,2480,temperature,-3.7367,Cooling system,Inspect coolant level and radiator,temperature signal is elevated (SHAP=-3.737),31,Low,2026-06-28 20:56:50
Vehicle_1694,68.26512649839557,88.33662729394254,74.28657673705966,16.028881,66.2392715010243,0.0005,0.1%,LOW,124,2480,temperature,-6.0609,Cooling system,Inspect coolant level and radiator,temperature signal is elevated (SHAP=-6.061),31,Low,2026-06-28 20:56:50
Vehicle_1695,90.0,78.00419262007543,86.40125778602263,19.30874,77.44159319562866,0.0002,0.0%,LOW,124,2480,temperature,-3.8213,Cooling system,Inspect coolant level and radiator,temperature signal is elevated (SHAP=-3.821),31,Low,2026-06-28 20:56:50
Vehicle_1696,92.47598930953995,85.686840163324,90.43924456567518,17.393625,85.40091477206991,0.0002,0.0%,LOW,124,2480,temperature,-3.7915,Cooling system,Inspect coolant level and radiator,temperature signal is elevated (SHAP=-3.792),31,Low,2026-06-28 20:56:50
Vehicle_1697,65.0,67.0,65.6,10.924864,60.75999999999999,0.0002,0.0%,LOW,124,2480,temperature,-3.8558,Cooling system,Inspect coolant level and radiator,temperature signal is elevated (SHAP=-3.856),31,Low,2026-06-28 20:56:51
Vehicle_1698,35.9984309111907,100.0,55.19890163783349,1.9827545,59.11934098270009,0.9988,99.9%,CRITICAL,5,100,temperature,4.561,Cooling system,Inspect coolant level and radiator,temperature signal is rapidly deteriorating (SHAP=4.561),1,Immediate,2026-06-28 20:56:51
Vehicle_1699,94.51088978768269,44.11470780749921,79.39203519362763,16.077429,70.45816267767643,0.0002,0.0%,LOW,124,2480,temperature,-3.7771,Cooling system,Inspect coolant level and radiator,temperature signal is elevated (SHAP=-3.777),31,Low,2026-06-28 20:56:51
Vehicle_1700,50.55755037076074,56.57223003757902,52.361954270806216,2.3263693,48.73161856999953,0.0009,0.1%,LOW,124,2480,temperature,-6.1981,Cooling system,Inspect coolant level and radiator,temperature signal is elevated (SHAP=-6.198),31,Low,2026-06-28 20:56:51
Vehicle_1701,100.0,100.0,100.0,15.603429,96.0,0.0003,0.0%,LOW,124,2480,temperature,-3.831,Cooling system,Inspect coolant level and radiator,temperature signal is elevated (SHAP=-3.831),31,Low,2026-06-28 20:56:51
Vehicle_1702,98.60329308787112,100.0,99.02230516150978,14.993679,95.41338309690586,0.0003,0.0%,LOW,124,2480,temperature,-3.8092,Cooling system,Inspect coolant level and radiator,temperature signal is elevated (SHAP=-3.809),31,Low,2026-06-28 20:56:51
Vehicle_1703,80.0,67.0,76.1,12.050134,63.06,0.0004,0.0%,LOW,124,2480,temperature,-6.0651,Cooling system,Inspect coolant level and radiator,temperature signal is elevated (SHAP=-6.065),31,Low,2026-06-28 20:56:51
Vehicle_1704,72.45195227634686,76.61591314531968,73.7011405370387,25.180113,67.54386695128716,0.0002,0.0%,LOW,124,2480,temperature,-3.825,Cooling system,Inspect coolant level and radiator,temperature signal is elevated (SHAP=-3.825),31,Low,2026-06-28 20:56:51
Vehicle_1705,100.0,99.3357875409056,99.80073626227168,99.68686,99.74759926554412,0.0003,0.0%,LOW,124,2480,temperature,-3.8314,Cooling system,Inspect coolant level and radiator,temperature signal is elevated (SHAP=-3.831),31,Low,2026-06-28 20:56:51
Vehicle_1706,52.9565344082489,92.6082658028284,64.85205382662275,2.9870272,65.43288545653934,0.0236,2.4%,LOW,122,2440,fault_count,-7.0539,ECU fault logs,Review and clear fault codes,fault_count signal is elevated (SHAP=-7.054),30,Low,2026-06-28 20:56:51
Vehicle_1707,100.0,100.0,100.0,19.392086,94.0,0.0003,0.0%,LOW,124,2480,temperature,-3.8462,Cooling system,Inspect coolant level and radiator,temperature signal is elevated (SHAP=-3.846),31,Low,2026-06-28 20:56:51
Vehicle_1708,100.0,78.19018615140908,93.45705584542272,17.09106,87.71227073753545,0.0002,0.0%,LOW,124,2480,temperature,-3.8296,Cooling system,Inspect coolant level and radiator,temperature signal is elevated (SHAP=-3.830),31,Low,2026-06-28 20:56:51
Vehicle_1709,68.26477677307724,58.081415370638425,65.20976835234559,12.069732,62.74214408553504,0.0002,0.0%,LOW,124,2480,temperature,-3.8838,Cooling system,Inspect coolant level and radiator,temperature signal is elevated (SHAP=-3.884),31,Low,2026-06-28 20:56:51
Vehicle_1710,95.0,100.0,96.5,19.392086,89.9,0.0003,0.0%,LOW,124,2480,temperature,-3.8269,Cooling system,Inspect coolant level and radiator,temperature signal is elevated (SHAP=-3.827),31,Low,2026-06-28 20:56:51
Vehicle_1711,72.9564207211002,82.88807902629499,75.93591821265863,20.665247,66.13916673285418,0.0004,0.0%,LOW,124,2480,temperature,-6.0112,Cooling system,Inspect coolant level and radiator,temperature signal is elevated (SHAP=-6.011),31,Low,2026-06-28 20:56:51
Vehicle_1712,95.0,67.0,86.6,20.984179,77.36,0.0003,0.0%,LOW,124,2480,temperature,-3.8197,Cooling system,Inspect coolant level and radiator,temperature signal is elevated (SHAP=-3.820),31,Low,2026-06-28 20:56:51
Vehicle_1713,90.7702784181508,59.78483327131693,81.47464487410065,17.09106,76.84175357872377,0.0002,0.0%,LOW,124,2480,temperature,-3.8185,Cooling system,Inspect coolant level and radiator,temperature signal is elevated (SHAP=-3.818),31,Low,2026-06-28 20:56:51
Vehicle_1714,68.87484830488641,100.0,78.21239381342048,17.713797,72.92743628805229,0.0004,0.0%,LOW,124,2480,temperature,-5.8337,Cooling system,Inspect coolant level and radiator,temperature signal is elevated (SHAP=-5.834),31,Low,2026-06-28 20:56:51
Vehicle_1715,70.0,68.26266930116122,69.47880079034837,19.513815,65.33981433444127,0.0002,0.0%,LOW,124,2480,temperature,-3.83,Cooling system,Inspect coolant level and radiator,temperature signal is elevated (SHAP=-3.830),31,Low,2026-06-28 20:56:51
Vehicle_1716,83.67901432864531,99.56378219217032,88.4444446877028,99.73325,92.97942325105576,0.0002,0.0%,LOW,124,2480,temperature,-3.7557,Cooling system,Inspect coolant level and radiator,temperature signal is elevated (SHAP=-3.756),31,Low,2026-06-28 20:56:51
Vehicle_1717,72.91466425053999,77.92495369014512,74.41775108242152,24.303907,68.23564138748193,0.0002,0.0%,LOW,124,2480,temperature,-3.8667,Cooling system,Inspect coolant level and radiator,temperature signal is elevated (SHAP=-3.867),31,Low,2026-06-28 20:56:51
Vehicle_1718,85.73397739350719,93.18567909307492,87.9694879033775,25.280869,81.41882856064149,0.0002,0.0%,LOW,124,2480,temperature,-3.7648,Cooling system,Inspect coolant level and radiator,temperature signal is elevated (SHAP=-3.765),31,Low,2026-06-28 20:56:51
Vehicle_1719,81.81126531673874,71.63431510551445,78.75818025337145,20.052576,71.58177117312576,0.0002,0.0%,LOW,124,2480,temperature,-3.8302,Cooling system,Inspect coolant level and radiator,temperature signal is elevated (SHAP=-3.830),31,Low,2026-06-28 20:56:51
Vehicle_1720,100.0,83.87179355106163,95.1615380653185,20.351988,91.87128154940342,0.0002,0.0%,LOW,124,2480,temperature,-3.8258,Cooling system,Inspect coolant level and radiator,temperature signal is elevated (SHAP=-3.826),31,Low,2026-06-28 20:56:51
Vehicle_1721,75.0,89.54316094098182,79.36294828229455,16.85328,77.5264011575731,0.0002,0.0%,LOW,124,2480,temperature,-3.8183,Cooling system,Inspect coolant level and radiator,temperature signal is elevated (SHAP=-3.818),31,Low,2026-06-28 20:56:51
Vehicle_1722,85.0,35.06382908206241,70.01914872461872,9.907097,57.02425505118371,0.0002,0.0%,LOW,124,2480,temperature,-3.9506,Cooling system,Inspect coolant level and radiator,temperature signal is elevated (SHAP=-3.951),31,Low,2026-06-28 20:56:51
Vehicle_1723,85.0,100.0,89.5,20.138336,81.69999999999999,0.0003,0.0%,LOW,124,2480,temperature,-3.8508,Cooling system,Inspect coolant level and radiator,temperature signal is elevated (SHAP=-3.851),31,Low,2026-06-28 20:56:51
Vehicle_1724,29.285597784919723,83.57693671119158,45.57299946280128,2.060163,52.05918701991908,0.03,3.0%,LOW,121,2420,fault_count,-7.2426,ECU fault logs,Review and clear fault codes,fault_count signal is elevated (SHAP=-7.243),30,Low,2026-06-28 20:56:51
Vehicle_1725,57.01804590442912,74.33099287711732,62.21192999623558,1.8517852,54.19335657316481,0.0076,0.8%,LOW,124,2480,temperature,-6.4844,Cooling system,Inspect coolant level and radiator,temperature signal is elevated (SHAP=-6.484),31,Low,2026-06-28 20:56:51
Vehicle_1726,90.0,74.83511179139117,85.45053353741734,17.715132,76.23734248072864,0.0002,0.0%,LOW,124,2480,temperature,-3.8272,Cooling system,Inspect coolant level and radiator,temperature signal is elevated (SHAP=-3.827),31,Low,2026-06-28 20:56:51
Vehicle_1727,95.0,97.68172117080827,95.80451635124248,20.138336,89.01905404490715,0.0003,0.0%,LOW,124,2480,temperature,-3.8368,Cooling system,Inspect coolant level and radiator,temperature signal is elevated (SHAP=-3.837),31,Low,2026-06-28 20:56:51
Vehicle_1728,90.0,100.0,93.0,17.713797,85.8,0.0003,0.0%,LOW,124,2480,temperature,-3.8503,Cooling system,Inspect coolant level and radiator,temperature signal is elevated (SHAP=-3.850),31,Low,2026-06-28 20:56:51
Vehicle_1729,100.0,71.93052797006132,91.5791583910184,18.110687,83.3336006286233,0.0002,0.0%,LOW,124,2480,temperature,-3.8213,Cooling system,Inspect coolant level and radiator,temperature signal is elevated (SHAP=-3.821),31,Low,2026-06-28 20:56:51
Vehicle_1730,100.0,95.27949865666196,98.5838495969986,19.392086,92.20620948953156,0.0002,0.0%,LOW,124,2480,temperature,-3.8181,Cooling system,Inspect coolant level and radiator,temperature signal is elevated (SHAP=-3.818),31,Low,2026-06-28 20:56:51
Vehicle_1731,85.0,38.03339331393714,70.91001799418113,6.8177643,58.152689459296106,0.0003,0.0%,LOW,124,2480,temperature,-3.9159,Cooling system,Inspect coolant level and radiator,temperature signal is elevated (SHAP=-3.916),31,Low,2026-06-28 20:56:51
Vehicle_1732,97.50121408428652,100.0,98.25084985900055,24.402285,92.95050991540036,0.0002,0.0%,LOW,124,2480,temperature,-3.7695,Cooling system,Inspect coolant level and radiator,temperature signal is elevated (SHAP=-3.769),31,Low,2026-06-28 20:56:51
Vehicle_1733,72.87321016540557,58.81577034140548,68.65597821820555,8.939523,58.95674099920442,0.0003,0.0%,LOW,124,2480,temperature,-5.863,Cooling system,Inspect coolant level and radiator,temperature signal is elevated (SHAP=-5.863),31,Low,2026-06-28 20:56:51
Vehicle_1734,80.0,78.49717816044762,79.54915344813429,19.657219,69.42892770097009,0.0003,0.0%,LOW,124,2480,temperature,-5.7842,Cooling system,Inspect coolant level and radiator,temperature signal is elevated (SHAP=-5.784),31,Low,2026-06-28 20:56:51
Vehicle_1735,80.0,91.69717518348338,83.509152555045,19.392086,70.44492656972368,0.0004,0.0%,LOW,124,2480,temperature,-5.921,Cooling system,Inspect coolant level and radiator,temperature signal is elevated (SHAP=-5.921),31,Low,2026-06-28 20:56:51
Vehicle_1736,62.56127838039461,86.44402437570204,69.72610217898684,18.20426,77.12446618253252,0.0002,0.0%,LOW,124,2480,temperature,-3.7233,Cooling system,Inspect coolant level and radiator,temperature signal is elevated (SHAP=-3.723),31,Low,2026-06-28 20:56:51
Vehicle_1737,100.0,87.44457871397725,96.23337361419316,16.39558,89.22893991131136,0.0002,0.0%,LOW,124,2480,temperature,-3.8049,Cooling system,Inspect coolant level and radiator,temperature signal is elevated (SHAP=-3.805),31,Low,2026-06-28 20:56:51
Vehicle_1738,80.0,100.0,86.0,19.047188,77.6,0.0004,0.0%,LOW,124,2480,temperature,-5.8296,Cooling system,Inspect coolant level and radiator,temperature signal is elevated (SHAP=-5.830),31,Low,2026-06-28 20:56:51
Vehicle_1739,95.0,87.09896611861089,92.62968983558326,16.77857,84.99760712507214,0.0003,0.0%,LOW,124,2480,temperature,-3.7904,Cooling system,Inspect coolant level and radiator,temperature signal is elevated (SHAP=-3.790),31,Low,2026-06-28 20:56:51
Vehicle_1740,85.0,91.52508337175568,86.9575250115267,17.152506,78.47953168126716,0.0002,0.0%,LOW,124,2480,temperature,-3.8108,Cooling system,Inspect coolant level and radiator,temperature signal is elevated (SHAP=-3.811),31,Low,2026-06-28 20:56:51
Vehicle_1741,61.90017223044876,64.59813219802126,62.709560220720505,6.1061916,56.54536257203655,0.0004,0.0%,LOW,124,2480,temperature,-5.9434,Cooling system,Inspect coolant level and radiator,temperature signal is elevated (SHAP=-5.943),31,Low,2026-06-28 20:56:51
Vehicle_1742,60.0,100.0,72.0,3.925395,67.19999999999999,0.9958,99.6%,CRITICAL,5,100,temperature,4.6967,Cooling system,Inspect coolant level and radiator,temperature signal is rapidly deteriorating (SHAP=4.697),1,Immediate,2026-06-28 20:56:51
Vehicle_1743,74.8025053742924,78.49942511940455,75.91158129782605,17.09106,77.24683380257653,0.0002,0.0%,LOW,124,2480,temperature,-3.7912,Cooling system,Inspect coolant level and radiator,temperature signal is elevated (SHAP=-3.791),31,Low,2026-06-28 20:56:51
Vehicle_1744,96.31168920552196,100.0,97.41818244386536,24.402285,94.45090946631922,0.0002,0.0%,LOW,124,2480,temperature,-3.7911,Cooling system,Inspect coolant level and radiator,temperature signal is elevated (SHAP=-3.791),31,Low,2026-06-28 20:56:51
Vehicle_1745,77.77511575289596,100.0,84.44258102702716,21.381533,82.66554861621628,0.0002,0.0%,LOW,124,2480,temperature,-3.7911,Cooling system,Inspect coolant level and radiator,temperature signal is elevated (SHAP=-3.791),31,Low,2026-06-28 20:56:51
Vehicle_1746,83.86260059553538,100.0,88.70382041687476,24.402285,83.22229225012487,0.0002,0.0%,LOW,124,2480,temperature,-3.7418,Cooling system,Inspect coolant level and radiator,temperature signal is elevated (SHAP=-3.742),31,Low,2026-06-28 20:56:51
Vehicle_1747,60.0,100.0,72.0,3.4210622,65.19999999999999,0.0015,0.1%,LOW,124,2480,temperature,-6.2434,Cooling system,Inspect coolant level and radiator,temperature signal is elevated (SHAP=-6.243),31,Low,2026-06-28 20:56:51
Vehicle_1748,100.0,67.0,90.1,99.70513,87.46,0.0002,0.0%,LOW,124,2480,temperature,-3.8191,Cooling system,Inspect coolant level and radiator,temperature signal is elevated (SHAP=-3.819),31,Low,2026-06-28 20:56:51
Vehicle_1749,100.0,88.53246014440876,96.55973804332262,19.392086,91.64233485487532,0.0002,0.0%,LOW,124,2480,temperature,-3.7995,Cooling system,Inspect coolant level and radiator,temperature signal is elevated (SHAP=-3.800),31,Low,2026-06-28 20:56:51
Vehicle_1750,63.21432551031134,83.06185857399925,69.1685854294177,7.0988297,60.11352297245047,0.0005,0.1%,LOW,124,2480,temperature,-6.1445,Cooling system,Inspect coolant level and radiator,temperature signal is elevated (SHAP=-6.144),31,Low,2026-06-28 20:56:51
Vehicle_1751,85.0,100.0,89.5,20.079834,81.69999999999999,0.0003,0.0%,LOW,124,2480,temperature,-3.8269,Cooling system,Inspect coolant level and radiator,temperature signal is elevated (SHAP=-3.827),31,Low,2026-06-28 20:56:51
Vehicle_1752,85.0,71.62456492135203,80.9873694764056,19.657219,70.91733467011377,0.0002,0.0%,LOW,124,2480,temperature,-3.7995,Cooling system,Inspect coolant level and radiator,temperature signal is elevated (SHAP=-3.800),31,Low,2026-06-28 20:56:51
Vehicle_1753,80.0,86.90358634218009,82.07107590265403,24.303907,82.62336281002844,0.0002,0.0%,LOW,124,2480,temperature,-3.7348,Cooling system,Inspect coolant level and radiator,temperature signal is elevated (SHAP=-3.735),31,Low,2026-06-28 20:56:52
Vehicle_1754,85.0,61.65243554521883,77.99573066356564,13.79109,67.12792550718315,0.0002,0.0%,LOW,124,2480,temperature,-3.9599,Cooling system,Inspect coolant level and radiator,temperature signal is elevated (SHAP=-3.960),31,Low,2026-06-28 20:56:52
Vehicle_1755,80.0,97.82699710704384,85.34809913211315,12.938285,84.77425890067666,0.0002,0.0%,LOW,124,2480,temperature,-3.8217,Cooling system,Inspect coolant level and radiator,temperature signal is elevated (SHAP=-3.822),31,Low,2026-06-28 20:56:52
Vehicle_1756,51.1361111916909,67.0,55.89527783418363,1.9097686,52.937166700510176,0.0018,0.2%,LOW,124,2480,temperature,-6.2832,Cooling system,Inspect coolant level and radiator,temperature signal is elevated (SHAP=-6.283),31,Low,2026-06-28 20:56:52
Vehicle_1757,57.56007765510908,100.0,70.29205435857635,99.49035,82.1752326151458,0.0022,0.2%,LOW,124,2480,fault_count,-6.2204,ECU fault logs,Review and clear fault codes,fault_count signal is elevated (SHAP=-6.220),31,Low,2026-06-28 20:56:52
Vehicle_1758,59.47547557197876,100.0,71.63283290038513,2.6254058,78.97969974023107,0.0185,1.8%,LOW,122,2440,fault_count,-7.1809,ECU fault logs,Review and clear fault codes,fault_count signal is elevated (SHAP=-7.181),30,Low,2026-06-28 20:56:52
Vehicle_1759,85.0,52.74743665128158,75.32423099538447,9.314358,63.744025927487,0.0002,0.0%,LOW,124,2480,temperature,-3.9287,Cooling system,Inspect coolant level and radiator,temperature signal is elevated (SHAP=-3.929),31,Low,2026-06-28 20:56:52
Vehicle_1760,65.0,96.67725442440316,74.50317632732094,12.938285,72.0373566812732,0.0002,0.0%,LOW,124,2480,temperature,-3.7987,Cooling system,Inspect coolant level and radiator,temperature signal is elevated (SHAP=-3.799),31,Low,2026-06-28 20:56:52
Vehicle_1761,71.42009536576505,88.1678710530016,76.44442807193602,20.8457,67.50023105376192,0.0004,0.0%,LOW,124,2480,temperature,-6.0051,Cooling system,Inspect coolant level and radiator,temperature signal is elevated (SHAP=-6.005),31,Low,2026-06-28 20:56:52
Vehicle_1762,80.0,61.741488517745296,74.52244655532358,8.166957,61.0617656367432,0.0005,0.1%,LOW,124,2480,temperature,-6.0332,Cooling system,Inspect coolant level and radiator,temperature signal is elevated (SHAP=-6.033),31,Low,2026-06-28 20:56:52
Vehicle_1763,100.0,72.82021951648801,91.8460658549464,99.69827,89.67168341626544,0.0002,0.0%,LOW,124,2480,temperature,-3.8218,Cooling system,Inspect coolant level and radiator,temperature signal is elevated (SHAP=-3.822),31,Low,2026-06-28 20:56:52
Vehicle_1764,99.16208391631636,100.0,99.41345874142144,99.67958,99.64807524485286,0.0003,0.0%,LOW,124,2480,temperature,-3.8352,Cooling system,Inspect coolant level and radiator,temperature signal is elevated (SHAP=-3.835),31,Low,2026-06-28 20:56:52
Vehicle_1765,80.0,67.0,76.1,25.180113,73.06,0.0002,0.0%,LOW,124,2480,temperature,-3.7472,Cooling system,Inspect coolant level and radiator,temperature signal is elevated (SHAP=-3.747),31,Low,2026-06-28 20:56:52
Vehicle_1766,80.0,37.00587001511734,67.1017610045352,5.9724035,49.66223060574459,0.0004,0.0%,LOW,124,2480,temperature,-6.0507,Cooling system,Inspect coolant level and radiator,temperature signal is elevated (SHAP=-6.051),31,Low,2026-06-28 20:56:52
Vehicle_1767,95.0,89.73818277499464,93.4214548324984,20.079834,86.00050945449797,0.0002,0.0%,LOW,124,2480,temperature,-3.8183,Cooling system,Inspect coolant level and radiator,temperature signal is elevated (SHAP=-3.818),31,Low,2026-06-28 20:56:52
Vehicle_1768,64.73619122587101,88.2644858864139,71.79467962403388,10.531509,64.7297049517031,0.0004,0.0%,LOW,124,2480,temperature,-6.0992,Cooling system,Inspect coolant level and radiator,temperature signal is elevated (SHAP=-6.099),31,Low,2026-06-28 20:56:52
Vehicle_1769,100.0,96.24297855410389,98.87289356623116,99.67958,98.57233185055948,0.0002,0.0%,LOW,124,2480,temperature,-3.8261,Cooling system,Inspect coolant level and radiator,temperature signal is elevated (SHAP=-3.826),31,Low,2026-06-28 20:56:52
Vehicle_1770,50.0,81.03312641110057,59.30993792333017,1.2731314,53.792588036218206,0.9995,100.0%,CRITICAL,5,100,temperature,4.6821,Cooling system,Inspect coolant level and radiator,temperature signal is rapidly deteriorating (SHAP=4.682),1,Immediate,2026-06-28 20:56:52
Vehicle_1771,100.0,100.0,100.0,99.67958,100.0,0.0003,0.0%,LOW,124,2480,temperature,-3.8339,Cooling system,Inspect coolant level and radiator,temperature signal is elevated (SHAP=-3.834),31,Low,2026-06-28 20:56:52
Vehicle_1772,67.746426119408,94.39998232476084,75.74249298101384,19.701874,68.32549225356047,0.0005,0.1%,LOW,124,2480,temperature,-5.9885,Cooling system,Inspect coolant level and radiator,temperature signal is elevated (SHAP=-5.989),31,Low,2026-06-28 20:56:52
Vehicle_1773,80.0,95.59254934551778,84.67776480365534,20.138336,73.92516875129675,0.0005,0.1%,LOW,124,2480,temperature,-5.9341,Cooling system,Inspect coolant level and radiator,temperature signal is elevated (SHAP=-5.934),31,Low,2026-06-28 20:56:52
Vehicle_1774,70.0,95.00435897721624,77.50130769316488,16.85328,81.50165641134217,0.0023,0.2%,LOW,124,2480,fault_count,-6.1623,ECU fault logs,Review and clear fault codes,fault_count signal is elevated (SHAP=-6.162),31,Low,2026-06-28 20:56:52
Vehicle_1775,69.38426832915276,100.0,78.56898783040694,16.85328,81.14139269824416,0.0003,0.0%,LOW,124,2480,temperature,-3.8268,Cooling system,Inspect coolant level and radiator,temperature signal is elevated (SHAP=-3.827),31,Low,2026-06-28 20:56:52
Vehicle_1776,87.52828939891296,100.0,91.26980257923908,19.392086,84.76188154754344,0.0003,0.0%,LOW,124,2480,temperature,-3.8097,Cooling system,Inspect coolant level and radiator,temperature signal is elevated (SHAP=-3.810),31,Low,2026-06-28 20:56:52
Vehicle_1777,64.4258122614988,99.04329534518664,74.81105718660515,25.280869,70.69529338100043,0.0003,0.0%,LOW,124,2480,temperature,-5.7236,Cooling system,Inspect coolant level and radiator,temperature signal is elevated (SHAP=-5.724),31,Low,2026-06-28 20:56:52
Vehicle_1778,99.34574642276762,100.0,99.54202249593732,18.618567,97.7252134975624,0.0003,0.0%,LOW,124,2480,temperature,-3.8355,Cooling system,Inspect coolant level and radiator,temperature signal is elevated (SHAP=-3.836),31,Low,2026-06-28 20:56:52
Vehicle_1779,80.0,67.0,76.1,19.399792,75.06,0.0002,0.0%,LOW,124,2480,temperature,-3.7472,Cooling system,Inspect coolant level and radiator,temperature signal is elevated (SHAP=-3.747),31,Low,2026-06-28 20:56:52
Vehicle_1780,39.49014749590217,67.0,47.74310324713152,1.434654,48.04586194827891,0.9987,99.9%,CRITICAL,5,100,temperature,4.7635,Cooling system,Inspect coolant level and radiator,temperature signal is rapidly deteriorating (SHAP=4.763),1,Immediate,2026-06-28 20:56:52
Vehicle_1781,65.72415804440482,90.49503070252624,73.15541984184124,13.591689,65.99225804560999,0.0005,0.1%,LOW,124,2480,temperature,-6.1023,Cooling system,Inspect coolant level and radiator,temperature signal is elevated (SHAP=-6.102),31,Low,2026-06-28 20:56:52
Vehicle_1782,67.91345187744241,69.01601056069096,68.24421948241698,18.53739,72.74973380158838,0.0002,0.0%,LOW,124,2480,temperature,-3.7207,Cooling system,Inspect coolant level and radiator,temperature signal is elevated (SHAP=-3.721),31,Low,2026-06-28 20:56:52
Vehicle_1783,73.83219901162056,100.0,81.68253930813438,25.280869,73.00952358488063,0.0004,0.0%,LOW,124,2480,temperature,-5.816,Cooling system,Inspect coolant level and radiator,temperature signal is elevated (SHAP=-5.816),31,Low,2026-06-28 20:56:52
Vehicle_1784,80.0,58.08027888602783,73.42408366580835,8.166957,59.67050597669058,0.0005,0.1%,LOW,124,2480,temperature,-6.0284,Cooling system,Inspect coolant level and radiator,temperature signal is elevated (SHAP=-6.028),31,Low,2026-06-28 20:56:52
Vehicle_1785,49.367166052003824,66.0,54.35701623640267,2.3263693,49.8142097418416,0.0019,0.2%,LOW,124,2480,temperature,-6.4195,Cooling system,Inspect coolant level and radiator,temperature signal is elevated (SHAP=-6.420),31,Low,2026-06-28 20:56:52
Vehicle_1786,50.824247156672925,71.19767805223877,56.93627642534267,5.3181114,64.40130146565335,0.0002,0.0%,LOW,124,2480,temperature,-3.8493,Cooling system,Inspect coolant level and radiator,temperature signal is elevated (SHAP=-3.849),31,Low,2026-06-28 20:56:52
Vehicle_1787,65.0,91.57271458825652,72.97181437647696,14.993679,70.09763154353747,0.0002,0.0%,LOW,124,2480,temperature,-3.8054,Cooling system,Inspect coolant level and radiator,temperature signal is elevated (SHAP=-3.805),31,Low,2026-06-28 20:56:52
Vehicle_1788,80.0,69.62256382369651,76.88676914710895,20.146257,78.05657425300467,0.0002,0.0%,LOW,124,2480,temperature,-3.742,Cooling system,Inspect coolant level and radiator,temperature signal is elevated (SHAP=-3.742),31,Low,2026-06-28 20:56:52
Vehicle_1789,100.0,98.13315591712814,99.43994677513844,13.161814,97.2905992485087,0.0003,0.0%,LOW,124,2480,temperature,-3.8344,Cooling system,Inspect coolant level and radiator,temperature signal is elevated (SHAP=-3.834),31,Low,2026-06-28 20:56:52
Vehicle_1790,80.0,67.0,76.1,99.59825,79.06,0.0002,0.0%,LOW,124,2480,temperature,-3.801,Cooling system,Inspect coolant level and radiator,temperature signal is elevated (SHAP=-3.801),31,Low,2026-06-28 20:56:52
Vehicle_1791,91.13403244635184,97.49711662592452,93.04295770022364,23.994816,87.32519794531909,0.0002,0.0%,LOW,124,2480,temperature,-3.7398,Cooling system,Inspect coolant level and radiator,temperature signal is elevated (SHAP=-3.740),31,Low,2026-06-28 20:56:52
Vehicle_1792,80.0,67.51151021519765,76.2534530645593,15.957141,65.25437388177511,0.0003,0.0%,LOW,124,2480,temperature,-5.9818,Cooling system,Inspect coolant level and radiator,temperature signal is elevated (SHAP=-5.982),31,Low,2026-06-28 20:56:52
Vehicle_1793,100.0,85.42179141184042,95.62653742355212,19.657219,92.46028073649936,0.0002,0.0%,LOW,124,2480,temperature,-3.7966,Cooling system,Inspect coolant level and radiator,temperature signal is elevated (SHAP=-3.797),31,Low,2026-06-28 20:56:52
Vehicle_1794,100.0,100.0,100.0,19.392086,98.0,0.0003,0.0%,LOW,124,2480,temperature,-3.8394,Cooling system,Inspect coolant level and radiator,temperature signal is elevated (SHAP=-3.839),31,Low,2026-06-28 20:56:52
Vehicle_1795,84.54856883730174,95.50176981187391,87.8345291296734,20.138336,87.80107144017882,0.0002,0.0%,LOW,124,2480,temperature,-3.788,Cooling system,Inspect coolant level and radiator,temperature signal is elevated (SHAP=-3.788),31,Low,2026-06-28 20:56:52
Vehicle_1796,100.0,67.0,90.1,17.09106,85.46,0.0002,0.0%,LOW,124,2480,temperature,-3.8172,Cooling system,Inspect coolant level and radiator,temperature signal is elevated (SHAP=-3.817),31,Low,2026-06-28 20:56:52
Vehicle_1797,53.807132025873,47.65550156254861,51.96164288687568,1.8940032,44.70808604463512,0.0082,0.8%,LOW,123,2460,temperature,-6.4937,Cooling system,Inspect coolant level and radiator,temperature signal is elevated (SHAP=-6.494),30,Low,2026-06-28 20:56:52
Vehicle_1798,94.6695892570631,67.0,86.36871247994415,19.657219,83.22122748796649,0.0002,0.0%,LOW,124,2480,temperature,-3.7995,Cooling system,Inspect coolant level and radiator,temperature signal is elevated (SHAP=-3.800),31,Low,2026-06-28 20:56:52
Vehicle_1799,100.0,67.0,90.1,19.657219,83.46,0.0002,0.0%,LOW,124,2480,temperature,-3.8213,Cooling system,Inspect coolant level and radiator,temperature signal is elevated (SHAP=-3.821),31,Low,2026-06-28 20:56:52
Vehicle_1800,100.0,60.69144240621061,88.20743272186319,20.351988,79.06274811436003,0.0002,0.0%,LOW,124,2480,temperature,-3.8034,Cooling system,Inspect coolant level and radiator,temperature signal is elevated (SHAP=-3.803),31,Low,2026-06-28 20:56:52
Vehicle_1801,80.0,96.03184127805676,84.80955238341703,21.010471,86.09209968566157,0.0002,0.0%,LOW,124,2480,temperature,-3.7299,Cooling system,Inspect coolant level and radiator,temperature signal is elevated (SHAP=-3.730),31,Low,2026-06-28 20:56:52
Vehicle_1802,76.72636185090866,99.01999769180892,83.41445260317874,19.725693,71.85267110026903,0.0005,0.1%,LOW,124,2480,temperature,-5.8945,Cooling system,Inspect coolant level and radiator,temperature signal is elevated (SHAP=-5.894),31,Low,2026-06-28 20:56:52
Vehicle_1803,100.0,100.0,100.0,20.8457,96.0,0.0002,0.0%,LOW,124,2480,temperature,-3.8236,Cooling system,Inspect coolant level and radiator,temperature signal is elevated (SHAP=-3.824),31,Low,2026-06-28 20:56:52
Vehicle_1804,95.0,90.62068084248747,93.68620425274624,19.047188,86.33585872014524,0.0002,0.0%,LOW,124,2480,temperature,-3.8183,Cooling system,Inspect coolant level and radiator,temperature signal is elevated (SHAP=-3.818),31,Low,2026-06-28 20:56:52
Vehicle_1805,90.0,87.23906139062552,89.17171841718765,17.393625,80.95084332843768,0.0002,0.0%,LOW,124,2480,temperature,-3.8296,Cooling system,Inspect coolant level and radiator,temperature signal is elevated (SHAP=-3.830),31,Low,2026-06-28 20:56:52
Vehicle_1806,70.0,74.04435610347184,71.21330683104155,19.618338,73.5368553193193,0.0002,0.0%,LOW,124,2480,temperature,-3.7917,Cooling system,Inspect coolant level and radiator,temperature signal is elevated (SHAP=-3.792),31,Low,2026-06-28 20:56:52
Vehicle_1807,90.68894618320628,72.80644177098429,85.32419485953967,17.715132,77.75580526992066,0.0002,0.0%,LOW,124,2480,temperature,-3.7943,Cooling system,Inspect coolant level and radiator,temperature signal is elevated (SHAP=-3.794),31,Low,2026-06-28 20:56:52
Vehicle_1808,100.0,38.49990010993053,81.54997003297916,17.09106,74.62996204177361,0.0002,0.0%,LOW,124,2480,temperature,-3.8057,Cooling system,Inspect coolant level and radiator,temperature signal is elevated (SHAP=-3.806),31,Low,2026-06-28 20:56:53
Vehicle_1809,95.0,77.80476880240585,89.84143064072175,19.657219,81.46581214491422,0.0002,0.0%,LOW,124,2480,temperature,-3.8296,Cooling system,Inspect coolant level and radiator,temperature signal is elevated (SHAP=-3.830),31,Low,2026-06-28 20:56:53
Vehicle_1810,65.8211835057231,76.64907048936718,69.06954960081632,99.74884,76.77154385836323,0.0002,0.0%,LOW,124,2480,temperature,-3.7504,Cooling system,Inspect coolant level and radiator,temperature signal is elevated (SHAP=-3.750),31,Low,2026-06-28 20:56:53
Vehicle_1811,94.72529871360628,89.80619955557478,93.24956896619685,20.8457,85.91098129083305,0.0002,0.0%,LOW,124,2480,temperature,-3.826,Cooling system,Inspect coolant level and radiator,temperature signal is elevated (SHAP=-3.826),31,Low,2026-06-28 20:56:53
Vehicle_1812,92.33323085118258,97.41218293158715,93.85691647530396,24.402285,89.79658647149981,0.0002,0.0%,LOW,124,2480,temperature,-3.7786,Cooling system,Inspect coolant level and radiator,temperature signal is elevated (SHAP=-3.779),31,Low,2026-06-28 20:56:53
Vehicle_1813,100.0,69.54437264116739,90.86331179235022,19.657219,82.4268616036436,0.0002,0.0%,LOW,124,2480,temperature,-3.7941,Cooling system,Inspect coolant level and radiator,temperature signal is elevated (SHAP=-3.794),31,Low,2026-06-28 20:56:53
Vehicle_1814,100.0,89.68587110627561,96.90576133188269,16.85328,94.08063102038471,0.0002,0.0%,LOW,124,2480,temperature,-3.8172,Cooling system,Inspect coolant level and radiator,temperature signal is elevated (SHAP=-3.817),31,Low,2026-06-28 20:56:53
Vehicle_1815,80.0,68.25842016513855,76.47752604954157,9.547502,61.538199662752646,0.0004,0.0%,LOW,124,2480,temperature,-6.0951,Cooling system,Inspect coolant level and radiator,temperature signal is elevated (SHAP=-6.095),31,Low,2026-06-28 20:56:53
Vehicle_1816,100.0,85.35153304649579,95.60545991394874,99.68493,94.4335825576684,0.0002,0.0%,LOW,124,2480,temperature,-3.7912,Cooling system,Inspect coolant level and radiator,temperature signal is elevated (SHAP=-3.791),31,Low,2026-06-28 20:56:53
Vehicle_1817,90.06938977280205,86.02296249509948,88.85546158949128,19.970196,88.51786945271466,0.0002,0.0%,LOW,124,2480,temperature,-3.8218,Cooling system,Inspect coolant level and radiator,temperature signal is elevated (SHAP=-3.822),31,Low,2026-06-28 20:56:53
Vehicle_1818,82.0208347102664,100.0,87.41458429718648,16.85328,90.44875057831187,0.0003,0.0%,LOW,124,2480,temperature,-3.8394,Cooling system,Inspect coolant level and radiator,temperature signal is elevated (SHAP=-3.839),31,Low,2026-06-28 20:56:53
Vehicle_1819,75.48053118145418,56.11308511926914,69.67029736279866,6.8177643,55.02479544153302,0.0005,0.1%,LOW,124,2480,temperature,-6.06,Cooling system,Inspect coolant level and radiator,temperature signal is elevated (SHAP=-6.060),31,Low,2026-06-28 20:56:53
Vehicle_1820,94.46371410451826,88.59322659907343,92.7025678528848,24.402285,87.34018603154557,0.0002,0.0%,LOW,124,2480,temperature,-3.7496,Cooling system,Inspect coolant level and radiator,temperature signal is elevated (SHAP=-3.750),31,Low,2026-06-28 20:56:53
Vehicle_1821,95.0,50.64975361920838,81.69492608576252,20.657724,71.14690637529918,0.0002,0.0%,LOW,124,2480,temperature,-3.8057,Cooling system,Inspect coolant level and radiator,temperature signal is elevated (SHAP=-3.806),31,Low,2026-06-28 20:56:53
Vehicle_1822,66.11722523590564,68.63264622305607,66.87185153205075,6.829685,59.84964016384166,0.0003,0.0%,LOW,124,2480,temperature,-5.9637,Cooling system,Inspect coolant level and radiator,temperature signal is elevated (SHAP=-5.964),31,Low,2026-06-28 20:56:53
Vehicle_1823,60.0,64.27031093598245,61.281093280794735,99.63037,69.62271815567334,0.0002,0.0%,LOW,124,2480,temperature,-3.7472,Cooling system,Inspect coolant level and radiator,temperature signal is elevated (SHAP=-3.747),31,Low,2026-06-28 20:56:53
Vehicle_1824,81.27755275954543,85.44804420111699,82.52870019201688,99.74951,86.60682895543353,0.0002,0.0%,LOW,124,2480,temperature,-3.75,Cooling system,Inspect coolant level and radiator,temperature signal is elevated (SHAP=-3.750),31,Low,2026-06-28 20:56:53
Vehicle_1825,100.0,92.9681270762054,97.8904381228616,19.047188,95.32788828895804,0.0002,0.0%,LOW,124,2480,temperature,-3.7944,Cooling system,Inspect coolant level and radiator,temperature signal is elevated (SHAP=-3.794),31,Low,2026-06-28 20:56:53
Vehicle_1826,74.78616818996727,100.0,82.35031773297709,16.919046,77.41019063978625,0.0003,0.0%,LOW,124,2480,temperature,-3.8269,Cooling system,Inspect coolant level and radiator,temperature signal is elevated (SHAP=-3.827),31,Low,2026-06-28 20:56:53
Vehicle_1827,64.18410876115664,69.59716716266517,65.80802628160919,6.083989,55.404249201498544,0.0005,0.1%,LOW,124,2480,temperature,-6.0943,Cooling system,Inspect coolant level and radiator,temperature signal is elevated (SHAP=-6.094),31,Low,2026-06-28 20:56:53
Vehicle_1828,41.3209586311381,87.58909164430779,55.201398535089,2.060163,58.63865744991496,0.0283,2.8%,LOW,121,2420,fault_count,-7.2381,ECU fault logs,Review and clear fault codes,fault_count signal is elevated (SHAP=-7.238),30,Low,2026-06-28 20:56:53
Vehicle_1829,80.0,67.0,76.1,15.398699,63.06,0.0004,0.0%,LOW,124,2480,temperature,-6.0996,Cooling system,Inspect coolant level and radiator,temperature signal is elevated (SHAP=-6.100),31,Low,2026-06-28 20:56:53
Vehicle_1830,52.99463575088396,100.0,67.09624502561877,8.142769,64.25774701537125,0.0005,0.1%,LOW,124,2480,temperature,-5.9443,Cooling system,Inspect coolant level and radiator,temperature signal is elevated (SHAP=-5.944),31,Low,2026-06-28 20:56:53
Vehicle_1831,64.3620766086907,80.26768486202432,69.13375908469078,23.805029,73.53379242321934,0.0002,0.0%,LOW,124,2480,temperature,-3.7111,Cooling system,Inspect coolant level and radiator,temperature signal is elevated (SHAP=-3.711),31,Low,2026-06-28 20:56:53
Vehicle_1832,100.0,100.0,100.0,16.54427,98.0,0.0003,0.0%,LOW,124,2480,temperature,-3.8394,Cooling system,Inspect coolant level and radiator,temperature signal is elevated (SHAP=-3.839),31,Low,2026-06-28 20:56:53
Vehicle_1833,94.49151691573692,100.0,96.14406184101584,23.994816,95.6864371046095,0.0002,0.0%,LOW,124,2480,temperature,-3.7786,Cooling system,Inspect coolant level and radiator,temperature signal is elevated (SHAP=-3.779),31,Low,2026-06-28 20:56:53
Vehicle_1834,77.56151144919892,88.6494020595654,80.88787863230885,16.919046,72.26260759129839,0.0004,0.0%,LOW,124,2480,temperature,-5.7788,Cooling system,Inspect coolant level and radiator,temperature signal is elevated (SHAP=-5.779),31,Low,2026-06-28 20:56:53
Vehicle_1835,77.640150985545,74.86536386736276,76.80771485009032,17.636086,69.05770168352674,0.0002,0.0%,LOW,124,2480,temperature,-3.926,Cooling system,Inspect coolant level and radiator,temperature signal is elevated (SHAP=-3.926),31,Low,2026-06-28 20:56:53
Vehicle_1836,60.0,91.47447288407608,69.44234186522283,4.412073,63.96029969594891,0.0004,0.0%,LOW,124,2480,temperature,-5.9532,Cooling system,Inspect coolant level and radiator,temperature signal is elevated (SHAP=-5.953),31,Low,2026-06-28 20:56:53
Vehicle_1837,90.0,97.50358296730754,92.25107489019226,19.725693,84.85136152757686,0.0002,0.0%,LOW,124,2480,temperature,-3.8236,Cooling system,Inspect coolant level and radiator,temperature signal is elevated (SHAP=-3.824),31,Low,2026-06-28 20:56:53
Vehicle_1838,80.0,86.54391997942908,81.96317599382873,17.157566,68.48668959218305,0.0004,0.0%,LOW,124,2480,temperature,-6.034,Cooling system,Inspect coolant level and radiator,temperature signal is elevated (SHAP=-6.034),31,Low,2026-06-28 20:56:53
Vehicle_1839,60.0,82.44336624524112,66.73300987357234,1.0391295,60.52847917319163,0.9996,100.0%,CRITICAL,5,100,temperature,4.8242,Cooling system,Inspect coolant level and radiator,temperature signal is rapidly deteriorating (SHAP=4.824),1,Immediate,2026-06-28 20:56:53
Vehicle_1840,80.0,100.0,86.0,15.233374,75.6,0.0005,0.1%,LOW,124,2480,temperature,-5.9228,Cooling system,Inspect coolant level and radiator,temperature signal is elevated (SHAP=-5.923),31,Low,2026-06-28 20:56:53
Vehicle_1841,66.81428391283296,99.96004153245428,76.75801119871934,19.392086,70.04681502572247,0.0005,0.1%,LOW,124,2480,temperature,-5.9019,Cooling system,Inspect coolant level and radiator,temperature signal is elevated (SHAP=-5.902),31,Low,2026-06-28 20:56:53
Vehicle_1842,99.48685233248892,86.03622093460187,95.4516629131228,19.814772,92.47824193479406,0.0002,0.0%,LOW,124,2480,temperature,-3.8258,Cooling system,Inspect coolant level and radiator,temperature signal is elevated (SHAP=-3.826),31,Low,2026-06-28 20:56:53
Vehicle_1843,48.26594125567394,67.0,53.88615887897176,2.295369,51.73169532738305,0.0034,0.3%,LOW,124,2480,temperature,-6.3515,Cooling system,Inspect coolant level and radiator,temperature signal is elevated (SHAP=-6.351),31,Low,2026-06-28 20:56:53
Vehicle_1844,80.0,99.28024005876098,85.78407201762829,21.156872,73.32649122232917,0.0005,0.1%,LOW,124,2480,temperature,-5.9313,Cooling system,Inspect coolant level and radiator,temperature signal is elevated (SHAP=-5.931),31,Low,2026-06-28 20:56:53
Vehicle_1845,100.0,79.08910130821727,93.7267303924652,20.351988,88.05385849712256,0.0002,0.0%,LOW,124,2480,temperature,-3.8133,Cooling system,Inspect coolant level and radiator,temperature signal is elevated (SHAP=-3.813),31,Low,2026-06-28 20:56:53
Vehicle_1846,60.0,94.38218254053288,70.31465476215986,5.5098057,65.06522936540249,0.0005,0.1%,LOW,124,2480,temperature,-6.0615,Cooling system,Inspect coolant level and radiator,temperature signal is elevated (SHAP=-6.061),31,Low,2026-06-28 20:56:53
Vehicle_1847,100.0,94.24409432270411,98.27322829681124,16.85328,91.81275584262757,0.0002,0.0%,LOW,124,2480,temperature,-3.8296,Cooling system,Inspect coolant level and radiator,temperature signal is elevated (SHAP=-3.830),31,Low,2026-06-28 20:56:53
Vehicle_1848,80.0,67.0,76.1,20.39051,75.06,0.0002,0.0%,LOW,124,2480,temperature,-3.7408,Cooling system,Inspect coolant level and radiator,temperature signal is elevated (SHAP=-3.741),31,Low,2026-06-28 20:56:53
Vehicle_1849,80.0,93.087847792791,83.9263543378373,19.725693,74.97338216126057,0.0003,0.0%,LOW,124,2480,temperature,-5.7967,Cooling system,Inspect coolant level and radiator,temperature signal is elevated (SHAP=-5.797),31,Low,2026-06-28 20:56:53
Vehicle_1850,90.15865430324877,100.0,93.11105801227411,16.54427,93.86663480736448,0.0003,0.0%,LOW,124,2480,temperature,-3.8009,Cooling system,Inspect coolant level and radiator,temperature signal is elevated (SHAP=-3.801),31,Low,2026-06-28 20:56:53
Vehicle_1851,78.42832582155357,100.0,84.8998280750875,23.994816,82.93989684505249,0.0002,0.0%,LOW,124,2480,temperature,-3.7674,Cooling system,Inspect coolant level and radiator,temperature signal is elevated (SHAP=-3.767),31,Low,2026-06-28 20:56:53
Vehicle_1852,79.69953175869198,93.6865348930892,83.89563269901114,20.987064,71.07468659802453,0.0004,0.0%,LOW,124,2480,temperature,-5.8889,Cooling system,Inspect coolant level and radiator,temperature signal is elevated (SHAP=-5.889),31,Low,2026-06-28 20:56:53
Vehicle_1853,87.50861953087542,67.0,81.35603367161279,17.09106,80.21362020296768,0.0002,0.0%,LOW,124,2480,temperature,-3.7912,Cooling system,Inspect coolant level and radiator,temperature signal is elevated (SHAP=-3.791),31,Low,2026-06-28 20:56:53
Vehicle_1854,89.8365705471069,100.0,92.88559938297482,19.701874,93.73135962978488,0.0003,0.0%,LOW,124,2480,temperature,-3.8265,Cooling system,Inspect coolant level and radiator,temperature signal is elevated (SHAP=-3.826),31,Low,2026-06-28 20:56:53
Vehicle_1855,75.74615797955974,98.53187401445264,82.5818727900276,17.131138,71.25549847690709,0.0005,0.1%,LOW,124,2480,temperature,-5.9307,Cooling system,Inspect coolant level and radiator,temperature signal is elevated (SHAP=-5.931),31,Low,2026-06-28 20:56:53
Vehicle_1856,60.0,71.89523106538711,63.56856931961613,3.1394958,58.5201878048471,0.0011,0.1%,LOW,124,2480,temperature,-6.1508,Cooling system,Inspect coolant level and radiator,temperature signal is elevated (SHAP=-6.151),31,Low,2026-06-28 20:56:53
Vehicle_1857,87.42017702707274,78.75190983738845,84.81969687016745,19.657219,78.64220008957815,0.0002,0.0%,LOW,124,2480,temperature,-3.7912,Cooling system,Inspect coolant level and radiator,temperature signal is elevated (SHAP=-3.791),31,Low,2026-06-28 20:56:53
Vehicle_1858,75.0,95.5651994533596,81.16955983600788,17.470497,79.81477579227665,0.0002,0.0%,LOW,124,2480,temperature,-3.8306,Cooling system,Inspect coolant level and radiator,temperature signal is elevated (SHAP=-3.831),31,Low,2026-06-28 20:56:53
Vehicle_1859,78.1986938923771,95.13079690492826,83.27832479614244,19.392086,70.99315425867113,0.0005,0.1%,LOW,124,2480,temperature,-5.903,Cooling system,Inspect coolant level and radiator,temperature signal is elevated (SHAP=-5.903),31,Low,2026-06-28 20:56:54
Vehicle_1860,60.0,66.62564254181682,61.987692762545045,3.4438312,56.51774416589039,0.0009,0.1%,LOW,124,2480,temperature,-6.0263,Cooling system,Inspect coolant level and radiator,temperature signal is elevated (SHAP=-6.026),31,Low,2026-06-28 20:56:54
Vehicle_1861,61.179418309453055,100.0,72.82559281661713,13.854706,65.69535568997028,0.0005,0.1%,LOW,124,2480,temperature,-6.0665,Cooling system,Inspect coolant level and radiator,temperature signal is elevated (SHAP=-6.066),31,Low,2026-06-28 20:56:54
Vehicle_1862,100.0,65.63721056933706,89.69116317080112,99.69827,86.94214001634808,0.0002,0.0%,LOW,124,2480,temperature,-3.8145,Cooling system,Inspect coolant level and radiator,temperature signal is elevated (SHAP=-3.814),31,Low,2026-06-28 20:56:54
Vehicle_1863,61.58978167055531,63.05132093537766,62.02824345000201,6.2436104,59.82721025707674,0.0032,0.3%,LOW,124,2480,fault_count,-6.1195,ECU fault logs,Review and clear fault codes,fault_count signal is elevated (SHAP=-6.120),31,Low,2026-06-28 20:56:54
Vehicle_1864,60.0,67.0,62.1,1.3866603,56.66,0.0095,0.9%,LOW,123,2460,temperature,-6.4465,Cooling system,Inspect coolant level and radiator,temperature signal is elevated (SHAP=-6.447),30,Low,2026-06-28 20:56:54
Vehicle_1865,80.0,76.94281514265005,79.08284454279502,99.692085,82.83826975420702,0.0002,0.0%,LOW,124,2480,temperature,-3.7995,Cooling system,Inspect coolant level and radiator,temperature signal is elevated (SHAP=-3.800),31,Low,2026-06-28 20:56:54
Vehicle_1866,83.7786975107981,85.83598319718968,84.39588321671556,17.09106,77.80472656946728,0.0002,0.0%,LOW,124,2480,temperature,-3.818,Cooling system,Inspect coolant level and radiator,temperature signal is elevated (SHAP=-3.818),31,Low,2026-06-28 20:56:54
Vehicle_1867,100.0,86.39392978299134,95.9181789348974,99.70513,94.82969331753672,0.0002,0.0%,LOW,124,2480,temperature,-3.8548,Cooling system,Inspect coolant level and radiator,temperature signal is elevated (SHAP=-3.855),31,Low,2026-06-28 20:56:54
Vehicle_1868,69.64428145799917,95.62074272580236,77.43721983834013,16.85328,67.58648044816455,0.0005,0.1%,LOW,124,2480,temperature,-6.0388,Cooling system,Inspect coolant level and radiator,temperature signal is elevated (SHAP=-6.039),31,Low,2026-06-28 20:56:54
Vehicle_1869,85.0,81.21591808006886,83.86477542402065,19.657219,74.56204887042617,0.0002,0.0%,LOW,124,2480,temperature,-3.8183,Cooling system,Inspect coolant level and radiator,temperature signal is elevated (SHAP=-3.818),31,Low,2026-06-28 20:56:54
Vehicle_1870,97.71505005430572,66.50439993518054,88.35185501856816,19.657219,84.311992998177,0.0002,0.0%,LOW,124,2480,temperature,-3.8147,Cooling system,Inspect coolant level and radiator,temperature signal is elevated (SHAP=-3.815),31,Low,2026-06-28 20:56:54
Vehicle_1871,73.84196900441646,99.56010819874486,81.55741076271497,16.85328,78.84646809737795,0.0002,0.0%,LOW,124,2480,temperature,-3.828,Cooling system,Inspect coolant level and radiator,temperature signal is elevated (SHAP=-3.828),31,Low,2026-06-28 20:56:54
Vehicle_1872,86.20159304374884,63.78413326220888,79.47635510928686,17.09106,78.4426397180139,0.0002,0.0%,LOW,124,2480,temperature,-3.784,Cooling system,Inspect coolant level and radiator,temperature signal is elevated (SHAP=-3.784),31,Low,2026-06-28 20:56:54
Vehicle_1873,80.0,82.30376359631016,80.69112907889306,19.657219,68.87543016659787,0.0004,0.0%,LOW,124,2480,temperature,-6.0009,Cooling system,Inspect coolant level and radiator,temperature signal is elevated (SHAP=-6.001),31,Low,2026-06-28 20:56:54
Vehicle_1874,90.91416672044936,100.0,93.63991670431454,20.138336,94.18395002258872,0.0003,0.0%,LOW,124,2480,temperature,-3.829,Cooling system,Inspect coolant level and radiator,temperature signal is elevated (SHAP=-3.829),31,Low,2026-06-28 20:56:54
Vehicle_1875,74.31096077335508,74.49578385608206,74.36640769817316,19.657219,67.51900139012031,0.0002,0.0%,LOW,124,2480,temperature,-3.8962,Cooling system,Inspect coolant level and radiator,temperature signal is elevated (SHAP=-3.896),31,Low,2026-06-28 20:56:54
Vehicle_1876,80.53144055923771,59.406683946414965,74.19401357539088,99.74951,76.39774493451752,0.0002,0.0%,LOW,124,2480,temperature,-3.7387,Cooling system,Inspect coolant level and radiator,temperature signal is elevated (SHAP=-3.739),31,Low,2026-06-28 20:56:54
Vehicle_1877,81.14886475942302,91.96769532369376,84.39451392870423,16.54427,87.03024742196129,0.0002,0.0%,LOW,124,2480,temperature,-3.7995,Cooling system,Inspect coolant level and radiator,temperature signal is elevated (SHAP=-3.800),31,Low,2026-06-28 20:56:54
Vehicle_1878,50.0,96.4218472818277,63.92655418454831,1.3069272,59.64030196709452,0.9997,100.0%,CRITICAL,5,100,temperature,4.6884,Cooling system,Inspect coolant level and radiator,temperature signal is rapidly deteriorating (SHAP=4.688),1,Immediate,2026-06-28 20:56:54
Vehicle_1879,68.75625394669365,81.43743323770869,72.56060773399815,17.09106,73.82385128794063,0.0021,0.2%,LOW,124,2480,fault_count,-6.1142,ECU fault logs,Review and clear fault codes,fault_count signal is elevated (SHAP=-6.114),31,Low,2026-06-28 20:56:54
Vehicle_1880,92.82439039234656,93.01991232365728,92.88304697173976,25.280869,92.33381064777532,0.0002,0.0%,LOW,124,2480,temperature,-3.7568,Cooling system,Inspect coolant level and radiator,temperature signal is elevated (SHAP=-3.757),31,Low,2026-06-28 20:56:54
Vehicle_1881,73.25435985331399,90.77576204859872,78.5107805118994,16.85328,73.26162071685938,0.0002,0.0%,LOW,124,2480,temperature,-3.8146,Cooling system,Inspect coolant level and radiator,temperature signal is elevated (SHAP=-3.815),31,Low,2026-06-28 20:56:54
Vehicle_1882,80.0,100.0,86.0,16.85328,87.6,0.003,0.3%,LOW,124,2480,fault_count,-6.1317,ECU fault logs,Review and clear fault codes,fault_count signal is elevated (SHAP=-6.132),31,Low,2026-06-28 20:56:54
Vehicle_1883,89.1890970778195,89.66696773932613,89.33245827627148,21.355003,81.53286851362812,0.0002,0.0%,LOW,124,2480,temperature,-3.8258,Cooling system,Inspect coolant level and radiator,temperature signal is elevated (SHAP=-3.826),31,Low,2026-06-28 20:56:54
Vehicle_1884,80.0,91.06859429688072,83.32057828906422,19.392086,72.20606583281467,0.0004,0.0%,LOW,124,2480,temperature,-5.9293,Cooling system,Inspect coolant level and radiator,temperature signal is elevated (SHAP=-5.929),31,Low,2026-06-28 20:56:54
Vehicle_1885,78.61963515665254,100.0,85.03374460965676,25.280869,79.02024676579406,0.0002,0.0%,LOW,124,2480,temperature,-3.7583,Cooling system,Inspect coolant level and radiator,temperature signal is elevated (SHAP=-3.758),31,Low,2026-06-28 20:56:54
Vehicle_1886,100.0,82.68876333808143,94.80662900142444,17.09106,89.42173006847094,0.0002,0.0%,LOW,124,2480,temperature,-3.8255,Cooling system,Inspect coolant level and radiator,temperature signal is elevated (SHAP=-3.825),31,Low,2026-06-28 20:56:54
Vehicle_1887,96.45390820520932,59.34563237394004,85.32142545582852,17.961098,79.06198174828512,0.0002,0.0%,LOW,124,2480,temperature,-3.7771,Cooling system,Inspect coolant level and radiator,temperature signal is elevated (SHAP=-3.777),31,Low,2026-06-28 20:56:54
Vehicle_1888,98.40174263428226,87.45588445508577,95.1179851805233,17.09106,90.56196799933112,0.0002,0.0%,LOW,124,2480,temperature,-3.8055,Cooling system,Inspect coolant level and radiator,temperature signal is elevated (SHAP=-3.805),31,Low,2026-06-28 20:56:54
Vehicle_1889,83.22439448787996,72.73565950162885,80.07777399200462,21.639776,70.59379629552855,0.0002,0.0%,LOW,124,2480,temperature,-3.831,Cooling system,Inspect coolant level and radiator,temperature signal is elevated (SHAP=-3.831),31,Low,2026-06-28 20:56:54
Vehicle_1890,78.71425326567211,97.7072777307948,84.41216060520891,19.392086,78.1887519092843,0.0002,0.0%,LOW,124,2480,temperature,-3.7965,Cooling system,Inspect coolant level and radiator,temperature signal is elevated (SHAP=-3.796),31,Low,2026-06-28 20:56:54
Vehicle_1891,60.82793138770332,90.14924165047046,69.62432446653345,18.930126,69.80444301001417,0.0002,0.0%,LOW,124,2480,temperature,-3.8,Cooling system,Inspect coolant level and radiator,temperature signal is elevated (SHAP=-3.800),31,Low,2026-06-28 20:56:54
Vehicle_1892,86.07558423233633,67.85150934327513,80.60836176561796,19.657219,75.9353189280258,0.0002,0.0%,LOW,124,2480,temperature,-3.787,Cooling system,Inspect coolant level and radiator,temperature signal is elevated (SHAP=-3.787),31,Low,2026-06-28 20:56:54
Vehicle_1893,78.02737626653865,90.78690745307188,81.85523562249861,99.685814,87.27052286411354,0.0002,0.0%,LOW,124,2480,temperature,-3.7953,Cooling system,Inspect coolant level and radiator,temperature signal is elevated (SHAP=-3.795),31,Low,2026-06-28 20:56:54
Vehicle_1894,74.64768487591701,100.0,82.2533794131419,20.138336,73.35202764788514,0.0005,0.1%,LOW,124,2480,temperature,-5.9212,Cooling system,Inspect coolant level and radiator,temperature signal is elevated (SHAP=-5.921),31,Low,2026-06-28 20:56:54
Vehicle_1895,85.0,40.60607944113853,71.68182383234155,7.0988297,59.13031018763264,0.0002,0.0%,LOW,124,2480,temperature,-3.9644,Cooling system,Inspect coolant level and radiator,temperature signal is elevated (SHAP=-3.964),31,Low,2026-06-28 20:56:54
Vehicle_1896,66.6360352316812,87.71167163224601,72.95872615185064,19.392086,69.31757001755959,0.0002,0.0%,LOW,124,2480,temperature,-3.7995,Cooling system,Inspect coolant level and radiator,temperature signal is elevated (SHAP=-3.800),31,Low,2026-06-28 20:56:54
Vehicle_1897,87.16505168992069,85.3565019193871,86.6224867587606,19.657219,87.04479243913377,0.0002,0.0%,LOW,124,2480,temperature,-3.7995,Cooling system,Inspect coolant level and radiator,temperature signal is elevated (SHAP=-3.800),31,Low,2026-06-28 20:56:54
Vehicle_1898,96.40943731063484,80.23787458447721,91.55796849278757,17.09106,86.98235601256798,0.0002,0.0%,LOW,124,2480,temperature,-3.8255,Cooling system,Inspect coolant level and radiator,temperature signal is elevated (SHAP=-3.825),31,Low,2026-06-28 20:56:54
Vehicle_1899,80.0,95.8407295745636,84.75221887236907,23.994816,84.01947723833416,0.0002,0.0%,LOW,124,2480,temperature,-3.7219,Cooling system,Inspect coolant level and radiator,temperature signal is elevated (SHAP=-3.722),31,Low,2026-06-28 20:56:54
Vehicle_1900,77.09504572746118,65.06453648072414,73.48589295344007,13.860589,67.10444306820887,0.0002,0.0%,LOW,124,2480,temperature,-3.8883,Cooling system,Inspect coolant level and radiator,temperature signal is elevated (SHAP=-3.888),31,Low,2026-06-28 20:56:54
Vehicle_1901,80.0,98.89164392909171,85.66749317872751,15.603429,77.17882469305485,0.0004,0.0%,LOW,124,2480,temperature,-5.8108,Cooling system,Inspect coolant level and radiator,temperature signal is elevated (SHAP=-5.811),31,Low,2026-06-28 20:56:54
Vehicle_1902,60.0,75.63263890035043,64.68979167010512,1.0204494,57.94040278213316,0.0143,1.4%,LOW,123,2460,temperature,-6.5949,Cooling system,Inspect coolant level and radiator,temperature signal is elevated (SHAP=-6.595),30,Low,2026-06-28 20:56:54
Vehicle_1903,49.19417234458133,67.0,54.53592064120693,2.3101926,56.12155238472416,0.0005,0.1%,LOW,124,2480,temperature,-4.2372,Cooling system,Inspect coolant level and radiator,temperature signal is elevated (SHAP=-4.237),31,Low,2026-06-28 20:56:54
Vehicle_1904,100.0,76.94902746422875,93.08470823926862,17.055447,85.24063043640692,0.0002,0.0%,LOW,124,2480,temperature,-3.8219,Cooling system,Inspect coolant level and radiator,temperature signal is elevated (SHAP=-3.822),31,Low,2026-06-28 20:56:54
Vehicle_1905,66.23869780088786,83.40233581553629,71.38778920528239,16.066832,71.5131406862767,0.0002,0.0%,LOW,124,2480,temperature,-3.7915,Cooling system,Inspect coolant level and radiator,temperature signal is elevated (SHAP=-3.792),31,Low,2026-06-28 20:56:54
Vehicle_1906,80.0,100.0,86.0,21.156872,77.6,0.0004,0.0%,LOW,124,2480,temperature,-5.8379,Cooling system,Inspect coolant level and radiator,temperature signal is elevated (SHAP=-5.838),31,Low,2026-06-28 20:56:54
Vehicle_1907,81.7229936636256,100.0,87.20609556453792,19.392086,86.32365733872274,0.0003,0.0%,LOW,124,2480,temperature,-3.829,Cooling system,Inspect coolant level and radiator,temperature signal is elevated (SHAP=-3.829),31,Low,2026-06-28 20:56:54
Vehicle_1908,89.85183474712431,86.91372297951148,88.97040121684046,17.09106,82.76498532600657,0.0002,0.0%,LOW,124,2480,temperature,-3.8233,Cooling system,Inspect coolant level and radiator,temperature signal is elevated (SHAP=-3.823),31,Low,2026-06-28 20:56:54
Vehicle_1909,55.02557948380388,76.23817013292721,61.38935667854088,2.6034534,58.08124803370997,0.0009,0.1%,LOW,124,2480,temperature,-6.2663,Cooling system,Inspect coolant level and radiator,temperature signal is elevated (SHAP=-6.266),31,Low,2026-06-28 20:56:54
Vehicle_1910,71.01639847992834,86.04578906704452,75.5252156560632,13.355881,72.52428720704683,0.0003,0.0%,LOW,124,2480,temperature,-3.8009,Cooling system,Inspect coolant level and radiator,temperature signal is elevated (SHAP=-3.801),31,Low,2026-06-28 20:56:54
Vehicle_1911,95.0,100.0,96.5,14.993679,89.9,0.0003,0.0%,LOW,124,2480,temperature,-3.8352,Cooling system,Inspect coolant level and radiator,temperature signal is elevated (SHAP=-3.835),31,Low,2026-06-28 20:56:54
Vehicle_1912,74.70537876671648,69.60544780253501,73.17539947746204,12.517923,63.82632924698423,0.0004,0.0%,LOW,124,2480,temperature,-5.9701,Cooling system,Inspect coolant level and radiator,temperature signal is elevated (SHAP=-5.970),31,Low,2026-06-28 20:56:54
Vehicle_1913,93.44423685406124,85.90243392080131,91.18169597408324,17.393625,87.88950436861022,0.0002,0.0%,LOW,124,2480,temperature,-3.801,Cooling system,Inspect coolant level and radiator,temperature signal is elevated (SHAP=-3.801),31,Low,2026-06-28 20:56:54
Vehicle_1914,88.30984447573417,100.0,91.81689113301393,99.69315,95.09013467980834,0.0002,0.0%,LOW,124,2480,temperature,-3.8247,Cooling system,Inspect coolant level and radiator,temperature signal is elevated (SHAP=-3.825),31,Low,2026-06-28 20:56:55
Vehicle_1915,40.0,91.75783727504763,55.527351182514295,1.2520909,57.6679781645181,0.0059,0.6%,LOW,124,2480,temperature,-6.4163,Cooling system,Inspect coolant level and radiator,temperature signal is elevated (SHAP=-6.416),31,Low,2026-06-28 20:56:55
Vehicle_1916,75.0,93.86375106143475,80.65912531843043,25.186867,79.1682254033452,0.0002,0.0%,LOW,124,2480,temperature,-3.7374,Cooling system,Inspect coolant level and radiator,temperature signal is elevated (SHAP=-3.737),31,Low,2026-06-28 20:56:55
Vehicle_1917,100.0,67.0,90.1,19.30874,81.46,0.0002,0.0%,LOW,124,2480,temperature,-3.8088,Cooling system,Inspect coolant level and radiator,temperature signal is elevated (SHAP=-3.809),31,Low,2026-06-28 20:56:55
Vehicle_1918,65.27443325708047,100.0,75.69210327995633,99.689606,85.4152619679738,0.0002,0.0%,LOW,124,2480,temperature,-3.7417,Cooling system,Inspect coolant level and radiator,temperature signal is elevated (SHAP=-3.742),31,Low,2026-06-28 20:56:55
Vehicle_1919,80.0,87.45320672605524,82.23596201781658,13.129557,68.832218555901,0.0004,0.0%,LOW,124,2480,temperature,-6.034,Cooling system,Inspect coolant level and radiator,temperature signal is elevated (SHAP=-6.034),31,Low,2026-06-28 20:56:55
Vehicle_1920,80.0,99.41885122465868,85.8256553673976,19.352795,77.3791634653703,0.0004,0.0%,LOW,124,2480,temperature,-5.8186,Cooling system,Inspect coolant level and radiator,temperature signal is elevated (SHAP=-5.819),31,Low,2026-06-28 20:56:55
Vehicle_1921,100.0,95.62937604677624,98.68881281403289,20.8457,94.33916289777495,0.0002,0.0%,LOW,124,2480,temperature,-3.8344,Cooling system,Inspect coolant level and radiator,temperature signal is elevated (SHAP=-3.834),31,Low,2026-06-28 20:56:55
Vehicle_1922,65.0,75.9684515823348,68.29053547470043,10.334224,64.16801160128722,0.0002,0.0%,LOW,124,2480,temperature,-3.9859,Cooling system,Inspect coolant level and radiator,temperature signal is elevated (SHAP=-3.986),31,Low,2026-06-28 20:56:55
Vehicle_1923,76.3142529063415,90.9957260542997,80.71869485072895,19.392086,78.63036212129731,0.0002,0.0%,LOW,124,2480,temperature,-3.7953,Cooling system,Inspect coolant level and radiator,temperature signal is elevated (SHAP=-3.795),31,Low,2026-06-28 20:56:55
Vehicle_1924,80.0,86.78942574365843,82.03682772309753,17.715132,80.57998178259021,0.0002,0.0%,LOW,124,2480,temperature,-3.8192,Cooling system,Inspect coolant level and radiator,temperature signal is elevated (SHAP=-3.819),31,Low,2026-06-28 20:56:55
Vehicle_1925,91.71601729829828,73.1245251894045,86.13856966563014,21.666563,80.30804683725898,0.0002,0.0%,LOW,124,2480,temperature,-3.7534,Cooling system,Inspect coolant level and radiator,temperature signal is elevated (SHAP=-3.753),31,Low,2026-06-28 20:56:55
Vehicle_1926,100.0,65.74025866281764,89.72207759884529,99.69827,86.9812982918707,0.0002,0.0%,LOW,124,2480,temperature,-3.8131,Cooling system,Inspect coolant level and radiator,temperature signal is elevated (SHAP=-3.813),31,Low,2026-06-28 20:56:55
Vehicle_1927,60.0,100.0,72.0,6.062019,65.19999999999999,0.0006,0.1%,LOW,124,2480,temperature,-5.9849,Cooling system,Inspect coolant level and radiator,temperature signal is elevated (SHAP=-5.985),31,Low,2026-06-28 20:56:55
Vehicle_1928,65.87771034286922,78.40140883895799,69.63481989169586,9.128296,59.46117370280911,0.0004,0.0%,LOW,124,2480,temperature,-6.0568,Cooling system,Inspect coolant level and radiator,temperature signal is elevated (SHAP=-6.057),31,Low,2026-06-28 20:56:55
Vehicle_1929,49.59191099526167,57.272261848205055,51.89601625114469,1.7396748,46.592062120327824,0.0132,1.3%,LOW,123,2460,temperature,-6.5077,Cooling system,Inspect coolant level and radiator,temperature signal is elevated (SHAP=-6.508),30,Low,2026-06-28 20:56:55
Vehicle_1930,78.82194379228838,74.88298498664712,77.640256150596,24.714924,75.56075068768703,0.0002,0.0%,LOW,124,2480,temperature,-3.7346,Cooling system,Inspect coolant level and radiator,temperature signal is elevated (SHAP=-3.735),31,Low,2026-06-28 20:56:55
Vehicle_1931,74.64963020102397,96.4249842593892,81.18223641853353,19.783419,69.99433870299796,0.0005,0.1%,LOW,124,2480,temperature,-5.8975,Cooling system,Inspect coolant level and radiator,temperature signal is elevated (SHAP=-5.897),31,Low,2026-06-28 20:56:55
Vehicle_1932,91.89695353037796,90.15743974893496,91.37509939594509,24.402285,88.85654758735404,0.0002,0.0%,LOW,124,2480,temperature,-3.7621,Cooling system,Inspect coolant level and radiator,temperature signal is elevated (SHAP=-3.762),31,Low,2026-06-28 20:56:55
Vehicle_1933,80.0,65.55503787094285,75.66651136128286,14.256514,62.51091439095829,0.0004,0.0%,LOW,124,2480,temperature,-6.0847,Cooling system,Inspect coolant level and radiator,temperature signal is elevated (SHAP=-6.085),31,Low,2026-06-28 20:56:55
Vehicle_1934,80.0,85.41967693963096,81.62590308188929,20.351988,84.05947723705977,0.0002,0.0%,LOW,124,2480,temperature,-3.7995,Cooling system,Inspect coolant level and radiator,temperature signal is elevated (SHAP=-3.800),31,Low,2026-06-28 20:56:55
Vehicle_1935,100.0,100.0,100.0,20.138336,94.0,0.0003,0.0%,LOW,124,2480,temperature,-3.8482,Cooling system,Inspect coolant level and radiator,temperature signal is elevated (SHAP=-3.848),31,Low,2026-06-28 20:56:55
Vehicle_1936,70.0,84.30362142959927,74.29108642887978,17.09106,71.43537614324772,0.0023,0.2%,LOW,124,2480,fault_count,-6.1575,ECU fault logs,Review and clear fault codes,fault_count signal is elevated (SHAP=-6.157),31,Low,2026-06-28 20:56:55
Vehicle_1937,60.0,82.82347108582697,66.8470413257481,2.0484626,58.67291901261424,0.0023,0.2%,LOW,124,2480,temperature,-6.4319,Cooling system,Inspect coolant level and radiator,temperature signal is elevated (SHAP=-6.432),31,Low,2026-06-28 20:56:55
Vehicle_1938,100.0,66.0,89.8,18.207146,83.08,0.0002,0.0%,LOW,124,2480,temperature,-3.8143,Cooling system,Inspect coolant level and radiator,temperature signal is elevated (SHAP=-3.814),31,Low,2026-06-28 20:56:55
Vehicle_1939,95.0,100.0,96.5,16.165585,89.9,0.0003,0.0%,LOW,124,2480,temperature,-3.831,Cooling system,Inspect coolant level and radiator,temperature signal is elevated (SHAP=-3.831),31,Low,2026-06-28 20:56:55
Vehicle_1940,80.0,100.0,86.0,19.783419,75.6,0.0005,0.1%,LOW,124,2480,temperature,-5.9391,Cooling system,Inspect coolant level and radiator,temperature signal is elevated (SHAP=-5.939),31,Low,2026-06-28 20:56:55
Vehicle_1941,95.0,67.0,86.6,19.30874,77.36,0.0002,0.0%,LOW,124,2480,temperature,-3.8108,Cooling system,Inspect coolant level and radiator,temperature signal is elevated (SHAP=-3.811),31,Low,2026-06-28 20:56:55
Vehicle_1942,85.0,100.0,89.5,17.713797,81.69999999999999,0.0003,0.0%,LOW,124,2480,temperature,-3.8382,Cooling system,Inspect coolant level and radiator,temperature signal is elevated (SHAP=-3.838),31,Low,2026-06-28 20:56:55
Vehicle_1943,78.96632043706143,100.0,85.276424305943,25.280869,83.16585458356579,0.0002,0.0%,LOW,124,2480,temperature,-3.7394,Cooling system,Inspect coolant level and radiator,temperature signal is elevated (SHAP=-3.739),31,Low,2026-06-28 20:56:55
Vehicle_1944,100.0,100.0,100.0,99.69838,100.0,0.0003,0.0%,LOW,124,2480,temperature,-3.8448,Cooling system,Inspect coolant level and radiator,temperature signal is elevated (SHAP=-3.845),31,Low,2026-06-28 20:56:55
Vehicle_1945,100.0,45.84162049222434,83.7524861476673,20.351988,75.41981578704525,0.0002,0.0%,LOW,124,2480,temperature,-3.8034,Cooling system,Inspect coolant level and radiator,temperature signal is elevated (SHAP=-3.803),31,Low,2026-06-28 20:56:55
Vehicle_1946,71.84672705057959,67.0,70.39270893540571,20.624887,65.63562536124343,0.0002,0.0%,LOW,124,2480,temperature,-3.8938,Cooling system,Inspect coolant level and radiator,temperature signal is elevated (SHAP=-3.894),31,Low,2026-06-28 20:56:55
Vehicle_1947,100.0,91.86910453596543,97.56073136078965,99.69315,96.91025972366688,0.0002,0.0%,LOW,124,2480,temperature,-3.8258,Cooling system,Inspect coolant level and radiator,temperature signal is elevated (SHAP=-3.826),31,Low,2026-06-28 20:56:55
Vehicle_1948,60.0,87.20635655900684,68.16190696770205,8.839691,74.3384154924226,0.0002,0.0%,LOW,124,2480,temperature,-3.7119,Cooling system,Inspect coolant level and radiator,temperature signal is elevated (SHAP=-3.712),31,Low,2026-06-28 20:56:55
Vehicle_1949,80.0,71.93041114043113,77.57912334212934,12.050134,62.93355623336383,0.0005,0.1%,LOW,124,2480,temperature,-6.0944,Cooling system,Inspect coolant level and radiator,temperature signal is elevated (SHAP=-6.094),31,Low,2026-06-28 20:56:55
Vehicle_1950,57.753176816123776,100.0,70.42722377128663,99.45533,82.25633426277199,0.0031,0.3%,LOW,124,2480,fault_count,-6.2953,ECU fault logs,Review and clear fault codes,fault_count signal is elevated (SHAP=-6.295),31,Low,2026-06-28 20:56:55
Vehicle_1951,100.0,90.30964660948835,97.0928939828465,16.54427,92.31766571160556,0.0002,0.0%,LOW,124,2480,temperature,-3.789,Cooling system,Inspect coolant level and radiator,temperature signal is elevated (SHAP=-3.789),31,Low,2026-06-28 20:56:55
Vehicle_1952,85.0,87.77831724409,85.83349517322699,19.047188,77.0557605527542,0.0002,0.0%,LOW,124,2480,temperature,-3.8213,Cooling system,Inspect coolant level and radiator,temperature signal is elevated (SHAP=-3.821),31,Low,2026-06-28 20:56:55
Vehicle_1953,90.0,100.0,93.0,20.138336,85.8,0.0002,0.0%,LOW,124,2480,temperature,-3.8211,Cooling system,Inspect coolant level and radiator,temperature signal is elevated (SHAP=-3.821),31,Low,2026-06-28 20:56:55
Vehicle_1954,100.0,87.52057701607383,96.25617310482215,19.657219,91.25781926610806,0.0002,0.0%,LOW,124,2480,temperature,-3.7966,Cooling system,Inspect coolant level and radiator,temperature signal is elevated (SHAP=-3.797),31,Low,2026-06-28 20:56:55
Vehicle_1955,100.0,86.14029533520298,95.84208860056088,99.68493,94.73331222737713,0.0002,0.0%,LOW,124,2480,temperature,-3.8296,Cooling system,Inspect coolant level and radiator,temperature signal is elevated (SHAP=-3.830),31,Low,2026-06-28 20:56:55
Vehicle_1956,60.0,100.0,72.0,6.465477,67.19999999999999,0.0006,0.1%,LOW,124,2480,temperature,-6.0676,Cooling system,Inspect coolant level and radiator,temperature signal is elevated (SHAP=-6.068),31,Low,2026-06-28 20:56:55
Vehicle_1957,72.75811469446043,100.0,80.9306802861223,19.392086,78.55840817167338,0.0003,0.0%,LOW,124,2480,temperature,-3.8155,Cooling system,Inspect coolant level and radiator,temperature signal is elevated (SHAP=-3.816),31,Low,2026-06-28 20:56:55
Vehicle_1958,89.8514391917441,79.52486811355692,86.75346786828794,18.95005,77.95705434368415,0.0002,0.0%,LOW,124,2480,temperature,-3.8465,Cooling system,Inspect coolant level and radiator,temperature signal is elevated (SHAP=-3.846),31,Low,2026-06-28 20:56:55
Vehicle_1959,100.0,88.97420974002885,96.69226292200864,99.671844,95.81019970121096,0.0002,0.0%,LOW,124,2480,temperature,-3.7832,Cooling system,Inspect coolant level and radiator,temperature signal is elevated (SHAP=-3.783),31,Low,2026-06-28 20:56:55
Vehicle_1960,100.0,67.0,90.1,19.657219,83.46,0.0002,0.0%,LOW,124,2480,temperature,-3.7882,Cooling system,Inspect coolant level and radiator,temperature signal is elevated (SHAP=-3.788),31,Low,2026-06-28 20:56:55
Vehicle_1961,87.02085319778789,89.30459957451798,87.70597711080691,99.75105,90.48450618138774,0.0002,0.0%,LOW,124,2480,temperature,-3.7621,Cooling system,Inspect coolant level and radiator,temperature signal is elevated (SHAP=-3.762),31,Low,2026-06-28 20:56:55
Vehicle_1962,60.0,79.2433297908287,65.77299893724862,5.413449,57.31246532051491,0.0004,0.0%,LOW,124,2480,temperature,-5.9713,Cooling system,Inspect coolant level and radiator,temperature signal is elevated (SHAP=-5.971),31,Low,2026-06-28 20:56:55
Vehicle_1963,80.0,89.6095371863253,82.88286115589759,19.047188,73.65162413080361,0.0003,0.0%,LOW,124,2480,temperature,-5.8047,Cooling system,Inspect coolant level and radiator,temperature signal is elevated (SHAP=-5.805),31,Low,2026-06-28 20:56:55
Vehicle_1964,90.0,71.24226332314504,84.3726789969435,16.77857,74.87206006279511,0.0002,0.0%,LOW,124,2480,temperature,-3.7966,Cooling system,Inspect coolant level and radiator,temperature signal is elevated (SHAP=-3.797),31,Low,2026-06-28 20:56:55
Vehicle_1965,84.47782447292758,91.4077923848176,86.55681484649458,19.047188,78.21564738486026,0.0002,0.0%,LOW,124,2480,temperature,-3.813,Cooling system,Inspect coolant level and radiator,temperature signal is elevated (SHAP=-3.813),31,Low,2026-06-28 20:56:55
Vehicle_1966,95.4471839450866,74.60195211767915,89.19361439686436,19.30874,86.43655906165445,0.0002,0.0%,LOW,124,2480,temperature,-3.8,Cooling system,Inspect coolant level and radiator,temperature signal is elevated (SHAP=-3.800),31,Low,2026-06-28 20:56:55
Vehicle_1967,76.12544514331253,70.61816229414677,74.4732602885628,9.547502,60.80758863196704,0.0004,0.0%,LOW,124,2480,temperature,-6.0568,Cooling system,Inspect coolant level and radiator,temperature signal is elevated (SHAP=-6.057),31,Low,2026-06-28 20:56:55
Vehicle_1968,84.93400428059762,89.8410392144801,86.40611476076236,17.131138,79.81187669935343,0.0003,0.0%,LOW,124,2480,temperature,-3.8172,Cooling system,Inspect coolant level and radiator,temperature signal is elevated (SHAP=-3.817),31,Low,2026-06-28 20:56:55
Vehicle_1969,90.0,75.75064937943375,85.72519481383011,19.657219,76.58524676418482,0.0002,0.0%,LOW,124,2480,temperature,-3.8049,Cooling system,Inspect coolant level and radiator,temperature signal is elevated (SHAP=-3.805),31,Low,2026-06-28 20:56:55
Vehicle_1970,61.270375307966205,91.75547181672984,70.4159042605953,13.46395,62.60063691970315,0.0004,0.0%,LOW,124,2480,temperature,-6.062,Cooling system,Inspect coolant level and radiator,temperature signal is elevated (SHAP=-6.062),31,Low,2026-06-28 20:56:55
Vehicle_1971,81.01859684913107,66.0,76.51301779439174,99.7271,79.10781067663504,0.0002,0.0%,LOW,124,2480,temperature,-3.7925,Cooling system,Inspect coolant level and radiator,temperature signal is elevated (SHAP=-3.792),31,Low,2026-06-28 20:56:56
Vehicle_1972,95.0,100.0,96.5,20.8457,89.9,0.0002,0.0%,LOW,124,2480,temperature,-3.836,Cooling system,Inspect coolant level and radiator,temperature signal is elevated (SHAP=-3.836),31,Low,2026-06-28 20:56:56
Vehicle_1973,100.0,100.0,100.0,99.67958,100.0,0.0003,0.0%,LOW,124,2480,temperature,-3.831,Cooling system,Inspect coolant level and radiator,temperature signal is elevated (SHAP=-3.831),31,Low,2026-06-28 20:56:56
Vehicle_1974,65.0,96.74729748927535,74.52418924678261,16.85328,76.06397304592464,0.0027,0.3%,LOW,124,2480,fault_count,-6.1555,ECU fault logs,Review and clear fault codes,fault_count signal is elevated (SHAP=-6.155),31,Low,2026-06-28 20:56:56
Vehicle_1975,100.0,100.0,100.0,20.138336,96.0,0.0003,0.0%,LOW,124,2480,temperature,-3.8097,Cooling system,Inspect coolant level and radiator,temperature signal is elevated (SHAP=-3.810),31,Low,2026-06-28 20:56:56
Vehicle_1976,81.90429320833937,100.0,87.33300524583755,16.85328,84.39980314750252,0.0003,0.0%,LOW,124,2480,temperature,-3.8586,Cooling system,Inspect coolant level and radiator,temperature signal is elevated (SHAP=-3.859),31,Low,2026-06-28 20:56:56
Vehicle_1977,80.0,98.76287280092367,85.6288618402771,20.138336,77.12989166435099,0.0004,0.0%,LOW,124,2480,temperature,-5.8186,Cooling system,Inspect coolant level and radiator,temperature signal is elevated (SHAP=-5.819),31,Low,2026-06-28 20:56:56
Vehicle_1978,100.0,57.121930862533546,87.13657925876007,17.09106,79.70633372776274,0.0002,0.0%,LOW,124,2480,temperature,-3.8061,Cooling system,Inspect coolant level and radiator,temperature signal is elevated (SHAP=-3.806),31,Low,2026-06-28 20:56:56
Vehicle_1979,80.0,83.02920209852344,80.90876062955704,99.692085,85.15109679743891,0.0026,0.3%,LOW,124,2480,fault_count,-6.1316,ECU fault logs,Review and clear fault codes,fault_count signal is elevated (SHAP=-6.132),31,Low,2026-06-28 20:56:56
Vehicle_1980,84.29244363966173,100.0,89.00471054776321,24.402285,91.40282632865792,0.0002,0.0%,LOW,124,2480,temperature,-3.7681,Cooling system,Inspect coolant level and radiator,temperature signal is elevated (SHAP=-3.768),31,Low,2026-06-28 20:56:56
Vehicle_1981,60.0,81.40291709379485,66.42087512813845,3.189218,62.13310849564204,0.0005,0.1%,LOW,124,2480,temperature,-6.0336,Cooling system,Inspect coolant level and radiator,temperature signal is elevated (SHAP=-6.034),31,Low,2026-06-28 20:56:56
Vehicle_1982,70.0,100.0,79.0,19.137293,77.4,0.0002,0.0%,LOW,124,2480,temperature,-3.7573,Cooling system,Inspect coolant level and radiator,temperature signal is elevated (SHAP=-3.757),31,Low,2026-06-28 20:56:56
Vehicle_1983,80.0,90.70753283525389,83.21225985057616,13.244349,70.06886247739646,0.0004,0.0%,LOW,124,2480,temperature,-5.9046,Cooling system,Inspect coolant level and radiator,temperature signal is elevated (SHAP=-5.905),31,Low,2026-06-28 20:56:56
Vehicle_1984,47.17390642887058,93.15660472743068,60.968715918438605,2.2724092,59.2125504965493,0.0041,0.4%,LOW,124,2480,temperature,-6.4122,Cooling system,Inspect coolant level and radiator,temperature signal is elevated (SHAP=-6.412),31,Low,2026-06-28 20:56:56
Vehicle_1985,93.4909687712979,100.0,95.44367813990851,19.137293,95.26620688394512,0.0002,0.0%,LOW,124,2480,temperature,-3.752,Cooling system,Inspect coolant level and radiator,temperature signal is elevated (SHAP=-3.752),31,Low,2026-06-28 20:56:56
Vehicle_1986,80.0,88.7329766943967,82.61989300831901,15.555536,73.31853114387074,0.0003,0.0%,LOW,124,2480,temperature,-5.7803,Cooling system,Inspect coolant level and radiator,temperature signal is elevated (SHAP=-5.780),31,Low,2026-06-28 20:56:56
Vehicle_1987,93.02467770169358,94.6585710895151,93.51484571804004,99.66449,95.04062164872704,0.0002,0.0%,LOW,124,2480,temperature,-3.7995,Cooling system,Inspect coolant level and radiator,temperature signal is elevated (SHAP=-3.800),31,Low,2026-06-28 20:56:56
Vehicle_1988,100.0,97.61171328073785,99.28351398422134,99.671844,99.09245104668037,0.0003,0.0%,LOW,124,2480,temperature,-3.8394,Cooling system,Inspect coolant level and radiator,temperature signal is elevated (SHAP=-3.839),31,Low,2026-06-28 20:56:56
Vehicle_1989,80.0,33.45753483874417,66.03726045162325,6.3518047,52.31386323872279,0.0004,0.0%,LOW,124,2480,temperature,-5.9084,Cooling system,Inspect coolant level and radiator,temperature signal is elevated (SHAP=-5.908),31,Low,2026-06-28 20:56:56
Vehicle_1990,93.2065016241004,87.04258032060542,91.3573252330519,20.411087,84.22291120395222,0.0002,0.0%,LOW,124,2480,temperature,-3.7995,Cooling system,Inspect coolant level and radiator,temperature signal is elevated (SHAP=-3.800),31,Low,2026-06-28 20:56:56
Vehicle_1991,78.27824921733313,100.0,84.79477445213318,16.85328,72.87686467127992,0.0005,0.1%,LOW,124,2480,temperature,-5.9202,Cooling system,Inspect coolant level and radiator,temperature signal is elevated (SHAP=-5.920),31,Low,2026-06-28 20:56:56
Vehicle_1992,68.82163479227513,92.83240244765284,76.02486508888845,99.74547,84.18139954286363,0.0002,0.0%,LOW,124,2480,temperature,-3.7171,Cooling system,Inspect coolant level and radiator,temperature signal is elevated (SHAP=-3.717),31,Low,2026-06-28 20:56:56
Vehicle_1993,90.0,100.0,93.0,19.047188,85.8,0.0003,0.0%,LOW,124,2480,temperature,-3.8462,Cooling system,Inspect coolant level and radiator,temperature signal is elevated (SHAP=-3.846),31,Low,2026-06-28 20:56:56
Vehicle_1994,62.26486913220879,67.0,63.68540839254615,10.343731,65.61124503552769,0.0002,0.0%,LOW,124,2480,temperature,-3.8793,Cooling system,Inspect coolant level and radiator,temperature signal is elevated (SHAP=-3.879),31,Low,2026-06-28 20:56:56
Vehicle_1995,80.0,67.0,76.1,6.121242,61.06,0.0004,0.0%,LOW,124,2480,temperature,-6.0971,Cooling system,Inspect coolant level and radiator,temperature signal is elevated (SHAP=-6.097),31,Low,2026-06-28 20:56:56
Vehicle_1996,83.2396718790273,100.0,88.2677703153191,13.631678,80.96066218919145,0.0003,0.0%,LOW,124,2480,temperature,-3.79,Cooling system,Inspect coolant level and radiator,temperature signal is elevated (SHAP=-3.790),31,Low,2026-06-28 20:56:56
Vehicle_1997,80.0,100.0,86.0,16.85328,77.6,0.0004,0.0%,LOW,124,2480,temperature,-5.8186,Cooling system,Inspect coolant level and radiator,temperature signal is elevated (SHAP=-5.819),31,Low,2026-06-28 20:56:56
Vehicle_1998,100.0,88.56137488727472,96.56841246618242,19.392086,91.6533224571644,0.0002,0.0%,LOW,124,2480,temperature,-3.8046,Cooling system,Inspect coolant level and radiator,temperature signal is elevated (SHAP=-3.805),31,Low,2026-06-28 20:56:56
Vehicle_1999,67.58939062727826,98.35650760075448,76.81952571932112,25.280869,69.76301695174357,0.0004,0.0%,LOW,124,2480,temperature,-5.8304,Cooling system,Inspect coolant level and radiator,temperature signal is elevated (SHAP=-5.830),31,Low,2026-06-28 20:56:56
Vehicle_2000,20.695272231369543,100.0,44.48669056195868,1.9827545,50.69201433717521,0.9994,99.9%,CRITICAL,5,100,temperature,4.624,Cooling system,Inspect coolant level and radiator,temperature signal is rapidly deteriorating (SHAP=4.624),1,Immediate,2026-06-28 20:56:56
